{
  "dm:com_dir_1": {
    "textures": "dm_com_dir_1",
    "sound": "dirt"
  },
  "dm:com_cob_1": {
    "textures": "dm_com_cob_1",
    "sound": "deepslate"
  },
  "dm:com_cob_dep_1": {
    "textures": "dm_com_cob_dep_1",
    "sound": "cobblestone"
  },
  "dm:com_sand_1": {
    "textures": "dm_com_sand_1",
    "sound": "sand"
  },
  "dm:com_net_1": {
    "textures": "dm_com_net_1",
    "sound": "netherrack"
  },
  "dm:com_gra_1": {
    "textures": "dm_com_gra_1",
    "sound": "gravel"
  },
  "dm:com_cop_1": {
    "textures": "dm_com_cop_1",
    "sound": "copper_block"
  },
  "dm:com_oak_1": {
    "textures": {
      "up": "dm_com_oak_top_1",
      "down": "dm_com_oak_top_1",
      "side": "dm_com_oak_side_1"
    },
    "sound": "wood"
  },
  "dm:com_bir_1": {
    "textures": {
      "up": "dm_com_bir_top_1",
      "down": "dm_com_bir_top_1",
      "side": "dm_com_bir_side_1"
    },
    "sound": "wood"
  },
  "dm:com_spr_1": {
    "textures": {
      "up": "dm_com_spr_top_1",
      "down": "dm_com_spr_top_1",
      "side": "dm_com_spr_side_1"
    },
    "sound": "wood"
  },
  "dm:com_dior_1": {
    "textures": "dm_com_dior_1",
    "sound": "stone"
  },
  "dm:com_ande_1": {
    "textures": "dm_com_ande_1",
    "sound": "stone"
  },
  "dm:com_gran_1": {
    "textures": "dm_com_gran_1",
    "sound": "stone"
  },
  "dm:com_ston_1": {
    "textures": "dm_com_ston_1",
    "sound": "stone"
  },
  "format_version": [
    1,
    1,
    0
  ]
}