{
	"resource_pack_name": "vanilla",
	"texture_name": "atlas.items",
	"texture_data": {
		"spawn_bmp2d": { "textures": "textures/items/spawn_bmp2d" },
		"poyas_a": { "textures": "textures/items/armor/poyas_a" },
		"afganka": { "textures": "textures/items/armor/afganka" },
		"ssh68": { "textures": "textures/items/armor/ssh68" },
		"6b2": { "textures": "textures/items/armor/6b2" },
		"6b3": { "textures": "textures/items/armor/6b3" },
		"rpg7v": { "textures": "textures/items/gun/rpg7v" },
		"rpg7v_pgo7v": { "textures": "textures/items/gun/rpg7v_pgo7v" },
		"aks74u": { "textures": "textures/items/gun/aks74u" },
		"aks74u_pbs": { "textures": "textures/items/gun/aks74u_pbs" },
		"aks74": { "textures": "textures/items/gun/aks74" },
		"aks74_gp25": { "textures": "textures/items/gun/aks74_gp25" },
		"akms": { "textures": "textures/items/gun/akms" },
		"akms_gp25": { "textures": "textures/items/gun/akms_gp25" },
		"akms_pbs": { "textures": "textures/items/gun/akms_pbs1" },
		"akmmag": { "textures": "textures/items/ammo/akmmag" },
		"akmmag_empty": { "textures": "textures/items/ammo/akmmag_empty" },
		"ak74mag": { "textures": "textures/items/ammo/ak74mag" },
		"ak74mag_empty": { "textures": "textures/items/ammo/ak74mag_empty" },
		"svd": { "textures": "textures/items/gun/svd" },
		"svd_pso1": { "textures": "textures/items/gun/svd_pso" },
		"svd_nspu": { "textures": "textures/items/gun/svd_nspu" },
		"svdmag": { "textures": "textures/items/ammo/svdmag" },
		"svdmag_empty": { "textures": "textures/items/ammo/svdmag_empty" },
		"pkm": { "textures": "textures/items/gun/pkm" },
		"pkmmag": { "textures": "textures/items/ammo/pkmmag" },
		"pkmmag_empty": { "textures": "textures/items/ammo/pkmmag_empty" },
		"toz": { "textures": "textures/items/gun/toz" },
		"pm": { "textures": "textures/items/gun/pm" },
		"pmmag": { "textures": "textures/items/ammo/pmmag" },
		"pmmag_empty": { "textures": "textures/items/ammo/pmmag_empty" },
		"aps": { "textures": "textures/items/gun/aps" },
		"apsmag": { "textures": "textures/items/ammo/apsmag" },
		"apsmag_empty": { "textures": "textures/items/ammo/apsmag_empty" },
		"vog25": { "textures": "textures/items/ammo/vog25" },
		"package9x18": { "textures": "textures/items/ammo/package9x18" },
		"package5.45x39": { "textures": "textures/items/ammo/package5.45x39" },
		"package7.62x39": { "textures": "textures/items/ammo/package7.62x39" },
		"package7.62x54": { "textures": "textures/items/ammo/package7.62x54" },
		"ammo_12x70": { "textures": "textures/items/ammo/ammo_12x70" },
		"pg7vl": { "textures": "textures/items/ammo/pg7vl" },
		"pgo7v": { "textures": "textures/items/attachments/pgo7v" },
		"gp25": { "textures": "textures/items/attachments/gp25" },
		"pbs4": { "textures": "textures/items/attachments/pbs4" },
		"pbs1": { "textures": "textures/items/attachments/pbs1" },
		"pso1": { "textures": "textures/items/attachments/pso1" },
		"nspu": { "textures": "textures/items/attachments/nspu" },
		"30mm": { "textures": "textures/items/vehicle/mm30" },
		"pkt": { "textures": "textures/items/vehicle/pkt" },
		"ai1m": { "textures": "textures/items/ai1m" },
		"zhgut": { "textures": "textures/items/zhgut" }
	}
}