{
	"format_version": "1.10.0",
	"minecraft:client_entity": {
		"description": {
			"identifier": "addon:pg7vl_bullet",
			"materials": {
				"flash": "flash",
				"default": "entity_alphatest"
			},
			"textures": {
				"default": "textures/guns/pg7vl",
				"flash": "textures/flash/flash"
			},
			"geometry": {
				"default": "geometry.pg7vl",
				"flash": "geometry.pg7vl_fire"
			},
			"animations": {
				"look_at_target": "animation.common.look_at_target",
        "pg7vl": "animation.pg7vl",
        "pg7vl_2": "animation.pg7vl_2"
			},
			"scripts": {
        "animate": [
            "pg7vl",
            "pg7vl_2"
            ]
			},
			"render_controllers": [
				
				{"controller.render.iron_golem": "q.is_alive"},
				{"controller.render.player.flash": "q.is_alive"}
			],
			"enable_attachables": false
		}
	}
}