{
  "format_version": "1.10.0",
  "minecraft:client_entity": {
    "description": {
      "identifier": "minecraft:player",
      "materials": {
        "default": "entity_alphatest",
        "cape": "entity_alphatest",
        "animated": "player_animated",
        "flash": "flash",
        "spider": "spider",
        "slime": "slime_outer"
      },
      "textures": {
        "default": "textures/entity/steve",
        "cape": "textures/entity/cape_invisible",
        "flash": "textures/flash/flash",
        "ai1m": "textures/entity/ai1m",
        "poyas_a": "textures/models/poyas_a",
        "v6b2_blue": "textures/models/6b2_blue",
        "v6b2_red": "textures/models/6b2_red",
        "v6b2": "textures/models/6b2",
        "v6b3": "textures/models/6b3",
        "ssh68": "textures/models/ssh68",
        "ssh68_blue": "textures/models/ssh68_blue",
        "ssh68_red": "textures/models/ssh68_red",
        "afganka": "textures/models/afganka",
        "aks74": "textures/guns/ak/aks74",
        "aks74u": "textures/guns/ak/aks74u",
        "akms": "textures/guns/ak/akms",
        "svd": "textures/guns/svd",
        "pm": "textures/guns/pm",
        "aps": "textures/guns/aps",
        "pkm": "textures/guns/pkm",
        "rpg7": "textures/guns/rpg7",
        "pbs4": "textures/guns/attachments/pbs4",
        "pbs1": "textures/guns/attachments/pbs1",
        "pso1": "textures/guns/attachments/pso1",
        "gp25": "textures/guns/attachments/gp25",
        "nspu": "textures/guns/attachments/nspu",
        "nspu_2": "textures/guns/attachments/nspu_2",
        "nspu_3": "textures/guns/attachments/nspu_3",
        "bmp2d_head": "textures/entity/bmp2d"
      },
      "geometry": {
        "default": "geometry.humanoid.custom",
        "cape": "geometry.cape",
        "ai1m": "geometry.player.ai1m",
        "flash": "geometry.player.flash",
        "v6b3": "geometry.vest6b3",
        "ssh68": "geometry.player.ssh68",
        "afganka": "geometry.player.afganka",
        "v6b2": "geometry.vest6b2",
        "poyas_a": "geometry.player.poyas_a",
        "pkm_flash": "geometry.player.pkm_flash",
        "pkm_reload": "geometry.player.pkm_reload",
        "akms": "geometry.player.akms",
        "aks74": "geometry.player.aks74",
        "aks74u": "geometry.player.aks74u",
        "svd": "geometry.player.svd",
        "pm": "geometry.player.pm",
        "aps": "geometry.player.aps",
        "pbs4": "geometry.player.pbs4",
        "pbs1": "geometry.player.pbs1",
        "gp25": "geometry.player.gp25",
        "pso1": "geometry.player.pso1",
        "nspu": "geometry.player.nspu",
        "nspu_3": "geometry.player.nspu_3",
        "bmp2d_fire": "geometry.bmp2d_flash",
        "bmp2d_pkt_fire": "geometry.bmp2d_pkt_flash",
        "nspu_2": "geometry.player.nspu_2",
        "bmp2d_head": "geometry.bmp2d_head",
        "rpg7": "geometry.player.rpg7",
        "rpg7_pgo7v": "geometry.player.rpg7_pgo7v"
      },
      "scripts": {
        "scale": "0.9375",
        "initialize": [
          "variable.is_holding_right = 0.0;",
          "variable.is_blinking = 0.0;",
          "variable.last_blink_time = 0.0;",
          "variable.hand_bob = 0.0;"
        ],
        "pre_animation": [
          "variable.helmet_layer_visible = 1.0;",
          "variable.leg_layer_visible = 1.0;",
          "variable.boot_layer_visible = 1.0;",
          "variable.chest_layer_visible = 1.0;",
          "variable.attack_body_rot_y = Math.sin(360*Math.sqrt(variable.attack_time)) * 5.0;",
          "variable.tcos0 = (math.cos(query.modified_distance_moved * 38.17) * query.modified_move_speed / variable.gliding_speed_value) * 57.3;",
          "variable.first_person_rotation_factor = math.sin((1 - variable.attack_time) * 180.0);",
          "variable.hand_bob = query.life_time < 0.01 ? 0.0 : variable.hand_bob + ((query.is_on_ground && query.is_alive ? math.clamp(math.sqrt(math.pow(query.position_delta(0), 2.0) + math.pow(query.position_delta(2), 2.0)), 0.0, 0.1) : 0.0) - variable.hand_bob) * 0.02;",

          "variable.map_angle = math.clamp(1 - variable.player_x_rotation / 45.1, 0.0, 1.0);",
          "variable.item_use_normalized = query.main_hand_item_use_duration / query.main_hand_item_max_duration;",
          "variable.ai1m = query.equipped_item_any_tag('slot.weapon.mainhand','ai1m');",
          "variable.zhgut = query.equipped_item_any_tag('slot.weapon.mainhand','zhgut');",
          "variable.guns = query.equipped_item_any_tag('slot.weapon.mainhand','gun');",
          "variable.reload = query.equipped_item_any_tag('slot.weapon.mainhand','reload');",
          "variable.ak = query.equipped_item_any_tag('slot.weapon.mainhand','ak');",
          "variable.toz = query.equipped_item_any_tag('slot.weapon.mainhand','toz');",
          "variable.aks74 = query.equipped_item_any_tag('slot.weapon.mainhand','aks74');",
          "variable.aks74u = query.equipped_item_any_tag('slot.weapon.mainhand','aks74u');",
          "variable.akms = query.equipped_item_any_tag('slot.weapon.mainhand','akms');",
          "variable.pkm = query.equipped_item_any_tag('slot.weapon.mainhand','pkm');",
          "variable.pm = query.equipped_item_any_tag('slot.weapon.mainhand','pm');",
          "variable.aps = query.equipped_item_any_tag('slot.weapon.mainhand','aps');",
          "variable.svd = query.equipped_item_any_tag('slot.weapon.mainhand','svd');",
          "variable.rpg7v = query.equipped_item_any_tag('slot.weapon.mainhand','rpg7v');"
        ],
        "animate": [
          "root",
          {"ai1m_controller": "variable.is_first_person && variable.ai1m"},
          {"ai1m_controller_third": "!variable.is_first_person && variable.ai1m"},
          {"zhgut_controller": "variable.is_first_person && variable.zhgut"},
          {"zhgut_controller_third": "!variable.is_first_person && variable.zhgut"},
          {"armor": "query.equipped_item_any_tag('slot.armor.legs','afganka')"},
          {"armor_2": "!variable.is_first_person && query.equipped_item_any_tag('slot.armor.chest','6b3')"},
          {"armor_2": "!variable.is_first_person && !query.equipped_item_any_tag('slot.armor.chest','blue') && !query.equipped_item_any_tag('slot.armor.chest','red') && query.equipped_item_any_tag('slot.armor.chest','6b2')"},
					{"crawl": "!variable.is_first_person" },
          {"poyas_a_6b2": "query.equipped_item_any_tag('slot.armor.feet','poyas_a') && query.equipped_item_any_tag('slot.armor.chest','6b2')"},
          {"pm_flash": "variable.pm"},
          {"pm_empty": "variable.pm && !query.equipped_item_any_tag('slot.weapon.mainhand','reload') && query.equipped_item_any_tag('slot.weapon.mainhand','empty')"},
          {"pm_empty": "variable.aps && !query.equipped_item_any_tag('slot.weapon.mainhand','reload') && query.equipped_item_any_tag('slot.weapon.mainhand','empty')"},
          {"toz_controller": "variable.toz && variable.is_first_person"},
          {"pm_controller": "variable.pm && variable.is_first_person"},
          {"pm_controller_third": "variable.guns && !variable.ai1m && variable.pm && !variable.rpg7v && !variable.is_first_person"},
          {"pm_controller_third": "variable.guns && !variable.ai1m && variable.aps && !variable.rpg7v && !variable.is_first_person"},
          {"aps_flash": "variable.aps"},
          {"aps_controller": "variable.aps && variable.is_first_person"},
          {"pkm_controller": "variable.pkm && variable.is_first_person"},
          {"aks74u_flash": "variable.aks74u"},
          {"pkm_empty": "variable.pkm && query.equipped_item_any_tag('slot.weapon.mainhand','empty') && !query.equipped_item_any_tag('slot.weapon.mainhand','reload') && variable.is_first_person"},
          {"akms_controller": "variable.ak && variable.is_first_person && !query.equipped_item_any_tag('slot.weapon.mainhand','gp25')"},
          {"akms_gp_controller": "variable.ak && variable.is_first_person && query.equipped_item_any_tag('slot.weapon.mainhand','gp25')"},
          {"akms_controller_third": "variable.guns && !variable.ai1m && !query.is_riding && !variable.aps && !variable.pm && !variable.rpg7v && !variable.is_first_person"},
          {"svd_controller": "variable.svd && variable.is_first_person && !query.equipped_item_any_tag('slot.weapon.mainhand','nspu') && !query.equipped_item_any_tag('slot.weapon.mainhand','pso1')"},
          {"svd_pso1_controller": "variable.svd && variable.is_first_person && query.equipped_item_any_tag('slot.weapon.mainhand','pso1')"},
          {"svd_nspu_controller": "variable.svd && variable.is_first_person && query.equipped_item_any_tag('slot.weapon.mainhand','nspu')"},
          {"rpg7v_controller": "variable.rpg7v && variable.is_first_person && !query.equipped_item_any_tag('slot.weapon.mainhand','pgo7v')"},
          {"rpg7v_pgo7v_controller": "variable.rpg7v && variable.is_first_person && query.equipped_item_any_tag('slot.weapon.mainhand','pgo7v')"},
          {"rpg7v_controller_third": "variable.rpg7v && !variable.is_first_person"},
          {"rpg7_empty": "variable.rpg7v && !query.equipped_item_any_tag('slot.weapon.mainhand','reload') && query.equipped_item_any_tag('slot.weapon.mainhand','empty')"},
          {"gun_mini": "variable.guns && !variable.ai1m && !variable.rpg7v"},
          {"bmp2d_flash": "query.is_riding && query.mark_variant == 3"},
          {"riding_bmp2d_navodchik": "query.is_riding && query.mark_variant == 3"},
          {"bashnya_rotate": "query.is_riding && query.mark_variant == 3"}
        ]
      },
      "animations": {
        "root": "controller.animation.player.root",
        "base_controller": "controller.animation.player.base",
        "hudplayer":  "controller.animation.player.hudplayer",
        "humanoid_base_pose": "animation.humanoid.base_pose",
        "look_at_target": "controller.animation.humanoid.look_at_target",
        "look_at_target_ui": "animation.player.look_at_target.ui",
        "look_at_target_default": "animation.humanoid.look_at_target.default",
        "look_at_target_default_guns": "animation.humanoid.look_at_target_guns",
        "look_at_target_default_tunk": "animation.humanoid.look_at_target_tunk",
        "look_at_target_gliding": "animation.humanoid.look_at_target.gliding",
        "look_at_target_swimming": "animation.humanoid.look_at_target.swimming",
        "look_at_target_inverted": "animation.player.look_at_target.inverted",
        "cape": "animation.player.cape",
        "move.arms": "animation.player.move.arms",
        "move.legs": "animation.player.move.legs",
        "swimming": "animation.player.swim",
        "swimming.legs": "animation.player.swim.legs",
        "riding.arms": "animation.player.riding.arms",
        "riding.legs": "animation.player.riding.legs",
        "holding": "animation.player.holding",
        "brandish_spear": "animation.humanoid.brandish_spear",
        "holding_spyglass": "animation.humanoid.holding_spyglass",
        "charging": "animation.humanoid.charging",
        "attack.positions": "animation.player.attack.positions",
        "attack.rotations": "animation.player.attack.rotations",
        "sneaking": "animation.player.sneaking",
        "bob": "animation.player.bob",
        "damage_nearby_mobs": "animation.humanoid.damage_nearby_mobs",
        "bow_and_arrow": "animation.humanoid.bow_and_arrow",
        "use_item_progress": "animation.humanoid.use_item_progress",
        "skeleton_attack": "animation.skeleton.attack",
        "sleeping": "animation.player.sleeping",
        "first_person_base_pose": "animation.player.first_person.base_pose",
        "first_person_empty_hand": "animation.player.first_person.empty_hand",
        "first_person_swap_item": "animation.player.first_person.swap_item",
        "first_person_attack_controller": "controller.animation.player.first_person_attack",
        "first_person_attack_rotation": "animation.player.first_person.attack_rotation",
        "first_person_vr_attack_rotation": "animation.player.first_person.vr_attack_rotation",
        "first_person_walk": "animation.player.first_person.walk",
        "first_person_map_controller": "controller.animation.player.first_person_map",
        "first_person_map_hold": "animation.player.first_person.map_hold",
        "first_person_map_hold_attack": "animation.player.first_person.map_hold_attack",
        "first_person_map_hold_off_hand": "animation.player.first_person.map_hold_off_hand",
        "first_person_map_hold_main_hand": "animation.player.first_person.map_hold_main_hand",
        "first_person_crossbow_equipped": "animation.player.first_person.crossbow_equipped",
        "third_person_crossbow_equipped": "animation.player.crossbow_equipped",
        "third_person_bow_equipped": "animation.player.bow_equipped",
        "crossbow_hold": "animation.player.crossbow_hold",
        "crossbow_controller": "controller.animation.player.crossbow",
        "shield_block_main_hand": "animation.player.shield_block_main_hand",
        "shield_block_off_hand": "animation.player.shield_block_off_hand",
        "blink": "controller.animation.persona.blink",
        "crawl": "controller.animation.crawl",
        "crawl1": "animation.crawl1",
        "crawl2": "animation.crawl2",
        "gun_mini": "animation.ak_mini",
        "riding_bmp2d_navodchik": "animation.riding_bmp2d_navodchik",
        "bashnya_rotate": "animation.bashnya_rotate",
        "poyas_a_6b2": "animation.poyas_a_6b2",
        "armor": "animation.armor",
        "armor_2": "animation.armor_2",

        
        "ai1m_controller": "controller.animation.ai1m",
        "ai1m_controller_third": "controller.animation.ai1m_third",
        "ai1m": "animation.ai1m",
        "ai1m_use": "animation.ai1m_use",
        "ai1m_use_third": "animation.ai1m_use_third",

        
        "zhgut_controller": "controller.animation.zhgut",
        "zhgut_controller_third": "controller.animation.zhgut_third",
        "zhgut": "animation.zhgut2",
        "zhgut_use": "animation.zhgut",
        "zhgut_use_third": "animation.zhgut_use_third",
        
        "rpg7v_controller": "controller.animation.rpg7v",
        "rpg7v_pgo7v_controller": "controller.animation.rpg7v_pgo7v",
        "rpg7v_controller_third": "controller.animation.rpg7v_THIRD",
        "rpg7v": "animation.rpg7",
        "rpg7_empty": "animation.rpg7_empty",
        "rpg7v_third": "animation.rpg7_third",
        "rpg7v_sprint": "animation.rpg7_sprint",
        "rpg7v_sprint_third": "animation.rpg7_sprint_third",
        "rpg7v_scope": "animation.rpg7_scope",
        "rpg7v_pgo7v_scope": "animation.rpg7_pgo7v_scope",
        "rpg7v_scope_third": "animation.rpg7_scope_third",
        "rpg7v_reload": "animation.rpg7_reload",

        "pkm_controller": "controller.animation.pkm",
        "pkm_controller_third": "controller.animation.pkm_third",
        "pkm": "animation.pkm",
        "pkm_empty": "animation.pkm_empty",
        "pkm_flash": "animation.pkm_flash",
        "pkm_third": "animation.pkm_third",
        "pkm_sprint": "animation.pkm_sprint",
        "pkm_sprint_third": "animation.pkm_sprint_third",
        "pkm_scope": "animation.pkm_scope",
        "pkm_reload": "animation.pkm_reload",
        

        "pm_controller": "controller.animation.pm",
        "pm_controller_third": "controller.animation.pm_third",
        "pm": "animation.pm",
        "pm_empty": "animation.pm_empty",
        "pm_flash": "animation.pm_flash",
        "pm_third": "animation.pm_third",
        "pm_scope_third": "animation.pm_third",
        "pm_sprint": "animation.pm_sprint",
        "pm_sprint_third": "animation.pm_sprint_third",
        "pm_scope": "animation.pm_scope",
        "pm_reload": "animation.pm_reload",


        "toz_controller": "controller.animation.toz",
        "toz": "animation.toz",
        "toz_flash": "animation.toz_flash",
        "toz_sprint": "animation.pkm_sprint",
        "toz_scope": "animation.toz_scope",
        "toz_reload": "animation.toz_reload",

        
        "aps_controller": "controller.animation.aps",
        "aps_controller_third": "controller.animation.aps_third",
        "aps": "animation.aps",
        "aps_flash": "animation.aps_flash",
        "aps_third": "animation.aps_third",
        "aps_sprint": "animation.aps_sprint",
        "aps_sprint_third": "animation.aps_sprint_third",
        "aps_scope": "animation.aps_scope",
        "aps_reload": "animation.aps_reload",

        "akms_controller": "controller.animation.akms",
        "akms_gp_controller": "controller.animation.akms_gp25",
        "akms_controller_third": "controller.animation.akms_THIRD",
        "aks74u_flash": "animation.aks74u_fire",
        "akms": "animation.ak",
        "akms_gp25": "animation.ak_gp25",
        "akms_third": "animation.ak_third",
        "akms_fire": "animation.ak_fire",
        "akms_sprint": "animation.ak_sprint",
        "akms_sprint_third": "animation.ak_sprint_third",
        "akms_scope": "animation.ak_scope",
        "gp25_scope": "animation.gp25_scope",
        "akms_scope_third": "animation.ak_scope_third",
        "akms_reload": "animation.ak_reload",
        "akms_gp25_reload": "animation.ak_gp25_reload",
        
        "svd_controller": "controller.animation.svd",
        "svd_pso1_controller": "controller.animation.svd_pso1",
        "svd_nspu_controller": "controller.animation.svd_nspu",
        "svd_controller_third": "controller.animation.svd_third",
        "svd": "animation.svd",
        "svd_third": "animation.svd_third",
        "svd_fire": "animation.svd_fire",
        "svd_sprint": "animation.svd_sprint",
        "svd_sprint_third": "animation.svd_sprint_third",
        "svd_scope": "animation.svd_scope",
        "svd_pso1_scope": "animation.svd_pso1_scope",
        "svd_nspu_scope": "animation.svd_nspu_scope",
        "svd_scope_third": "animation.svd_scope_third",
        "svd_reload": "animation.svd_reload",
        "bmp2d_fire": "animation.bmp2d_fire",
        "bmp2d_flash": "animation.bmp_flash"
      },
      "render_controllers": [
        { "controller.render.player.first_person": "variable.is_first_person" },
        { "controller.render.player.third_person": "!variable.is_first_person && !variable.map_face_icon" },
        { "controller.render.player.map": "variable.map_face_icon" },
        {"controller.render.player.ai1m": "variable.ai1m"},
        {"controller.render.player.aks74": "variable.aks74"},
        {"controller.render.player.akms": "variable.akms"},
        {"controller.render.player.aks74u": "variable.aks74u"},
        {"controller.render.player.svd": "variable.svd"},
        {"controller.render.player.pm": "variable.pm"},
        {"controller.render.player.aps": "variable.aps"},
        {"controller.render.player.pkm_flash": "variable.pkm && !query.equipped_item_any_tag('slot.weapon.mainhand','reload')"},
        {"controller.render.player.pkm_reload": "variable.pkm"},
        {"controller.render.player.rpg7v": "variable.rpg7v && !query.equipped_item_any_tag('slot.weapon.mainhand','pgo7v')"},
        {"controller.render.player.rpg7v_pgo7v": "variable.rpg7v && query.equipped_item_any_tag('slot.weapon.mainhand','pgo7v')"},
        {"controller.render.player.flash": "variable.guns && !variable.ai1m && !variable.pkm && !v.rpg7v && !query.equipped_item_any_tag('slot.weapon.mainhand','pbs4') && !query.equipped_item_any_tag('slot.weapon.mainhand','pbs1')"},
        {"controller.render.player.pbs1": "query.equipped_item_any_tag('slot.weapon.mainhand','pbs1')"},
        {"controller.render.player.pbs4": "query.equipped_item_any_tag('slot.weapon.mainhand','pbs4')"},
        {"controller.render.player.gp25": "query.equipped_item_any_tag('slot.weapon.mainhand','gp25')"},
        {"controller.render.player.pso1": "query.equipped_item_any_tag('slot.weapon.mainhand','pso1')"},
        {"controller.render.player.nspu": "query.equipped_item_any_tag('slot.weapon.mainhand','nspu')"},
        {"controller.render.player.nspu_2": "query.equipped_item_any_tag('slot.weapon.mainhand','nspu') && q.is_sneaking"},
        {"controller.render.player.nspu_3": "variable.is_first_person && query.equipped_item_any_tag('slot.weapon.mainhand','nspu') && q.is_sneaking"},{"controller.render.player.bmp2d_head": "query.is_riding && query.mark_variant == 3"},
        {"controller.render.player.bmp2d_fire": "query.is_riding && query.mark_variant == 3"},
        {"controller.render.player.bmp2d_pkt_fire": "query.is_riding && query.mark_variant == 3"}
      ],
			"sound_effects": {
				"zhgut": "addon.zhgut",
				"zhgut2": "addon.zhgut2",
				"krishka": "addon.krishka",
				"krishka2": "addon.krishka2",
				"tozopen": "addon.tozopen",
				"tozclose": "addon.tozclose",
				"akvihod": "addon.akvihod",
				"mag": "addon.mag",
				"akvhod": "addon.akvhod",
				"akzatvor": "addon.akzatvor",
				"svdvihod": "addon.svdvihod",
				"svdvhod": "addon.svdvhod",
				"svdzatvor": "addon.svdzatvor",
				"pmvihod": "addon.pmvihod",
				"pmvhod": "addon.pmvhod",
				"pmzatvor": "addon.pmzatvor",
				"rpg7_1": "addon.rpg7_1",
				"rpg7_2": "addon.rpg7_2",
				"pkmvihod": "addon.pkmvihod",
				"pkmzatvor": "addon.pkmzatvor",
				"pkmlenta": "addon.pkmlenta",
				"pkmvhod": "addon.pkmvhod",
				"pkmopen": "addon.pkmopen",
				"pkmclose": "addon.pkmclose"
      },
	  
      "particle_effects": {
      "smoke_bmp2d": "addon:smoke_2",
      "smoke_3": "addon:smoke_3"
      },
      "enable_attachables": true
    }
  }
}
