{
	"format_version": "1.8.0",
	"animations": {
		"animation.ak_sprint": {
			"loop": true,
			"animation_length": 0.125,
			"bones": {
				"rightArm": {
					"rotation": [-90, 0, 0],
					"position": [0, 1.5, 3]
				},
				"root": {
					"position": [0, 0.5, 0]
				},
				"body": {
					"rotation": [20, 150, 0],
					"position": [0, 0, -2]
				},
				"leftArm": {
					"rotation": [-63.67232, -19.14854, 160.76725],
					"position": [-4.93, -0.55, -6.725]
				}
			}
		},
		"animation.ak_scope": {
			"loop": true,
			"animation_length": 4.75,
			"bones": {
				"root": {
					"rotation": [0, 180, 0],
					"position": [-3, -1, -2]
				},
				"rightArm": {
					"rotation": [-90, 0, 0],
					"position": [0, 1.5, 3]
				},
				"leftArm": {
					"rotation": [-63.67232, -19.14854, 160.76725],
					"position": [-4.93, -0.55, -6.725]
				},
				"gun": {
					"rotation": [0, 0, 0],
					"position": [0, 0.475, -0.125]
				},
				"leftArm4": {
					"rotation": [-100, 40, 7.5],
					"position": [-4.525, 0.5, -7.5]
				},
				"body": {
					"rotation": [-0.5, 0, 0],
					"position": [1.645, 0.625, 4.4]
				},
				"stvol": {
					"position": [0.0175, "v.aks74u?-1:0.0", 0]
				},
				"waist": {
					"position": ["v.aks74u?0.025:0.0", "v.aks74u?-0.125:0.0", 0]
				}
			}
		},
		"animation.ak_reload": {
			"animation_length": 3.66667,
			"bones": {
				"root": {
					"rotation": [0, 180, 0],
					"position": [-3, -1, -2]
				},
				"rightArm": {
					"rotation": [-90, 0, 0],
					"position": {
						"0.0": [0, 1.5, 3],
						"2.6667": {
							"pre": [0, 1.5, 3],
							"post": [0, 1.5, 3],
							"lerp_mode": "catmullrom"
						},
						"2.75": {
							"post": [-1.5, 1.5, 3],
							"lerp_mode": "catmullrom"
						},
						"2.9583": {
							"post": [-1.5, 3, -1],
							"lerp_mode": "catmullrom"
						},
						"3.0833": {
							"post": [-1.5, 3, 2],
							"lerp_mode": "catmullrom"
						},
						"3.25": {
							"post": [0, 1.5, 3],
							"lerp_mode": "catmullrom"
						},
						"3.2917": [0, 1.5, 3]
					}
				},
				"leftArm": {
					"rotation": {
						"0.0": [-63.67232, -19.14854, 160.76725],
						"0.125": {
							"pre": [-63.67, -19.15, 160.77],
							"post": [-63.67, -19.15, 160.77],
							"lerp_mode": "catmullrom"
						},
						"0.375": {
							"post": [-32.19068, -29.36382, 145.14212],
							"lerp_mode": "catmullrom"
						},
						"2.25": {
							"post": [-32.19068, -29.36382, 145.14212],
							"lerp_mode": "catmullrom"
						},
						"2.6667": {
							"post": [-63.67, -19.15, 160.77],
							"lerp_mode": "catmullrom"
						},
						"2.7083": [-63.67, -19.15, 160.77]
					},
					"position": {
						"0.0": [-4.93, -0.55, -6.725],
						"0.125": {
							"pre": [-4.93, -0.55, -6.72],
							"post": [-4.93, -0.55, -6.72],
							"lerp_mode": "catmullrom"
						},
						"0.375": {
							"post": [-3.23, -3.5, -5.095],
							"lerp_mode": "catmullrom"
						},
						"0.4167": {
							"post": [-3.23, -3.5, -5.09],
							"lerp_mode": "catmullrom"
						},
						"0.5417": {
							"post": [-3.23, -3.75, -6.49],
							"lerp_mode": "catmullrom"
						},
						"0.625": {
							"post": [-3.23, -4.75, -6.49],
							"lerp_mode": "catmullrom"
						},
						"1.3333": {
							"post": [5.77, -10.75, -0.49],
							"lerp_mode": "catmullrom"
						},
						"1.4167": {
							"post": [5.77, -10.75, -0.49],
							"lerp_mode": "catmullrom"
						},
						"1.9583": {
							"post": [-3.23, -4.75, -6.49],
							"lerp_mode": "catmullrom"
						},
						"2.0833": {
							"post": [-3.23, -3.75, -6.49],
							"lerp_mode": "catmullrom"
						},
						"2.1667": {
							"post": [-3.23, -3.5, -5.095],
							"lerp_mode": "catmullrom"
						},
						"2.25": {
							"post": [-3.23, -3.5, -5.095],
							"lerp_mode": "catmullrom"
						},
						"2.6667": {
							"post": [-4.93, -0.55, -6.72],
							"lerp_mode": "catmullrom"
						},
						"2.7083": [-4.93, -0.55, -6.72]
					}
				},
				"leftArm4": {
					"rotation": [-100, 40, 7.5],
					"position": [-4.525, 0.5, -7.5]
				},
				"body": {
					"rotation": {
						"0.0833": {
							"pre": [0, 0, 0],
							"post": [0, 0, 0],
							"lerp_mode": "catmullrom"
						},
						"0.1667": {
							"post": [0, 0, -2.70833],
							"lerp_mode": "catmullrom"
						},
						"0.2083": {
							"post": [2.5, 0, -6.91895],
							"lerp_mode": "catmullrom"
						},
						"0.3333": {
							"post": [0, 0, -22.5],
							"lerp_mode": "catmullrom"
						},
						"0.4167": {
							"post": [-0.05517, 0, -22.89478],
							"lerp_mode": "catmullrom"
						},
						"0.5": {
							"post": [-1.05482, 0, -22.9484],
							"lerp_mode": "catmullrom"
						},
						"0.625": {
							"post": [-0.03644, 0, -23.0638],
							"lerp_mode": "catmullrom"
						},
						"2.0417": {
							"post": [0, 0, -22.5],
							"lerp_mode": "catmullrom"
						},
						"2.0833": {
							"post": [0.00128, 0, -20.16255],
							"lerp_mode": "catmullrom"
						},
						"2.1667": {
							"post": [1.00118, 0, -14.28281],
							"lerp_mode": "catmullrom"
						},
						"2.2917": {
							"post": [-0.2214, 0, -2.94867],
							"lerp_mode": "catmullrom"
						},
						"2.5417": {
							"post": [0, 0, 22.5],
							"lerp_mode": "catmullrom"
						},
						"2.9583": {
							"post": [0.00645, 0, 24.88189],
							"lerp_mode": "catmullrom"
						},
						"3.0833": {
							"post": [-0.99854, 0, 24.62168],
							"lerp_mode": "catmullrom"
						},
						"3.125": {
							"post": [0, 0, 22.5],
							"lerp_mode": "catmullrom"
						},
						"3.5417": {
							"post": [0, 0, 0],
							"lerp_mode": "catmullrom"
						},
						"3.5833": [0, 0, 0]
					},
					"position": {
						"0.0": [-0.5, -0.15, 0],
						"0.0833": {
							"pre": [-0.5, -0.15, 0],
							"post": [-0.5, -0.15, 0],
							"lerp_mode": "catmullrom"
						},
						"0.3333": {
							"post": [-0.5, 0.85, 0],
							"lerp_mode": "catmullrom"
						},
						"2.0417": {
							"post": [-0.5, 0.85, 0],
							"lerp_mode": "catmullrom"
						},
						"2.5417": {
							"post": [-0.5, -2.15, 0],
							"lerp_mode": "catmullrom"
						},
						"3.125": {
							"post": [-0.5, -2.15, 0],
							"lerp_mode": "catmullrom"
						},
						"3.5417": {
							"post": [-0.5, -0.15, 0],
							"lerp_mode": "catmullrom"
						},
						"3.5833": [-0.5, -0.15, 0]
					}
				},
				"rightArm2": {
					"position": {
						"2.6667": {
							"pre": [0, 0, 0],
							"post": [0, 0, 0],
							"lerp_mode": "catmullrom"
						},
						"2.75": {
							"post": [1.5, 0, 0],
							"lerp_mode": "catmullrom"
						},
						"2.9583": {
							"post": [1.5, 4, 1.5],
							"lerp_mode": "catmullrom"
						},
						"3.0833": {
							"post": [1.5, 1, 1.5],
							"lerp_mode": "catmullrom"
						},
						"3.25": {
							"post": [0, 0, 0],
							"lerp_mode": "catmullrom"
						},
						"3.2917": [0, 0, 0]
					}
				},
				"zatvor": {
					"position": {
						"2.9583": [0, 0, 0],
						"3.0833": [0, 0, 48],
						"3.125": [0, 0, 0]
					}
				},
				"magazin": {
					"rotation": {
						"0.4167": {
							"pre": [0, 0, 0],
							"post": [0, 0, 0],
							"lerp_mode": "catmullrom"
						},
						"0.5417": {
							"post": [-22.5, 0, 0],
							"lerp_mode": "catmullrom"
						},
						"2.0833": {
							"post": [-22.5, 0, 0],
							"lerp_mode": "catmullrom"
						},
						"2.1667": {
							"post": [0, 0, 0],
							"lerp_mode": "catmullrom"
						},
						"2.2083": [0, 0, 0]
					},
					"position": {
						"0.5417": {
							"pre": [0, 0, 0],
							"post": [0, 0, 0],
							"lerp_mode": "catmullrom"
						},
						"0.625": {
							"post": [0, -16, 0],
							"lerp_mode": "catmullrom"
						},
						"1.3333": {
							"post": [144, -112, 96],
							"lerp_mode": "catmullrom"
						},
						"1.4167": {
							"post": [144, -112, 96],
							"lerp_mode": "catmullrom"
						},
						"1.9583": {
							"post": [0, -16, 0],
							"lerp_mode": "catmullrom"
						},
						"2.0833": {
							"post": [0, 0, 0],
							"lerp_mode": "catmullrom"
						},
						"2.125": [0, 0, 0]
					}
				},
				"padovatel": {
					"position": {
						"0.7083": [0, 4.65, 0],
						"1.2917": [0, 4.65, 0],
						"1.3333": [0, 0, 0]
					}
				},
				"patron": {
					"position": {
						"0.7083": [0, -7, 0],
						"1.2917": [0, -7, 0],
						"1.3333": [0, 0, 0]
					}
				}
			},
			"sound_effects": {
				"0.3333": {
					"effect": "akvihod"
				},
				"1.125": {
					"effect": "mag"
				},
				"2.0417": {
					"effect": "akvhod"
				},
				"2.875": {
					"effect": "akzatvor"
				}
			}
		},
		"animation.ak": {
			"loop": true,
			"animation_length": 4.75,
			"bones": {
				"root": {
					"rotation": [0, 180, 0],
					"position": [-3, -1, -2]
				},
				"rightArm": {
					"rotation": [-90, 0, 0],
					"position": [0, 1.5, 3]
				},
				"leftArm": {
					"rotation": [-63.67232, -19.14854, 160.76725],
					"position": [-4.93, -0.55, -6.725]
				},
				"leftArm4": {
					"rotation": [-100, 40, 7.5],
					"position": [-4.525, 0.5, -7.5]
				},
				"body": {
					"position": [-0.5, -0.15, 0]
				}
			}
		},
		"animation.ak_mini": {
			"loop": true,
			"animation_length": 4.75,
			"bones": {
				"gun": {
					"rotation": [0, 0, 0],
					"position": [75.185, -143.425, 48.375],
					"scale": 0.0625
				},
				"flash": {
					"position": [0, 0, 1.625],
					"scale": 0.08
				}
			}
		},
		"animation.ak_third": {
			"loop": true,
			"animation_length": 0.04167,
			"bones": {
				"body": {
					"rotation": [0, 40, 0]
				},
				"leftArm": {
					"rotation": [-100, 0, 0],
					"position": [0, 0, -1.775]
				},
				"rightArm": {
					"rotation": [-90, -40, 0]
				},
				"leftLeg": {
					"position": [0, 0, -2]
				},
				"rightLeg": {
					"position": [-0.425, 0, 1.4]
				},
				"rightArm3": {
					"rotation": [0, -40, 0]
				}
			}
		},
		"animation.gp25_scope": {
			"loop": true,
			"animation_length": 4.75,
			"bones": {
				"root": {
					"rotation": [0, 180, 0],
					"position": [-3, -1, -2]
				},
				"rightArm": {
					"rotation": [-90, 0, 0],
					"position": [0, 1.5, 3]
				},
				"leftArm": {
					"rotation": [-63.67232, -19.14854, 160.76725],
					"position": [-5.705, -1.15, -5.025]
				},
				"gun": {
					"rotation": [0, 0, 0],
					"position": [0, 0.475, -0.125]
				},
				"leftArm4": {
					"rotation": [-100, 40, 7.5],
					"position": [-4.525, 0.5, -7.5]
				},
				"body": {
					"rotation": [-7.5, 0, 0],
					"position": [0.725, -0.25, 5]
				}
			}
		},
		"animation.ak_sprint_third": {
			"loop": true,
			"bones": {
				"leftArm": {
					"rotation": [-40, 0, 0]
				},
				"rightArm": {
					"rotation": [-77.14423, -52.47358, 45.54519]
				}
			}
		},
		"animation.ak_scope_third": {
			"loop": true,
			"bones": {
				"body": {
					"rotation": [0, 40, 0]
				},
				"leftArm": {
					"rotation": [-100, 0, 0],
					"position": [0, 0, -1.775]
				},
				"rightArm": {
					"rotation": [-90, -40, 0]
				},
				"head": {
					"rotation": [17.80232, 0, -28.40086]
				},
				"leftLeg": {
					"position": [0, 0, -2]
				},
				"rightLeg": {
					"position": [0, 0, 1.275]
				},
				"rightArm3": {
					"rotation": [0, -40, 0]
				}
			}
		},
		"animation.ak_gp25": {
			"loop": true,
			"bones": {
				"root": {
					"rotation": [0, 180, 0],
					"position": [-3, -1, -2]
				},
				"body": {
					"position": [-0.5, -0.15, 0]
				},
				"leftArm": {
					"rotation": [-63.67232, -19.14854, 160.76725],
					"position": [-4.93, -1.55, -4.725]
				},
				"rightArm": {
					"rotation": [-90, 0, 0],
					"position": [0, 1.5, 3]
				}
			}
		},
		"animation.ak_gp25_reload": {
			"animation_length": 3.66667,
			"bones": {
				"root": {
					"rotation": [0, 180, 0],
					"position": [-3, -1, -2]
				},
				"body": {
					"rotation": {
						"0.0833": {
							"pre": [0, 0, 0],
							"post": [0, 0, 0],
							"lerp_mode": "catmullrom"
						},
						"0.1667": {
							"post": [0, 0, -2.70833],
							"lerp_mode": "catmullrom"
						},
						"0.2083": {
							"post": [2.5, 0, -6.91895],
							"lerp_mode": "catmullrom"
						},
						"0.3333": {
							"post": [0, 0, -22.5],
							"lerp_mode": "catmullrom"
						},
						"0.4167": {
							"post": [-0.05517, 0, -22.89478],
							"lerp_mode": "catmullrom"
						},
						"0.5": {
							"post": [-1.05482, 0, -22.9484],
							"lerp_mode": "catmullrom"
						},
						"0.625": {
							"post": [-0.03644, 0, -23.0638],
							"lerp_mode": "catmullrom"
						},
						"2.0417": {
							"post": [0, 0, -22.5],
							"lerp_mode": "catmullrom"
						},
						"2.0833": {
							"post": [0.00128, 0, -20.16255],
							"lerp_mode": "catmullrom"
						},
						"2.1667": {
							"post": [1.00118, 0, -14.28281],
							"lerp_mode": "catmullrom"
						},
						"2.2917": {
							"post": [-0.2214, 0, -2.94867],
							"lerp_mode": "catmullrom"
						},
						"2.5417": {
							"post": [0, 0, 22.5],
							"lerp_mode": "catmullrom"
						},
						"2.9583": {
							"post": [0.00645, 0, 24.88189],
							"lerp_mode": "catmullrom"
						},
						"3.0833": {
							"post": [-0.99854, 0, 24.62168],
							"lerp_mode": "catmullrom"
						},
						"3.125": {
							"post": [0, 0, 22.5],
							"lerp_mode": "catmullrom"
						},
						"3.5417": {
							"post": [0, 0, 0],
							"lerp_mode": "catmullrom"
						},
						"3.5833": [0, 0, 0]
					},
					"position": {
						"0.0": [-0.5, -0.15, 0],
						"0.0833": {
							"pre": [-0.5, -0.15, 0],
							"post": [-0.5, -0.15, 0],
							"lerp_mode": "catmullrom"
						},
						"0.3333": {
							"post": [-0.5, 0.85, 0],
							"lerp_mode": "catmullrom"
						},
						"2.0417": {
							"post": [-0.5, 0.85, 0],
							"lerp_mode": "catmullrom"
						},
						"2.5417": {
							"post": [-0.5, -2.15, 0],
							"lerp_mode": "catmullrom"
						},
						"3.125": {
							"post": [-0.5, -2.15, 0],
							"lerp_mode": "catmullrom"
						},
						"3.5417": {
							"post": [-0.5, -0.15, 0],
							"lerp_mode": "catmullrom"
						},
						"3.5833": [-0.5, -0.15, 0]
					}
				},
				"leftArm": {
					"rotation": {
						"0.0": [-63.67232, -19.14854, 160.76725],
						"0.125": {
							"pre": [-63.67, -19.15, 160.77],
							"post": [-63.67, -19.15, 160.77],
							"lerp_mode": "catmullrom"
						},
						"0.375": {
							"post": [-32.19068, -29.36382, 145.14212],
							"lerp_mode": "catmullrom"
						},
						"2.25": {
							"post": [-32.19068, -29.36382, 145.14212],
							"lerp_mode": "catmullrom"
						},
						"2.6667": {
							"post": [-63.67232, -19.14854, 160.76725],
							"lerp_mode": "catmullrom"
						},
						"2.7083": [-63.67232, -19.14854, 160.76725]
					},
					"position": {
						"0.0": [-4.93, -1.55, -4.725],
						"0.125": {
							"pre": [-4.93, -2.55, -3.72],
							"post": [-4.93, -2.55, -3.72],
							"lerp_mode": "catmullrom"
						},
						"0.375": {
							"post": [-3.23, -3.5, -5.095],
							"lerp_mode": "catmullrom"
						},
						"0.4167": {
							"post": [-3.23, -3.5, -5.09],
							"lerp_mode": "catmullrom"
						},
						"0.5417": {
							"post": [-3.23, -3.75, -6.49],
							"lerp_mode": "catmullrom"
						},
						"0.625": {
							"post": [-3.23, -4.75, -6.49],
							"lerp_mode": "catmullrom"
						},
						"1.3333": {
							"post": [5.77, -10.75, -0.49],
							"lerp_mode": "catmullrom"
						},
						"1.4167": {
							"post": [5.77, -10.75, -0.49],
							"lerp_mode": "catmullrom"
						},
						"1.9583": {
							"post": [-3.23, -4.75, -6.49],
							"lerp_mode": "catmullrom"
						},
						"2.0833": {
							"post": [-3.23, -3.75, -6.49],
							"lerp_mode": "catmullrom"
						},
						"2.1667": {
							"post": [-3.23, -3.5, -5.095],
							"lerp_mode": "catmullrom"
						},
						"2.25": {
							"post": [-3.23, -3.5, -5.095],
							"lerp_mode": "catmullrom"
						},
						"2.6667": {
							"post": [-4.93, -1.55, -4.725],
							"lerp_mode": "catmullrom"
						},
						"2.7083": [-4.93, -1.55, -4.725]
					}
				},
				"rightArm": {
					"rotation": [-90, 0, 0],
					"position": {
						"0.0": [0, 1.5, 3],
						"2.6667": {
							"pre": [0, 1.5, 3],
							"post": [0, 1.5, 3],
							"lerp_mode": "catmullrom"
						},
						"2.75": {
							"post": [-1.5, 1.5, 3],
							"lerp_mode": "catmullrom"
						},
						"2.9583": {
							"post": [-1.5, 3, -1],
							"lerp_mode": "catmullrom"
						},
						"3.0833": {
							"post": [-1.5, 3, 2],
							"lerp_mode": "catmullrom"
						},
						"3.25": {
							"post": [0, 1.5, 3],
							"lerp_mode": "catmullrom"
						},
						"3.2917": [0, 1.5, 3]
					}
				},
				"rightArm2": {
					"position": {
						"2.6667": {
							"pre": [0, 0, 0],
							"post": [0, 0, 0],
							"lerp_mode": "catmullrom"
						},
						"2.75": {
							"post": [1.5, 0, 0],
							"lerp_mode": "catmullrom"
						},
						"2.9583": {
							"post": [1.5, 4, 1.5],
							"lerp_mode": "catmullrom"
						},
						"3.0833": {
							"post": [1.5, 1, 1.5],
							"lerp_mode": "catmullrom"
						},
						"3.25": {
							"post": [0, 0, 0],
							"lerp_mode": "catmullrom"
						},
						"3.2917": [0, 0, 0]
					}
				},
				"zatvor": {
					"position": {
						"2.9583": [0, 0, 0],
						"3.0833": [0, 0, 48],
						"3.125": [0, 0, 0]
					}
				},
				"magazin": {
					"rotation": {
						"0.4167": {
							"pre": [0, 0, 0],
							"post": [0, 0, 0],
							"lerp_mode": "catmullrom"
						},
						"0.5417": {
							"post": [-22.5, 0, 0],
							"lerp_mode": "catmullrom"
						},
						"2.0833": {
							"post": [-22.5, 0, 0],
							"lerp_mode": "catmullrom"
						},
						"2.1667": {
							"post": [0, 0, 0],
							"lerp_mode": "catmullrom"
						},
						"2.2083": [0, 0, 0]
					},
					"position": {
						"0.5417": {
							"pre": [0, 0, 0],
							"post": [0, 0, 0],
							"lerp_mode": "catmullrom"
						},
						"0.625": {
							"post": [0, -16, 0],
							"lerp_mode": "catmullrom"
						},
						"1.3333": {
							"post": [144, -112, 96],
							"lerp_mode": "catmullrom"
						},
						"1.4167": {
							"post": [144, -112, 96],
							"lerp_mode": "catmullrom"
						},
						"1.9583": {
							"post": [0, -16, 0],
							"lerp_mode": "catmullrom"
						},
						"2.0833": {
							"post": [0, 0, 0],
							"lerp_mode": "catmullrom"
						},
						"2.125": [0, 0, 0]
					}
				},
				"padovatel": {
					"position": {
						"0.7083": [0, 4.65, 0],
						"1.2917": [0, 4.65, 0],
						"1.3333": [0, 0, 0]
					}
				},
				"patron": {
					"position": {
						"0.7083": [0, -7, 0],
						"1.2917": [0, -7, 0],
						"1.3333": [0, 0, 0]
					}
				}
			},
			"sound_effects": {
				"0.3333": {
					"effect": "akvihod"
				},
				"1.125": {
					"effect": "mag"
				},
				"2.0417": {
					"effect": "akvhod"
				},
				"2.875": {
					"effect": "akzatvor"
				}
			}
		},
		"animation.akms_fire": {
			"animation_length": 0.1667,
			"bones": {
				"body": {
					"rotation": {
						"0.0": {
							"post": [0, 0, 0],
							"lerp_mode": "catmullrom"
						},
						"0.0417": {
							"post": [-2, 0, 0],
							"lerp_mode": "catmullrom"
						},
						"0.125": {
							"post": [0, 0, 0],
							"lerp_mode": "catmullrom"
						},
						"0.1667": [0, 0, 0]
					},
					"position": {
						"0.0": {
							"post": [0, 0, 0],
							"lerp_mode": "catmullrom"
						},
						"0.0417": {
							"post": [0, -0.25, 1],
							"lerp_mode": "catmullrom"
						},
						"0.125": {
							"post": [0, 0, 0],
							"lerp_mode": "catmullrom"
						},
						"0.1667": [0, 0, 0]
					}
				},
				"pruzhina2": {
					"position": {
						"0.0": [0, 0, 0],
						"0.0417": [0, 0, 48],
						"0.0833": [0, 0, 0]
					}
				},
				"zatvor": {
					"position": {
						"0.0": [0, 0, 0],
						"0.0417": [0, 0, 48],
						"0.0833": [0, 0, 0]
					}
				},
				"gilza": {
					"rotation": {
						"0.0": [0, 0, 0],
						"0.0417": [-54.03935, 37.42655, -39.95281],
						"0.125": [-121.42782, 50.19605, -18.39121]
					},
					"position": {
						"0.0": [0, 0, 0],
						"0.0417": [0, 0, 9.925],
						"0.0833": [-66, 36, 33.93],
						"0.1667": [-120, 60, 210]
					}
				},
				"flash": {
					"position": [0, 0, 0],
					"scale": {
						"0.0": [1, 1, 1],
						"0.0417": [20, 20, 20],
						"0.0833": [1, 1, 1]
					}
				}
			}
		},
		"animation.ak_reload_third": {
			"animation_length": 3.66667
		},
		"animation.pm_third": {
			"loop": true,
			"bones": {
				"rightArm": {
					"rotation": [-90, -22.5, 0]
				},
				"gun": {
					"rotation": [0, 0, 17.5],
					"position": [-0.8, 0, 0]
				},
				"leftArm": {
					"rotation": [-97.5, 32.5, 0],
					"position": [-1, -1, 0.675]
				}
			}
		},
		"animation.aks74u_fire": {
			"loop": true,
			"bones": {
				"flash": {
					"position": [0, 3, 64]
				}
			}
		}
	}
}