{
  "format_version": "1.10.0",
  "minecraft:attachable": {
    "description": {
      "identifier": "id:ssh68_b.player",
      "item": { "addon:ssh68_b": "query.owner_identifier == 'minecraft:player'" },
      "materials": {
        "default": "slime_outer",
        "enchanted": "armor_enchanted"
      },
      "textures": {
        "default": "textures/models/ssh68_blue",
        "enchanted": "textures/misc/enchanted_item_glint"
      },
      "geometry": {
        "default": "geometry.player.ssh68"
      },
      "scripts": {
        "parent_setup": "variable.helmet_layer_visible = 0.0;"
      },
      "render_controllers": [ "controller.render.armor" ]
    }
  }
}
