{
	"format_version": "1.8.0",
	"animations": {
		"animation.aps": {
			"loop": true,
			"bones": {
				"body": {
					"rotation": [0, 180, 0],
					"position": [-3, 0, 1]
				},
				"rightArm": {
					"rotation": [-90, 0, 0]
				},
				"gun": {
					"position": [0.175, 0, 0]
				},
				"kurok": {
					"rotation": [-57.5, 0, 0]
				},
				"leftArm": {
					"rotation": [-120, 0, -45],
					"position": [-6.325, -4.425, 0]
				}
			}
		},
		"animation.aps_sprint": {
			"loop": true,
			"bones": {
				"body": {
					"rotation": [10, 140, 0],
					"position": [1, 0, 0]
				},
				"rightArm": {
					"rotation": [-90, 0, 0]
				},
				"gun": {
					"position": [0.175, 0, 0]
				},
				"leftArm": {
					"rotation": [-120, 0, -45],
					"position": [-6.325, -4.425, 0]
				}
			}
		},
		"animation.aps_reload": {
			"animation_length": 3,
			"bones": {
				"body": {
					"rotation": {
						"0.0": [0, 180, 0],
						"0.2083": {
							"pre": [-25, 180, 30],
							"post": [-25, 180, 30],
							"lerp_mode": "catmullrom"
						},
						"0.5833": {
							"post": [-26.69, 180, 32.02],
							"lerp_mode": "catmullrom"
						},
						"0.6667": {
							"post": [-24.69, 180, 32.02],
							"lerp_mode": "catmullrom"
						},
						"0.7917": {
							"post": [-26.69, 180, 32.02],
							"lerp_mode": "catmullrom"
						},
						"1.7917": {
							"post": [-27.55, 180, 32.93],
							"lerp_mode": "catmullrom"
						},
						"1.875": {
							"post": [-29.54, 180, 32.92],
							"lerp_mode": "catmullrom"
						},
						"2.0417": {
							"post": [-27.55, 180, 32.93],
							"lerp_mode": "catmullrom"
						},
						"2.4583": {
							"post": [-26.73, 180, 32.09],
							"lerp_mode": "catmullrom"
						},
						"2.5417": {
							"post": [-25, 180, 30],
							"lerp_mode": "catmullrom"
						},
						"2.5833": {
							"post": [-19.43, 180, 26.92],
							"lerp_mode": "catmullrom"
						},
						"2.6667": {
							"post": [-15.26, 180, 18.72],
							"lerp_mode": "catmullrom"
						},
						"2.8333": [0, 180, 0]
					},
					"position": [-3, 0, 1]
				},
				"rightArm": {
					"rotation": {
						"0.0": [-90, 0, 0],
						"2.1667": {
							"pre": [-90, 0, 0],
							"post": [-90, 0, 0],
							"lerp_mode": "catmullrom"
						},
						"2.2917": {
							"post": [-90, 0, -5],
							"lerp_mode": "catmullrom"
						},
						"2.4167": {
							"post": [-90, 0, 20],
							"lerp_mode": "catmullrom"
						},
						"2.5833": {
							"post": [-85, 0, 20],
							"lerp_mode": "catmullrom"
						},
						"2.8333": {
							"post": [-90, 0, 0],
							"lerp_mode": "catmullrom"
						},
						"2.875": [-90, 0, 0]
					},
					"position": [0, 0, 0]
				},
				"gun": {
					"rotation": {
						"0.0417": {
							"pre": [0, 0, 0],
							"post": [0, 0, 0],
							"lerp_mode": "catmullrom"
						},
						"0.2083": {
							"post": [0, 15, 0],
							"lerp_mode": "catmullrom"
						},
						"2.125": {
							"post": [0, 15, 0],
							"lerp_mode": "catmullrom"
						},
						"2.375": {
							"post": [-12.5, -22.5, 0],
							"lerp_mode": "catmullrom"
						},
						"2.4583": {
							"post": [-12.5, -22.5, 0],
							"lerp_mode": "catmullrom"
						},
						"2.6667": {
							"post": [17.5, -22.5, 0],
							"lerp_mode": "catmullrom"
						},
						"2.8333": {
							"post": [0, 0, 0],
							"lerp_mode": "catmullrom"
						},
						"2.875": [0, 0, 0]
					},
					"position": {
						"0.0": [0.175, 0, 0],
						"0.5417": [0.14, 0, 0],
						"1.125": [0.05, 0, 0],
						"1.875": [0.14, 0, 0],
						"2.125": [0.23, 0, 0],
						"2.375": [1.23, 0, -0.775],
						"2.4583": [1.08, -0.12, -1.09],
						"2.6667": [0.705, -0.425, 1.105],
						"2.8333": [0.175, 0, 0]
					}
				},
				"kurok": {
					"rotation": [-57.5, 0, 0]
				},
				"zz": {
					"position": {
						"0.0": [0, 3.5, 0],
						"2.5417": [0, 3.5, 0],
						"2.5833": [0, 0, 0]
					}
				},
				"zatvor": {
					"position": {
						"0.0": [0, 0, 15],
						"2.5417": [0, 0, 15],
						"2.625": [0, 0, 0]
					}
				},
				"magazine": {
					"position": {
						"0.5833": [0, 0, 0],
						"0.7917": [0, -49.23, 13.31],
						"1.0417": [0, -128, 71],
						"1.4583": [0, -128, 71],
						"1.7917": [0, -49.23, 13.31],
						"1.9167": [0, 0, 0]
					}
				},
				"leftArm": {
					"rotation": [-120, 0, -45],
					"position": {
						"0.0": [-6.325, -4.425, 0],
						"0.125": {
							"pre": [-6.32, -4.43, 0],
							"post": [-6.32, -4.43, 0],
							"lerp_mode": "catmullrom"
						},
						"0.2917": {
							"post": [-3.32, -6.43, 0],
							"lerp_mode": "catmullrom"
						},
						"0.5": {
							"post": [-5.52, -6.08, -0.25],
							"lerp_mode": "catmullrom"
						},
						"0.5417": {
							"post": [-5.52, -7.08, -0.25],
							"lerp_mode": "catmullrom"
						},
						"0.5833": {
							"post": [-5.52, -7.08, -0.25],
							"lerp_mode": "catmullrom"
						},
						"0.7917": {
							"post": [-4.81, -9.67, 0.18],
							"lerp_mode": "catmullrom"
						},
						"1.0417": {
							"post": [-3.52, -14.33, 3.75],
							"lerp_mode": "catmullrom"
						},
						"1.4583": {
							"post": [-3.52, -14.33, 3.75],
							"lerp_mode": "catmullrom"
						},
						"1.7917": {
							"post": [-4.81, -9.67, 0.18],
							"lerp_mode": "catmullrom"
						},
						"1.9167": {
							"post": [-5.52, -7.08, -0.25],
							"lerp_mode": "catmullrom"
						},
						"1.9583": {
							"post": [-5.52, -7.08, -0.25],
							"lerp_mode": "catmullrom"
						},
						"2.125": {
							"post": [-1.52, -7.08, -0.25],
							"lerp_mode": "catmullrom"
						},
						"2.9167": {
							"post": [-6.32, -4.43, 0],
							"lerp_mode": "catmullrom"
						},
						"2.9583": [-6.32, -4.43, 0]
					}
				}
			},
			"sound_effects": {
				"0.0833": {
					"effect": "pmvihod"
				},
				"1.7083": {
					"effect": "pmvhod"
				},
				"2.375": {
					"effect": "pmzatvor"
				}
			}
		},
		"animation.aps_scope": {
			"loop": true,
			"bones": {
				"body": {
					"rotation": [-1, 180, 0],
					"position": [-4.475, 1.825, -2]
				},
				"rightArm": {
					"rotation": [-90, 0, 0]
				},
				"gun": {
					"position": [0.175, 0, 0]
				},
				"leftArm": {
					"rotation": [-120, 0, -45],
					"position": [-6.325, -4.425, 0]
				}
			}
		},
		"animation.aps_flash": {
			"loop": true,
			"bones": {
				"flash": {
					"position": [0, -4, 190]
				}
			}
		},
		"animation.aps_fire": {
			"animation_length": 0.1667,
			"bones": {
				"body": {
					"rotation": {
						"0.0": [0, 0, 0],
						"0.0417": [-1, 0, 0],
						"0.125": [0, 0, 0]
					}
				},
				"kurok": {
					"rotation": {
						"0.0": [75, 0, 0],
						"0.0417": [0, 0, 0]
					}
				},
				"zatvor": {
					"position": {
						"0.0": [0, 0, 0],
						"0.0417": [0, 0, 24],
						"0.125": [0, 0, 0]
					}
				},
				"gilza": {
					"rotation": {
						"0.0417": [0, 0, 0],
						"0.0833": [-35, 0, 0]
					},
					"position": {
						"0.0417": [0, 0, 4],
						"0.0833": [-31, 26, 4],
						"0.1667": [-129, 90, 94]
					}
				},
				"flash": {
					"position": [0, 4, -26],
					"scale": {
						"0.0": [0, 0, 0],
						"0.0417": [9, 9, 1.75],
						"0.0833": [0, 0, 0]
					}
				}
			}
		}
	}
}