{
	"format_version": "1.8.0",
	"animations": {
		"animation.pkm": {
			"loop": true,
			"bones": {
				"leftArm": {
					"rotation": [-109.2901, 45.1545, 28.89682],
					"position": [-5.775, -3.55, -8.925]
				},
				"rightArm": {
					"rotation": [-90, 0, 0],
					"position": [-0.125, 0.95, 1.1]
				},
				"gun": {
					"position": [0, 0.525, -0.575]
				},
				"root": {
					"rotation": [0, 180, 0],
					"position": [2, 0, -5]
				},
				"body": {
					"rotation": [0, 0, 0],
					"position": [5.5, -3.5, -1],
					"scale": [1.4, 1.3, 1.3]
				},
				"rightArm3": {
					"rotation": [0, 0, 0],
					"position": [0, 1, 1]
				}
			}
		},
		"animation.pkm_sprint": {
			"loop": true,
			"animation_length": 0.125,
			"bones": {
				"root": {
					"rotation": [0, 180, 0],
					"position": [2, 0, -5]
				},
				"body": {
					"rotation": [24.03271, -26.79524, -6.42848],
					"position": [0.5, 1.5, 2],
					"scale": [1.4, 1.3, 1.3]
				},
				"leftArm": {
					"rotation": [-109.2901, 45.1545, 28.89682],
					"position": [-5.775, -3.55, -8.925]
				},
				"rightArm": {
					"rotation": [-90, 0, 0],
					"position": [-0.125, 0.95, 1.1]
				},
				"rightArm3": {
					"rotation": [0, 0, 0],
					"position": [0, 1, 1]
				},
				"gun": {
					"position": [0, 0.525, -0.575]
				}
			}
		},
		"animation.pkm_reload": {
			"loop": true,
			"animation_length": 5.54167,
			"bones": {
				"leftArm": {
					"rotation": [-109.2901, 45.1545, 28.89682],
					"position": [-5.775, -3.55, -8.925]
				},
				"rightArm": {
					"rotation": {
						"0.0": [-90, 0, 0],
						"0.4167": {
							"pre": [-110.88852, -16.41371, 6.15491],
							"post": [-110.88852, -16.41371, 6.15491],
							"lerp_mode": "catmullrom"
						},
						"0.6667": {
							"post": [-138.38852, -16.41371, 6.15491],
							"lerp_mode": "catmullrom"
						},
						"1.125": {
							"post": [-90, -15, 0],
							"lerp_mode": "catmullrom"
						},
						"1.2083": {
							"post": [-90, -15, 0],
							"lerp_mode": "catmullrom"
						},
						"2.5833": {
							"post": [-90, -15, 0],
							"lerp_mode": "catmullrom"
						},
						"3.5": {
							"post": [-90, -15, 0],
							"lerp_mode": "catmullrom"
						},
						"3.625": {
							"post": [-97.5, -15, 0],
							"lerp_mode": "catmullrom"
						},
						"3.7083": {
							"post": [-90, -15, 0],
							"lerp_mode": "catmullrom"
						},
						"3.9167": {
							"post": [-122.5, -15, 0],
							"lerp_mode": "catmullrom"
						},
						"3.9583": {
							"post": [-122.5, -15, 0],
							"lerp_mode": "catmullrom"
						},
						"4.8333": {
							"post": [-122.5, -15, 0],
							"lerp_mode": "catmullrom"
						},
						"5.125": {
							"post": [-90, 0, 0],
							"lerp_mode": "catmullrom"
						},
						"5.1667": [-90, 0, 0]
					},
					"position": {
						"0.0": [-0.125, 0.95, 1.1],
						"0.2083": {
							"pre": [-2.32, 0.95, 1.1],
							"post": [-2.32, 0.95, 1.1],
							"lerp_mode": "catmullrom"
						},
						"0.4167": {
							"post": [-3.12, 0.95, 1.1],
							"lerp_mode": "catmullrom"
						},
						"0.6667": {
							"post": [-3.12, 3.075, -4.7],
							"lerp_mode": "catmullrom"
						},
						"0.875": {
							"post": [-4.77, 1.93, -4.29],
							"lerp_mode": "catmullrom"
						},
						"1.125": {
							"post": [-2.32, 0.175, -2.9],
							"lerp_mode": "catmullrom"
						},
						"1.2083": {
							"post": [-2.32, 0.175, -2.9],
							"lerp_mode": "catmullrom"
						},
						"1.3333": {
							"post": [-2.32, -0.33, -2.9],
							"lerp_mode": "catmullrom"
						},
						"1.4583": {
							"post": [-2.32, -0.33, -1.9],
							"lerp_mode": "catmullrom"
						},
						"1.8333": {
							"post": [-2.32, -6.33, -1.9],
							"lerp_mode": "catmullrom"
						},
						"1.9583": {
							"post": [-2.32, -6.33, -1.9],
							"lerp_mode": "catmullrom"
						},
						"2.375": {
							"post": [-2.32, -0.33, -1.9],
							"lerp_mode": "catmullrom"
						},
						"2.5": {
							"post": [-2.32, -0.33, -2.9],
							"lerp_mode": "catmullrom"
						},
						"2.5833": {
							"post": [-2.32, 0.175, -2.9],
							"lerp_mode": "catmullrom"
						},
						"2.8333": {
							"post": [-5.32, 2.2, -2.9],
							"lerp_mode": "catmullrom"
						},
						"3.0": {
							"post": [-3.82, 4.17, -2.9],
							"lerp_mode": "catmullrom"
						},
						"3.0833": {
							"post": [-3.82, 4.17, -2.9],
							"lerp_mode": "catmullrom"
						},
						"3.3333": {
							"post": [-3.82, 6.42, -2.9],
							"lerp_mode": "catmullrom"
						},
						"3.4583": {
							"post": [-2.82, 6.42, -2.9],
							"lerp_mode": "catmullrom"
						},
						"3.9167": {
							"post": [-2.82, 6.42, -2.9],
							"lerp_mode": "catmullrom"
						},
						"3.9583": {
							"post": [-2.82, 6.42, -2.9],
							"lerp_mode": "catmullrom"
						},
						"4.0833": {
							"post": [-2.82, 1.42, 2.1],
							"lerp_mode": "catmullrom"
						},
						"4.5833": {
							"post": [-3.02, -1.58, -1.9],
							"lerp_mode": "catmullrom"
						},
						"4.7083": {
							"post": [-3.02, -1.58, 1.1],
							"lerp_mode": "catmullrom"
						},
						"4.8333": {
							"post": [-3.02, -1.58, -1.9],
							"lerp_mode": "catmullrom"
						},
						"5.125": {
							"post": [-0.125, 0.95, 1.1],
							"lerp_mode": "catmullrom"
						},
						"5.1667": [-0.125, 0.95, 1.1]
					}
				},
				"gun": {
					"position": [0, 0.525, -0.575]
				},
				"root": {
					"rotation": [0, 180, 0],
					"position": [2, 0, -5]
				},
				"body": {
					"rotation": {
						"0.0": [0, 0, 0],
						"0.0833": [2.5, 0, 0],
						"0.25": [-0.56, 0, 0],
						"0.4167": [-0.4, 0, 0],
						"0.5417": [2.22, 0, 0],
						"0.8333": [0, 0, 0],
						"1.2083": {
							"pre": [1.10693, 12.45167, 35.12076],
							"post": [1.10693, 12.45167, 35.12076],
							"lerp_mode": "catmullrom"
						},
						"1.3333": {
							"post": [3.85325, 15.51879, 36.89956],
							"lerp_mode": "catmullrom"
						},
						"1.5833": {
							"post": [1.63784, 12.82215, 36.94829],
							"lerp_mode": "catmullrom"
						},
						"2.375": {
							"post": [1.10693, 12.45167, 35.12076],
							"lerp_mode": "catmullrom"
						},
						"2.5417": {
							"post": [-16.69891, 8.43456, 24.61367],
							"lerp_mode": "catmullrom"
						},
						"2.625": {
							"post": [-24.40833, 5.16936, 16.52782],
							"lerp_mode": "catmullrom"
						},
						"2.7083": {
							"post": [-29.43839, 4.46375, 14.33501],
							"lerp_mode": "catmullrom"
						},
						"3.25": {
							"post": [-29.43839, 4.46375, 14.33501],
							"lerp_mode": "catmullrom"
						},
						"3.5": {
							"post": [-9.52799, 1.49508, 17.41118],
							"lerp_mode": "catmullrom"
						},
						"3.5833": {
							"post": [-6.97464, 0.67849, 18.13892],
							"lerp_mode": "catmullrom"
						},
						"3.6667": {
							"post": [0, 0, 17.5],
							"lerp_mode": "catmullrom"
						},
						"4.0": {
							"post": [0.43591, -0.04241, 8.71007],
							"lerp_mode": "catmullrom"
						},
						"4.0833": {
							"post": [-2.12198, -0.03677, 6.32279],
							"lerp_mode": "catmullrom"
						},
						"4.25": {
							"post": [1.77653, -0.01069, 1.785],
							"lerp_mode": "catmullrom"
						},
						"4.3333": {
							"post": [0, 0, 0],
							"lerp_mode": "catmullrom"
						},
						"4.5417": {
							"post": [0, 0, 0],
							"lerp_mode": "catmullrom"
						},
						"4.7083": {
							"post": [-2.5, 0, 0],
							"lerp_mode": "catmullrom"
						},
						"5.0": {
							"post": [0, 0, 0],
							"lerp_mode": "catmullrom"
						},
						"5.0417": [0, 0, 0]
					},
					"position": {
						"0.0": [5.5, -3.5, -1],
						"0.8333": [5.5, -3.5, -1],
						"1.2083": {
							"pre": [8.5, -7.5, -1],
							"post": [8.5, -7.5, -1],
							"lerp_mode": "catmullrom"
						},
						"2.375": {
							"post": [8.5, -7.5, -1],
							"lerp_mode": "catmullrom"
						},
						"2.7083": {
							"post": [8.5, -10.5, -3],
							"lerp_mode": "catmullrom"
						},
						"3.25": {
							"post": [8.5, -10.5, -3],
							"lerp_mode": "catmullrom"
						},
						"3.6667": {
							"post": [5.5, -5.5, -1],
							"lerp_mode": "catmullrom"
						},
						"4.3333": {
							"post": [5.5, -3.5, -1],
							"lerp_mode": "catmullrom"
						},
						"5.0": {
							"post": [5.5, -3.5, -1],
							"lerp_mode": "catmullrom"
						},
						"5.0417": [5.5, -3.5, -1]
					},
					"scale": [1.4, 1.3, 1.3]
				},
				"krishka": {
					"rotation": {
						"0.4167": [0, 0, 0],
						"0.6667": [0, 0, 75],
						"3.9583": [0, 0, 75],
						"4.0833": [0, 0, 0]
					}
				},
				"ammo": {
					"position": {
						"1.2083": [0, 0, 0],
						"1.3333": [0, -8, 0],
						"1.4583": [-16, -8, 0],
						"1.8333": [-16, -104, 0],
						"1.9583": [-16, -104, 0],
						"2.375": [-16, -8, 0],
						"2.5": [0, -8, 0],
						"2.5833": [0, 0, 0]
					},
					"scale": [1, 1, 1]
				},
				"bone17": {
					"rotation": [0, 0, -105]
				},
				"lenta": {
					"position": {
						"1.9583": [5, -29, 0],
						"3.1667": [5, -29, 0],
						"3.3333": [5, 0, 0],
						"3.4583": [0, 0, 0]
					},
					"scale": {
						"0.5417": [0, 0, 0],
						"1.9167": [0, 0, 0],
						"1.9583": [1, 1, 1],
						"3.1667": [1, 1, 1],
						"3.3333": [1, 1, 1]
					}
				},
				"patron3": {
					"scale": {
						"1.9583": [0, 0, 0],
						"3.2083": [0, 0, 0],
						"3.25": [1, 1, 1]
					}
				},
				"patron4": {
					"scale": {
						"1.9583": [0, 0, 0],
						"3.2083": [0, 0, 0],
						"3.25": [1, 1, 1]
					}
				},
				"zatvor": {
					"position": {
						"4.5833": [0, 0, 0],
						"4.6667": [-48, 0, 0],
						"4.8333": [0, 0, 0]
					}
				},
				"rightArm3": {
					"rotation": [0, 0, 0],
					"position": [0, 1, 1]
				}
			},
			"sound_effects": {
				"0.2083": {
					"effect": "pkmopen"
				},
				"1.1667": {
					"effect": "pkmvihod"
				},
				"2.3333": {
					"effect": "pkmvhod"
				},
				"3.0": {
					"effect": "pkmlenta"
				},
				"3.9583": {
					"effect": "pkmclose"
				},
				"4.5417": {
					"effect": "pkmzatvor"
				}
			}
		},
		"animation.pkm_scope": {
			"loop": true,
			"bones": {
				"leftArm": {
					"rotation": [-109.2901, 45.1545, 28.89682],
					"position": [-5.775, -3.55, -8.925]
				},
				"rightArm": {
					"rotation": [-90, 0, 0],
					"position": [-0.125, 0.95, 1.1]
				},
				"gun": {
					"rotation": [-0.5, 0, 0],
					"position": [0, 0.525, -0.575]
				},
				"root": {
					"rotation": [0, 180, 0],
					"position": [2, 0, -5]
				},
				"body": {
					"rotation": [0, 0, 0],
					"position": [8.55, -1.45, 1],
					"scale": [1.4, 1.3, 1.3]
				},
				"rightArm3": {
					"rotation": [0, 0, 0],
					"position": [0, 1, 1]
				}
			}
		},
		"animation.pkm_empty": {
			"loop": true,
			"bones": {
				"lenta": {
					"scale": [0, 0, 0]
				}
			}
		},
		"animation.pkm_aim": {
			"loop": true,
			"bones": {
				"rightArm": {
					"rotation": [-90, 0, 0],
					"position": [-0.125, 0.95, 1.1]
				},
				"leftArm": {
					"rotation": [-109.2901, 45.1545, 28.89682],
					"position": [-5.775, -3.55, -8.925]
				},
				"gun": {
					"position": [0, 0.5, 0.25]
				},
				"root": {
					"rotation": [0, 180, 0],
					"position": [2, 0, -5]
				},
				"body": {
					"position": [5.5, -3.5, -1],
					"scale": [1.4, 1.3, 1.3]
				},
				"bone": {
					"position": [0, 0, -0.01]
				},
				"rightArm3": {
					"rotation": [-90, 0, 0],
					"position": [0, 1, 0]
				}
			}
		},
		"animation.pkm_fire": {
			"loop": true,
			"animation_length": 0.1667,
			"bones": {
				"1": {
					"position": {
						"0.0": [0, 0, 0],
						"0.0417": [0, 0.25, 0]
					}
				},
				"2": {
					"position": {
						"0.0": [0, 0, 0],
						"0.0417": [0, 0.25, 0]
					}
				},
				"3": {
					"position": {
						"0.0": [0, 0, 0],
						"0.0417": [0, 0.25, 0]
					}
				},
				"4": {
					"position": {
						"0.0": [0, 0, 0],
						"0.0417": [-0.25, 0.25, 0]
					}
				},
				"5": {
					"position": {
						"0.0": [0, 0, 0],
						"0.0417": [-1, 0, 0],
						"0.0833": [0.75, -1.5, 0]
					}
				},
				"root": {
					"rotation": {
						"0.0": [0, 0, 0],
						"0.0417": [-1.5, 0, 0],
						"0.0833": [0, 0, 0]
					}
				},
				"huynya": {
					"rotation": {
						"0.0": {
							"post": [0, 0, 0],
							"lerp_mode": "catmullrom"
						},
						"0.0417": {
							"post": [67.5, 0, 0],
							"lerp_mode": "catmullrom"
						},
						"0.125": {
							"post": [0, 0, 0],
							"lerp_mode": "catmullrom"
						},
						"0.1667": [0, 0, 0]
					}
				},
				"patron": {
					"position": {
						"0.0": {
							"post": [0, 0, 0],
							"lerp_mode": "catmullrom"
						},
						"0.0417": {
							"post": [-3.475, 4.825, 0],
							"lerp_mode": "catmullrom"
						},
						"0.125": {
							"post": [0, 0, 0],
							"lerp_mode": "catmullrom"
						},
						"0.1667": [0, 0, 0]
					}
				},
				"patron2": {
					"position": {
						"0.0": {
							"post": [0, 0, 0],
							"lerp_mode": "catmullrom"
						},
						"0.0417": {
							"post": [0, 4.125, 0],
							"lerp_mode": "catmullrom"
						},
						"0.125": {
							"post": [0, 0, 0],
							"lerp_mode": "catmullrom"
						},
						"0.1667": [0, 0, 0]
					}
				},
				"patron3": {
					"rotation": {
						"0.0": {
							"post": [0, 0, 0],
							"lerp_mode": "catmullrom"
						},
						"0.0417": {
							"post": [0, 0, -100],
							"lerp_mode": "catmullrom"
						},
						"0.125": {
							"post": [0, 0, 0],
							"lerp_mode": "catmullrom"
						},
						"0.1667": [0, 0, 0]
					},
					"position": {
						"0.0": {
							"post": [0, 0, 0],
							"lerp_mode": "catmullrom"
						},
						"0.0417": {
							"post": [12, 27, 0],
							"lerp_mode": "catmullrom"
						},
						"0.125": {
							"post": [0, 0, 0],
							"lerp_mode": "catmullrom"
						},
						"0.1667": [0, 0, 0]
					}
				},
				"patron4": {
					"rotation": {
						"0.0": {
							"post": [0, 0, 0],
							"lerp_mode": "catmullrom"
						},
						"0.0417": {
							"post": [0, 0, 102.5],
							"lerp_mode": "catmullrom"
						},
						"0.125": {
							"post": [0, 0, 0],
							"lerp_mode": "catmullrom"
						},
						"0.1667": [0, 0, 0]
					},
					"position": {
						"0.0": {
							"post": [0, 0, 0],
							"lerp_mode": "catmullrom"
						},
						"0.0417": {
							"post": [-33.8, 18.125, 0],
							"lerp_mode": "catmullrom"
						},
						"0.125": {
							"post": [0, 0, 0],
							"lerp_mode": "catmullrom"
						},
						"0.1667": [0, 0, 0]
					}
				},
				"patron5": {
					"rotation": {
						"0.0": {
							"post": [0, 0, 0],
							"lerp_mode": "catmullrom"
						},
						"0.0417": {
							"post": [0, 0, 105],
							"lerp_mode": "catmullrom"
						},
						"0.125": {
							"post": [0, 0, 0],
							"lerp_mode": "catmullrom"
						},
						"0.1667": [0, 0, 0]
					},
					"position": {
						"0.0": {
							"post": [0, 0, 0],
							"lerp_mode": "catmullrom"
						},
						"0.0417": {
							"post": [-21.75, 21, 0],
							"lerp_mode": "catmullrom"
						},
						"0.125": {
							"post": [0, 0, 0],
							"lerp_mode": "catmullrom"
						},
						"0.1667": [0, 0, 0]
					}
				},
				"patron6": {
					"rotation": {
						"0.0": {
							"post": [0, 0, 0],
							"lerp_mode": "catmullrom"
						},
						"0.0417": {
							"post": [0, 0, -87.5],
							"lerp_mode": "catmullrom"
						},
						"0.125": {
							"post": [0, 0, 0],
							"lerp_mode": "catmullrom"
						},
						"0.1667": [0, 0, 0]
					},
					"position": {
						"0.0": {
							"post": [0, 6, 0],
							"lerp_mode": "catmullrom"
						},
						"0.0417": {
							"post": [-10.375, 6, 0],
							"lerp_mode": "catmullrom"
						},
						"0.125": {
							"post": [0, 6, 0],
							"lerp_mode": "catmullrom"
						},
						"0.1667": [0, 6, 0]
					},
					"scale": {
						"0.0417": {
							"pre": [1, 1, 1],
							"post": [1, 1, 1],
							"lerp_mode": "catmullrom"
						}
					}
				},
				"patron7": {
					"scale": {
						"0.0": {
							"post": [0, 0, 0],
							"lerp_mode": "catmullrom"
						},
						"0.0417": {
							"post": [0, 0, 0],
							"lerp_mode": "catmullrom"
						},
						"0.125": {
							"post": [0, 0, 0],
							"lerp_mode": "catmullrom"
						},
						"0.1667": [0, 0, 0]
					}
				},
				"patron8": {
					"position": {
						"0.0": {
							"post": [0, 0, 0],
							"lerp_mode": "catmullrom"
						},
						"0.0417": {
							"post": [-9, 2, 0],
							"lerp_mode": "catmullrom"
						},
						"0.125": {
							"post": [0, 0, 0],
							"lerp_mode": "catmullrom"
						},
						"0.1667": [0, 0, 0]
					}
				},
				"flash": {
					"position": [0, 0, -11],
					"scale": {
						"0.0": [1, 1, 1],
						"0.0417": [170, 170, 200],
						"0.0833": [1, 1, 1]
					}
				}
			}
		},
		"animation.pkm2": {
			"loop": true,
			"bones": {
				"leftArm": {
					"rotation": [-109.2901, 45.1545, 28.89682],
					"position": [-5.775, -3.55, -8.925]
				},
				"rightArm": {
					"rotation": [-90, 0, 0],
					"position": [-0.125, 0.95, 1.1]
				},
				"gun": {
					"position": [0, 0.525, -0.575]
				},
				"root": {
					"rotation": [0, 180, 0],
					"position": [2, 0, -5]
				},
				"body": {
					"position": [5.5, -3.5, -1],
					"scale": [1.4, 1.3, 1.3]
				},
				"rightArm3": {
					"rotation": [0, 0, 0],
					"position": {
						"0.0": {
							"post": [0, -0.1, -0.05],
							"lerp_mode": "catmullrom"
						}
					}
				}
			}
		}
	}
}