{
	"format_version": "1.8.0",
	"animations": {
		"animation.toz": {
			"loop": true,
			"bones": {
				"root": {
					"rotation": [0, 180, 0],
					"position": [-2, -1, -2]
				},
				"leftArm": {
					"rotation": [-132.24682, 17.04679, -14.9092],
					"position": [-6.625, -4.9, -8.4]
				},
				"rightArm": {
					"rotation": [-90, 0, 0]
				}
			}
		},
		"animation.toz_reload": {
			"animation_length": 3.4167,
			"bones": {
				"root": {
					"rotation": [0, 180, 0],
					"position": [-2, -1, -2]
				},
				"body": {
					"rotation": {
						"0.0417": [0, 0, 0],
						"0.4583": {
							"pre": [-32.5, 0, 15],
							"post": [-32.5, 0, 15],
							"lerp_mode": "catmullrom"
						},
						"0.6667": {
							"post": [-31.26041, 0, 15.58173],
							"lerp_mode": "catmullrom"
						},
						"0.9583": {
							"post": [-34.0461, 0, 15.66888],
							"lerp_mode": "catmullrom"
						},
						"2.2083": {
							"post": [-35.53712, 0, 16.33483],
							"lerp_mode": "catmullrom"
						},
						"2.2917": {
							"post": [-33.02442, 0, 16.33069],
							"lerp_mode": "catmullrom"
						},
						"2.5": {
							"post": [-36.38661, 0, 16.49166],
							"lerp_mode": "catmullrom"
						},
						"2.9167": {
							"post": [-32.5, 0, 15],
							"lerp_mode": "catmullrom"
						},
						"3.125": [-5, 0, 0],
						"3.2083": [0, 0, 0]
					},
					"position": {
						"0.0417": [0, 0, 0],
						"0.4583": {
							"pre": [0, -7, 1],
							"post": [0, -7, 1],
							"lerp_mode": "catmullrom"
						},
						"2.9167": {
							"post": [0, -7, 1],
							"lerp_mode": "catmullrom"
						},
						"3.125": [0, 0, 0]
					}
				},
				"leftArm": {
					"rotation": {
						"0.0": [-132.24682, 17.04679, -14.9092],
						"1.2083": [-132.25, 17.05, -14.91],
						"1.625": [-182.9902, 45.05108, -57.20648],
						"2.0": [-182.9902, 45.05108, -57.20648],
						"2.2917": [-182.9902, 45.05108, -57.20648],
						"2.625": [-182.9902, 45.05108, -57.20648],
						"2.875": [-132.25, 17.05, -14.91]
					},
					"position": {
						"0.0": [-6.625, -4.9, -8.4],
						"0.125": {
							"pre": [-6.63, -5.7, -8.4],
							"post": [-6.63, -5.7, -8.4],
							"lerp_mode": "catmullrom"
						},
						"0.3333": {
							"post": [-6.63, -3.9, -11.4],
							"lerp_mode": "catmullrom"
						},
						"0.625": {
							"post": [-6.63, -8.9, -9.4],
							"lerp_mode": "catmullrom"
						},
						"1.2083": {
							"post": [0.37, -8.9, 2.6],
							"lerp_mode": "catmullrom"
						},
						"2.0": {
							"post": [-3.005, -0.125, -10.5],
							"lerp_mode": "catmullrom"
						},
						"2.2917": {
							"post": [-3.005, -0.125, -10.5],
							"lerp_mode": "catmullrom"
						},
						"2.875": {
							"post": [-6.63, -8.9, -9.4],
							"lerp_mode": "catmullrom"
						},
						"3.125": {
							"post": [-6.63, -3.9, -11.4],
							"lerp_mode": "catmullrom"
						},
						"3.4167": [-6.625, -4.9, -8.4]
					}
				},
				"rightArm": {
					"rotation": [-90, 0, 0]
				},
				"bone": {
					"rotation": {
						"0.0": [0, 0, 0],
						"0.3333": [0, 0, 0],
						"0.625": [72.5, 0, 0],
						"2.875": [72.5, 0, 0],
						"3.125": [0, 0, 0]
					}
				},
				"gilza": {
					"position": {
						"0.5": [0, 0, 0],
						"0.625": [0, 0, 128],
						"0.8333": [0, 0, 256],
						"1.7917": [0, 0, 256],
						"2.0833": [0, 0, 0]
					},
					"scale": {
						"1.75": [1, 1, 1],
						"1.7917": [0, 0, 0],
						"2.0833": [0, 0, 0],
						"2.125": [1, 1, 1]
					}
				}
			},
			"sound_effects": {
				"0.2917": {
					"effect": "tozgilza"
				},
				"0.4167": {
					"effect": "tozopen"
				},
				"1.7917": {
					"effect": "tozgilza"
				},
				"3.0417": {
					"effect": "tozclose"
				}
			}
		},
		"animation.toz_scope": {
			"loop": true,
			"bones": {
				"root": {
					"rotation": [0, 180, 0]
				},
				"body": {
					"position": [5, 0, 0]
				},
				"leftArm": {
					"rotation": [-132.24682, 17.04679, -14.9092],
					"position": [-6.625, -4.9, -8.4]
				},
				"rightArm": {
					"rotation": [-90, 0, 0],
					"position": [0.25, 1.5, 3]
				}
			}
		},
		"animation.toz_fire": {
			"animation_length": 0.25,
			"bones": {
				"body": {
					"rotation": {
						"0.0": [0, 0, 0],
						"0.0417": {
							"pre": [-5, 0, 0],
							"post": [-5, 0, 0],
							"lerp_mode": "catmullrom"
						},
						"0.2083": {
							"post": [0, 0, 0],
							"lerp_mode": "catmullrom"
						},
						"0.25": [0, 0, 0]
					},
					"position": {
						"0.0": [0, 0, 0],
						"0.0417": {
							"pre": [0, 0, 2],
							"post": [0, 0, 2],
							"lerp_mode": "catmullrom"
						},
						"0.2083": {
							"post": [0, 0, 0],
							"lerp_mode": "catmullrom"
						},
						"0.25": [0, 0, 0]
					}
				},
				"flash": {
					"position": [-10, 0, 0],
					"scale": {
						"0.0": [0, 0, 0],
						"0.0417": [40, 40, 40],
						"0.0833": [0, 0, 0]
					}
				}
			}
		}
	}
}