{
	"format_version": "1.10.0",
	"particle_effect": {
		"description": {
			"identifier": "addon:babah",
			"basic_render_parameters": {
				"material": "particles_blend",
				"texture": "textures/particle/babah"
			}
		},
		"components": {
			"minecraft:emitter_rate_instant": {
				"num_particles": 1
			},
			"minecraft:emitter_lifetime_once": {
				"active_time": 1
			},
			"minecraft:particle_lifetime_expression": {
				"max_lifetime": 2
			},
			"minecraft:particle_appearance_billboard": {
				"size": ["5", "5"],
				"facing_camera_mode": "lookat_xyz",
				"uv": {
					"texture_width": 384,
					"texture_height": 288,
					"flipbook": {
						"base_UV": [0, 0],
						"size_UV": [48, 48],
						"step_UV": [48, 48],
						"frames_per_second": 20,
						"max_frame": 40,
						"stretch_to_lifetime": true,
						"loop": true
					}
				}
			},
			"minecraft:particle_appearance_lighting": {}
		}
	}
}