{
	"format_version": "1.10.0",
	"particle_effect": {
		"description": {
			"identifier": "addon:smoke_3",
			"basic_render_parameters": {
				"material": "particles_blend",
				"texture": "textures/particle/smoke_3"
			}
		},
		"components": {
			"minecraft:emitter_rate_steady": {
				"spawn_rate": 6,
				"max_particles": 2
			},
			"minecraft:emitter_lifetime_once": {
				"active_time": 3
			},
			"minecraft:emitter_shape_point": {},
			"minecraft:particle_lifetime_expression": {
				"max_lifetime": 3
			},
			"minecraft:particle_initial_speed": 0.02,
			"minecraft:particle_motion_dynamic": {
				"linear_acceleration": [0, 1.2, 0]
			},
			"minecraft:particle_appearance_billboard": {
				"size": [1, 1],
				"facing_camera_mode": "rotate_xyz",
				"uv": {
					"texture_width": 64,
					"texture_height": 64,
					"flipbook": {
						"base_UV": [0, 0],
						"size_UV": [32, 32],
						"step_UV": [32, 0],
						"frames_per_second": 2,
						"max_frame": 4,
						"stretch_to_lifetime": true
					}
				}
			}
		}
	}
}