{
    "format_version": "1.8.0",
    "animations": {
        "animation.pkmreload": {
            "loop":"hold_on_last_frame",
            "animation_length": 5.541671,
            "timeline": {
                  "0.0": [ "/replaceitem entity @s slot.weapon.mainhand 0 addon:pkm_reload"],
                  "1": [ "/clear @s addon:pkm_mag 0 1", "/give @s addon:pkm_mag_empty"],
                  "5.54167": [  "/replaceitem entity @s[hasitem={item=addon:pkm_reload,location=slot.weapon.mainhand}] slot.weapon.mainhand 0 addon:pkm","/clear @s addon:pkm_reload" ]
            }
        }
    }
}