{
    "format_version": "1.8.0",
    "animation_controllers": {
        "controller.animation.ammo_pm":{
          "initial_state" : "event0",
            "states":{
                "event0":{
                    "transitions":[
                        {
                            "event1":"query.is_using_item==1&&query.get_equipped_item_name=='pm_mag_empty' && query.get_equipped_item_name('off_hand') == 'package9x18'"
                        }]
                },
                "event1": {
                    "transitions": [
                        {
                            "event0": "(1.0)"
                        }],
                    "on_entry": [
                        "/gamerule sendcommandfeedback false",
						"/function ammo_pm",
						"/playsound addon.patron @a[r=10]",
						"/clear @s addon:package9x18 0 1",
                        "/scoreboard objectives add pm_ammo dummy",
                        "/scoreboard players add @s pm_ammo 1",
"/execute @s[scores={pm_ammo=8..10000}] ~~~ clear @s addon:pm_mag_empty 0 1",
"/execute @s[scores={pm_ammo=8..10000}] ~~~ give @s addon:pm_mag",
"/execute @s[scores={pm_ammo=8..10000}] ~~~ scoreboard players set @s pm_ammo 0"
                    ]
                }
                
            }
        }
    }
}
