{
    "format_version": "1.8.0",
    "animation_controllers": {
        "controller.animation.ammo_pkm":{
          "initial_state" : "event0",
            "states":{
                "event0":{
                    "transitions":[
                        {
                            "event1":"query.is_using_item==1&&query.get_equipped_item_name=='pkm_mag_empty' && query.get_equipped_item_name('off_hand') == 'package7.62x54'"
                        }]
                },
                "event1": {
                    "transitions": [
                        {
                            "event0": "(1.0)"
                        }],
                    "on_entry": [
                        "/gamerule sendcommandfeedback false",
						"/function ammo_pkm",
						"/playsound addon.patron @a[r=10]",
						"/clear @s addon:package7.62x54 0 1",
                        "/scoreboard objectives add pkm_ammo dummy",
                        "/scoreboard players add @s pkm_ammo 1",
"/execute @s[scores={pkm_ammo=100..10000}] ~~~ clear @s addon:pkm_mag_empty 0 1",
"/execute @s[scores={pkm_ammo=100..10000}] ~~~ give @s addon:pkm_mag",
"/execute @s[scores={pkm_ammo=100..10000}] ~~~ scoreboard players set @s pkm_ammo 0"
                    ]
                }
                
            }
        }
    }
}
