{
    "format_version": "1.8.0",
    "animation_controllers": {
        "controller.animation.ammo_akm":{
          "initial_state" : "event0",
            "states":{
                "event0":{
                    "transitions":[
                        {
                            "event1":"query.is_using_item==1&&query.get_equipped_item_name=='akm_mag_empty' && query.get_equipped_item_name('off_hand') == 'package7.62x39'"
                        },
                        {
                            "empty":"query.equipped_item_any_tag('slot.weapon.mainhand','empty')"
                        }]
                },
                "event1": {
                    "transitions": [
                        {
                            "event0": "(1.0)"
                        }],
                    "on_entry": [
                        "/gamerule sendcommandfeedback false",
						"/function ammo_akm",
						"/playsound addon.patron @a[r=10]",
						"/clear @s addon:package7.62x39 0 1",
                        "/scoreboard objectives add akm_ammo dummy",
                        "/scoreboard players add @s akm_ammo 1",
"/execute @s[scores={akm_ammo=30..10000}] ~~~ clear @s addon:akm_mag_empty 0 1",
"/execute @s[scores={akm_ammo=30..10000}] ~~~ give @s addon:akm_mag",
"/execute @s[scores={akm_ammo=30..10000}] ~~~ scoreboard players set @s akm_ammo 0"
                    ]
                },
                "empty": {
                    "transitions": [
                        {
                            "event0": "(1.0)"
                        }],
                    "on_entry": [
                        "/title @s actionbar §cEmpty"
                    ]
                }
                
            }
        }
    }
}
