{
    "format_version": "1.8.0",
    "animation_controllers": {
        "controller.animation.ammo_svd":{
          "initial_state" : "event0",
            "states":{
                "event0":{
                    "transitions":[
                        {
                            "event1":"query.is_using_item==1&&query.get_equipped_item_name=='svd_mag_empty' && query.get_equipped_item_name('off_hand') == 'package7.62x54'"
                        },
                        {
             "scope": "query.equipped_item_any_tag('slot.weapon.mainhand','pso1') && query.is_sneaking"
                         },
                         {
              "scope": "query.equipped_item_any_tag('slot.weapon.mainhand','pgo7v') && query.is_sneaking"
                          },
                         {
              "scope": "query.equipped_item_any_tag('slot.weapon.mainhand','nspu') && query.is_sneaking"
                          },
                          {
               "unscope": "!query.is_sneaking"
                           }]
                },
                "event1": {
                    "transitions": [
                        {
                            "event0": "(1.0)"
                        }],
                    "on_entry": [
                        "/gamerule sendcommandfeedback false",
						"/function ammo_svd",
						"/playsound addon.patron @a[r=10]",
						"/clear @s addon:package7.62x54 0 1",
                        "/scoreboard objectives add svd_ammo dummy",
                        "/scoreboard players add @s svd_ammo 1",
"/execute @s[scores={svd_ammo=10..10000}] ~~~ clear @s addon:svd_mag_empty 0 1",
"/execute @s[scores={svd_ammo=10..10000}] ~~~ give @s addon:svd_mag",
"/execute @s[scores={svd_ammo=10..10000}] ~~~ scoreboard players set @s svd_ammo 0"
                    ]
                },
                "scope": {
                    "transitions": [
                        {
                            "event0": "(1.0)"
                        }],
                    "on_entry": [
                        "/gamerule sendcommandfeedback false",
            "/effect @s slowness 1 100 true",
            "/effect @s[hasitem={item=addon:svd_nspu,location=slot.weapon.mainhand}] night_vision 2 1 true",
            "/effect @s[hasitem={item=addon:svd_nspu_empty,location=slot.weapon.mainhand}] night_vision 2 1 true"
                    ]
                    },
                    "unscope": {
                        "transitions": [
                            {
                                "event0": "(1.0)"
                            }],
                        "on_entry": [
                            "/gamerule sendcommandfeedback false",
                            "/effect @s slowness 0 0 true",
                "/effect @s night_vision 0 0 true"
                        ]
                        },
                    "nspu": {
                        "transitions": [
                            {
                                "event0": "(1.0)"
                            }],
                        "on_entry": [
                            "/gamerule sendcommandfeedback false",
                "/effect @s night_vision 1 1 true"
                        ]
                        }
                
            }
        }
    }
}
