{
    "format_version": "1.8.0",
    "animation_controllers": {
        "controller.animation.ungp25":{
          "initial_state" : "event0",
            "states":{
                "event0":{
                    "transitions":[
                        {
                            "event1":"query.get_equipped_item_name('off_hand') == 'akms_gp25_empty'"
                        },
                        {
                            "aks74":"query.get_equipped_item_name('off_hand') == 'aks74_gp25_empty'"
                        },
                        {
                            "aks74u":"query.get_equipped_item_name('off_hand') == 'aks74u_pbs_empty'"
                        },
                        {
                            "event2":"query.get_equipped_item_name('off_hand') == 'akms_pbs_empty'"
                        },
                        {
                            "svd":"query.get_equipped_item_name('off_hand') == 'svd_pso1_empty'"
                        },
                        {
                            "svd2":"query.get_equipped_item_name('off_hand') == 'svd_nspu_empty'"
                        },
                        {
                            "rpg7":"query.get_equipped_item_name('off_hand') == 'rpg7v_pgo7v_empty'"
                        }
						]
                },
                "rpg7": {
                    "transitions": [
                        {
                            "event0": "(1.0)"
                        }],
                    "on_entry": [
                        "/gamerule sendcommandfeedback false",
            "/give @s addon:rpg7v_empty",
            "/give @s addon:pgo7v",
            "/clear @s addon:rpg7v_pgo7v_empty",
"/camerashake add @s 0.02 1 rotational"
                    ]
                },
                "event1": {
                    "transitions": [
                        {
                            "event0": "(1.0)"
                        }],
                    "on_entry": [
                        "/gamerule sendcommandfeedback false",
            "/give @s addon:akms_empty",
            "/give @s addon:gp25",
            "/clear @s addon:akms_gp25_empty",
"/camerashake add @s 0.02 1 rotational"
                    ]
                },
                "aks74": {
                    "transitions": [
                        {
                            "event0": "(1.0)"
                        }],
                    "on_entry": [
                        "/gamerule sendcommandfeedback false",
            "/give @s addon:aks74_empty",
            "/give @s addon:gp25",
            "/clear @s addon:aks74_gp25_empty",
"/camerashake add @s 0.02 1 rotational"
                    ]
                },
                "aks74u": {
                    "transitions": [
                        {
                            "event0": "(1.0)"
                        }],
                    "on_entry": [
                        "/gamerule sendcommandfeedback false",
            "/give @s addon:aks74u_empty",
            "/give @s addon:pbs4",
            "/clear @s addon:aks74u_pbs_empty",
"/camerashake add @s 0.02 1 rotational"
                    ]
                },
                "event2": {
                    "transitions": [
                        {
                            "event0": "(1.0)"
                        }],
                    "on_entry": [
                        "/gamerule sendcommandfeedback false",
            "/give @s addon:akms_empty",
            "/give @s addon:pbs1",
            "/clear @s addon:akms_pbs_empty",
"/camerashake add @s 0.02 1 rotational"
                    ]
                },
                "svd": {
                    "transitions": [
                        {
                            "event0": "(1.0)"
                        }],
                    "on_entry": [
                        "/gamerule sendcommandfeedback false",
            "/give @s addon:svd_empty",
            "/give @s addon:pso1",
            "/clear @s addon:svd_pso1_empty",
"/camerashake add @s 0.02 1 rotational"
                    ]
                },
                "svd2": {
                    "transitions": [
                        {
                            "event0": "(1.0)"
                        }],
                    "on_entry": [
                        "/gamerule sendcommandfeedback false",
            "/give @s addon:svd_empty",
            "/give @s addon:nspu",
            "/clear @s addon:svd_nspu_empty",
"/camerashake add @s 0.02 1 rotational"
                    ]
                }
            }
        }
    }
}