{
    "format_version": "1.8.0",
    "animations": {
        "animation.akmsfire": {
            "loop":"hold_on_last_frame",
            "animation_length": 0.05,
            "timeline": {
                  "0.0": [ "/camerashake add @s 0.01 0.05 rotational", "@s 7.62x39_bullet", "/playanimation @s animation.akms_fire", "/function akms", "@s 7.62x39_bullet", "/playanimation @s animation.akms_fire", "/execute @s[hasitem={item=addon:akms_gp25,location=slot.weapon.mainhand}] ~~~ playsound addon.akm @a[r=200]", "/playanimation @s animation.akms_fire", "/execute @s[hasitem={item=addon:akms,location=slot.weapon.mainhand}] ~~~ playsound addon.akm @a[r=200]", "/execute @s[hasitem={item=addon:akms_pbs,location=slot.weapon.mainhand}] ~~~ playsound addon.akm_pbs1 @a[r=50]", "/function akms_hold" ]
            }
        }
    }
}