{
    "format_version": "1.8.0",
    "animations": {
        "animation.akmsreload": {
            "loop":"hold_on_last_frame",
            "animation_length": 3.7,
            "timeline": {
                  "0.0": [ "/camerashake add @s 0.01 4.3583 rotational", "/execute @s[hasitem={item=addon:akms_gp25r2,location=slot.weapon.mainhand}] ~~~ replaceitem entity @s slot.weapon.mainhand 0 addon:akms_gp25_reload", "/execute @s[hasitem={item=addon:akms_pbsr2,location=slot.weapon.mainhand}] ~~~ replaceitem entity @s slot.weapon.mainhand 0 addon:akms_pbs_reload", "/execute @s[hasitem={item=addon:akmsr2,location=slot.weapon.mainhand}] ~~~ replaceitem entity @s slot.weapon.mainhand 0 addon:akms_reload"],
                  "1": [ "/clear @s addon:akm_mag 0 1", "/give @s addon:akm_mag_empty"],
                  "3.66667": [  "/replaceitem entity @s[hasitem={item=addon:akms_gp25_reload,location=slot.weapon.mainhand}] slot.weapon.mainhand 0 addon:akms_gp25", "/replaceitem entity @s[hasitem={item=addon:akms_reload,location=slot.weapon.mainhand}] slot.weapon.mainhand 0 addon:akms", "/replaceitem entity @s[hasitem={item=addon:akms_pbs_reload,location=slot.weapon.mainhand}] slot.weapon.mainhand 0 addon:akms_pbs", "/clear @s addon:akms_reload", "/clear @s addon:akms_pbs_reload", "/clear @s addon:akms_gp25_reload" ]
            }
        }
    }
}