{
    "format_version": "1.10.0",
    "animation_controllers": {
        "controller.animation.svd": {
            "initial_state": "default",
            "states": {
            "default": {
            "transitions": [
                       {
            "shoot": "query.equipped_item_any_tag('slot.weapon.mainhand','svd') && !query.equipped_item_any_tag('slot.weapon.mainhand','empty') && q.is_using_item && query.all_animations_finished"
                        },
                        {
             "hold": "query.equipped_item_any_tag('slot.weapon.mainhand','svd') && !query.equipped_item_any_tag('slot.weapon.mainhand','empty')"
                         },
                        {
             "reload2": "query.equipped_item_any_tag('slot.weapon.mainhand','svd') && query.equipped_item_any_tag('slot.weapon.mainhand','empty') && query.equipped_item_any_tag('slot.weapon.offhand','svd_mag') && q.is_using_item && query.all_animations_finished"
                         },
                         {
              "reload": "query.equipped_item_any_tag('slot.weapon.mainhand','svd') && query.equipped_item_any_tag('slot.weapon.mainhand','r2') && query.all_animations_finished"
                          },
                          {
               "reload2": "query.equipped_item_any_tag('slot.weapon.mainhand','svd') && query.equipped_item_any_tag('slot.weapon.mainhand','empty') && query.equipped_item_any_tag('slot.armor.feet','rps') && !query.equipped_item_any_tag('slot.weapon.offhand','attachment') && query.all_animations_finished && q.is_using_item"
                           },
                           {
                "reload2": "query.equipped_item_any_tag('slot.weapon.mainhand','svd') && query.equipped_item_any_tag('slot.weapon.mainhand','empty') && query.equipped_item_any_tag('slot.armor.chest','rps') && !query.equipped_item_any_tag('slot.weapon.offhand','attachment') && query.all_animations_finished && q.is_using_item"
                            }
                    ]
                },
            "shoot": {
            "animations": ["svdfire"],
            "transitions": [
                      {
            "default":"query.all_animations_finished"
            }
                   ]
                },
                "shoot_gp": {
                "animations": ["gp_fire"],
                "transitions": [
                          {
                "default":"query.all_animations_finished"
                }
                       ]
                    },
            "reload": {
            "animations": ["svdreload"],
            "transitions": [
                      {
            "default":"query.all_animations_finished"
            }
                   ]
                },
                "reload2": {
                    "transitions": [
                        {
                            "event0": "(1.0)"
                        }],
                    "on_entry": [
                        "/gamerule sendcommandfeedback false",
            "/execute @s[hasitem={item=addon:svd_empty,location=slot.weapon.mainhand}] ~~~ replaceitem entity @s[hasitem={item=addon:svd_mag}] slot.weapon.mainhand 0 addon:svdr2",
            "/execute @s[hasitem={item=addon:svd_pso1_empty,location=slot.weapon.mainhand}] ~~~ replaceitem entity @s[hasitem={item=addon:svd_mag}] slot.weapon.mainhand 0 addon:svd_pso1r2",
            "/execute @s[hasitem={item=addon:svd_nspu_empty,location=slot.weapon.mainhand}] ~~~ replaceitem entity @s[hasitem={item=addon:svd_mag}] slot.weapon.mainhand 0 addon:svd_nspur2"
                    ]
                    },
                    "hold": {
                        "transitions": [
                            {
                                "event0": "(1.0)"
                            }],
                        "on_entry": [
                            "/gamerule sendcommandfeedback false",
                "/function svd_hold"
                        ]
                        }
            }
        }
    }
}