
[
	
	{
		"pack_id" : "26ac0fd2-b645-4c1f-b229-6480ecff7bb1",
		"version" : [ 0, 0, 6 ]
	},
	
	{
		"pack_id" : "f1036844-d93c-42d4-a988-378eaa80d0fa",
		"subpack" : "vein-miner",
		"version" : [ 0, 0, 6 ]
	},
	
	{
		"pack_id" : "12c12eb1-a9a7-44d6-8775-3c6bf28bb174",
		"version" : [ 0, 0, 6 ]
	},
	
	{
		"pack_id" : "cae960cc-13df-4c1d-bc1f-1fde1480a779",
		"version" : [ 0, 0, 3 ]
	},
	
	{
		"pack_id" : "ca37bfda-568d-4235-81ac-e865d7d877c6",
		"version" : [ 0, 0, 6 ]
	},
	
	{
		"pack_id" : "8ade6eae-72a9-41b7-9683-e0b9208f7f38",
		"version" : [ 1, 8, 3 ]
	},
	
	{
		"pack_id" : "1b11635e-912f-4918-bab3-cfa2296761ac",
		"version" : [ 1, 9, 0 ]
	}
]
