{"packs":[{"can_be_redownloaded":false,"name":"Old Ores Texture Pack","uuid":"a3ad184c-1618-481d-8d4f-8e9a87e25109","version":[1,0,0]},{"can_be_redownloaded":false,"name":"NOVA Shader Shader","uuid":"2212ba3b-5f55-4a07-8ecc-92f6c48304ac","version":[1,1,935]},{"can_be_redownloaded":false,"name":"Compressed - v0.0.3 RP","uuid":"07793927-54ce-4e7c-b701-cceef9ea7f27","version":[0,0,3]},{"can_be_redownloaded":false,"name":"Medieval banner convert v1.3","uuid":"babababa-dbdb-4d1b-87ad-e23f9ffaaac7","version":[1,3,0]},{"can_be_redownloaded":false,"name":"Soviet Afgan war addon V0.1","uuid":"b26e38cd-6716-4731-8ea3-8c363a8eb671","version":[1,8,3]},{"can_be_redownloaded":false,"name":"Block Duplicator Addon","uuid":"a66f5de0-c143-48e5-94bc-7ff5290214fe","version":[0,0,1]},{"can_be_redownloaded":false,"name":"Not Enough Industrialization","uuid":"8ff0c294-5490-4f6c-b329-de274b92c3b1","version":[1,0,12]},{"can_be_redownloaded":false,"name":"§9Enhanced§bCaverns","uuid":"69a064ca-73dd-466e-9a50-c7780b6d1d01","version":[0,0,1]},{"can_be_redownloaded":false,"name":"§cSIMPLE §fUI Pack","uuid":"72ac427d-5fca-41d2-96c8-e984d1a090bb","version":[1,5,0]},{"can_be_redownloaded":false,"name":{"en_US":"Bare Bones Texture Pack"},"uuid":"065fe950-4fe4-468d-a445-779161fad878","version":[1,1,4]}]}
