{
    "format_version": "1.8.0",
    "animations": {
        "animation.svdreload": {
            "loop":"hold_on_last_frame",
            "animation_length": 3.7,
            "timeline": {
                  "0.0": [ "/camerashake add @s 0.01 4.3583 rotational", "/execute @s[hasitem={item=addon:svd_nspur2,location=slot.weapon.mainhand}] ~~~ replaceitem entity @s slot.weapon.mainhand 0 addon:svd_nspu_reload", "/execute @s[hasitem={item=addon:svd_pso1r2,location=slot.weapon.mainhand}] ~~~ replaceitem entity @s slot.weapon.mainhand 0 addon:svd_pso1_reload", "/execute @s[hasitem={item=addon:svdr2,location=slot.weapon.mainhand}] ~~~ replaceitem entity @s slot.weapon.mainhand 0 addon:svd_reload"],
                  "1": [ "/clear @s addon:svd_mag 0 1", "/give @s addon:svd_mag_empty"],
                  "3.66667": ["/replaceitem entity @s[hasitem={item=addon:svd_nspu_reload,location=slot.weapon.mainhand}] slot.weapon.mainhand 0 addon:svd_nspu", "/replaceitem entity @s[hasitem={item=addon:svd_pso1_reload,location=slot.weapon.mainhand}] slot.weapon.mainhand 0 addon:svd_pso1", "/replaceitem entity @s[hasitem={item=addon:svd_reload,location=slot.weapon.mainhand}] slot.weapon.mainhand 0 addon:svd","/clear @s addon:svd_reload", "/clear @s addon:svd_pso1_reload", "/clear @s addon:svd_nspu_reload" ]
            }
        }
    }
}