{
	"format_version": "1.20.50",
	"minecraft:block": {
		"description": {
			"identifier": "dm:com_net_1",
			"menu_category": {
				"category": "construction"
			}
		},
		"components": {
			"minecraft:loot": "loot_tables/blocks/dm_com_net_1.json",
			"minecraft:collision_box": true,
			"minecraft:destructible_by_mining": {
				"seconds_to_destroy": 1
			},
			"minecraft:destructible_by_explosion": {
				"explosion_resistance": 0.4
			},
			"minecraft:material_instances": {
				"*": {
					"texture": "dm:com_net_1",
					"render_method": "blend"
				}
			},
			"minecraft:map_color": "#700200"
		}
	}
}