{
  "format_version": "1.16.100",
  "minecraft:item": {
    "description": {
      "identifier": "addon:aks74u_pbs_empty",
      "category": "commands"
    },
    "components": {
"tag:aks74u": {},
"tag:ak": {},
"tag:pbs4": {},
    "minecraft:display_name": {
        "value": "AKS-74U empty \nUSSR \nAK 5.45x39 mag"
        },
      "minecraft:stacked_by_data": true,
      "minecraft:hand_equipped": true,
      "minecraft:max_stack_size": 1,
      "minecraft:use_duration": 999999,
      "minecraft:allow_off_hand": true,
      "minecraft:food": {
        "can_always_eat": true
      },
      "minecraft:cooldown": {
        "category": "chorusfruit",
        "duration": 0
      },
      "minecraft:render_offsets": {
        "main_hand": {
          "first_person": {
            "scale": [
              0.0,
              0.0,
              0.0
            ]
          },
          "third_person": {
            "scale": [
              0.0,
              0.0,
              0.0
            ]
          }
        }
      },
      "minecraft:icon": {
        "texture": "aks74u_pbs"
      },
      "tag:gun": {},
      "tag:empty": {},
      "minecraft:can_destroy_in_creative": false,
      "minecraft:creative_category": {
        "parent": "equipment"
      }
    }
  }
}