{
	"format_version": "1.8.0",
	"animations": {
		"animation.armor_2": {
			"loop": true,
			"bones": {
				"jacket": {
					"scale": 0
				}
			}
		},
		"animation.armor": {
			"loop": true,
			"bones": {
				"jacket": {
					"scale": 0
				},
				"leftSleeve": {
					"scale": 0
				},
				"rightSleeve": {
					"scale": 0
				},
				"rightPants": {
					"scale": 0
				},
				"leftPants": {
					"scale": 0}
			}
		},
		"animation.crawl2": {
			"loop": true,
			"animation_length": 0.86,
			"bones": {
				"body": {
					"rotation": [90, 0, 0],
					"position": [0, -6, -8]
				},
				"rightLeg": {
					"rotation": {
						"0.0": [157.5, -30, 0],
						"0.48": [157.5, -30, 0],
						"0.66": [157.5, -30, 0]
					},
					"position": {
						"0.0": [0, 6, 4],
						"0.66": [0, 6, 4]
					}
				},
				"leftLeg": {
					"rotation": {
						"0.0": [157.5, 30, 0],
						"0.48": [157.5, 30, 0],
						"0.68": [157.5, 30, 0]
					},
					"position": {
						"0.0": [0, 6, 4],
						"0.66": [0, 6, 4]
					}
				},
				"leftArm": {
					"rotation": [215, 0, 0],
					"position": {
						"0.0": [0, 0, -1],
						"0.16": [0, 0, 0],
						"0.38": [0, 4, 0],
						"0.58": [0, 4, -1],
						"0.82": [0, 0, -1]
					}
				},
				"rightArm": {
					"rotation": [-145, 0, 0],
					"position": {
						"0.0": [0, 0, -1],
						"0.16": [0, 0, 0],
						"0.38": [0, 4, 0],
						"0.58": [0, 4, -1],
						"0.82": [0, 0, -1]
					}
				},
				"head": {
					"rotation": [20, 0, 0],
					"position": [0, 0, 0]
				},
				"rightArm3": {
					"rotation": [-90, 0, 0],
					"position": {
						"0.0": [0, 0, 0],
						"0.16": [0, 0, 1],
						"0.38": [0, 4, 1],
						"0.58": [0, 4, 0],
						"0.82": [0, 0, 0]
					}
				},
				"huynya_soshki": {
					"rotation": [35, 0, -90]
				},
				"huynya_soshki2": {
					"rotation": [-35, 0, -90]
				}
			}
		},
		"animation.crawl1": {
			"loop": true,
			"bones": {
				"body": {
					"rotation": [90, 0, 0],
					"position": [0, -6, -8]
				},
				"rightLeg": {
					"rotation": [157.5, -30, 0],
					"position": [0, 6, 4]
				},
				"leftLeg": {
					"rotation": [157.5, 30, 0],
					"position": [0, 6, 4]
				},
				"leftArm": {
					"rotation": [215, 0, 0],
					"position": [0, 0, -1]
				},
				"rightArm": {
					"rotation": [215, 0, 0],
					"position": [0, 0, -1]
				},
				"head": {
					"rotation": [20, 0, 0],
					"position": [0, 0, 0]
				},
				"rightArm3": {
					"rotation": [-90, 0, 0],
					"position": [0, 0, 0]
				},
				"huynya_soshki": {
					"rotation": [35, 0, -90]
				},
				"huynya_soshki2": {
					"rotation": [-35, 0, -90]
				}
			}
		},
		"animation.riding_bmp2d_navodchik": {
			"loop": true,
			"animation_length": 0.125,
			"bones": {
				"root": {
					"position": [0, -10, 4],
					"rotation": [0, "query.head_y_rotation", 0],
					"scale": 0.8
				},
				"body": {
					"position": [13, 0, 0]
				},
				"head": {
					"rotation": [0, "query.head_y_rotation", 0]
				},
				"leftLeg": {
					"position": [13, 2, 0]
				},
				"rightLeg": {
					"position": [13, 2, 0]
				}
			}
		}
	}
}