{
	"format_version": "1.8.0",
	"animations": {
		"animation.ai2_use": {
			"animation_length": 4.83333,
			"bones": {
				"shprits": {
					"scale": {
						"1.0417": [1, 1, 1],
						"1.0833": [0, 0, 0]
					}
				},
				"krishka2": {
					"rotation": {
						"0.5417": [0, 0, 0],
						"0.7083": [135, 0, 0],
						"3.7083": [135, 0, 0],
						"3.875": [0, 0, 0]
					}
				},
				"leftArm": {
					"rotation": {
						"0.0": [-90, 15, 0],
						"0.375": {
							"pre": [-90, 15, 0],
							"post": [-90, 15, 0],
							"lerp_mode": "catmullrom"
						},
						"0.625": {
							"post": [-91.3378, 14.94159, -5.17544],
							"lerp_mode": "catmullrom"
						},
						"2.0": {
							"post": [-91.3378, 14.94159, -5.17544],
							"lerp_mode": "catmullrom"
						},
						"2.2917": {
							"post": [-100.26078, 11.00072, -43.49069],
							"lerp_mode": "catmullrom"
						},
						"2.7917": {
							"post": [-100.26078, 11.00072, -43.49069],
							"lerp_mode": "catmullrom"
						},
						"3.7083": {
							"post": [-90, 15, 0],
							"lerp_mode": "catmullrom"
						},
						"3.75": [-90, 15, 0]
					}
				},
				"rightArm": {
					"rotation": {
						"0.0": [-90, 0, 0],
						"0.125": [-90, 0, 0],
						"0.5": {
							"pre": [-90, -25, 0],
							"post": [-90, -25, 0],
							"lerp_mode": "catmullrom"
						},
						"0.5417": {
							"post": [-90, -25, 0],
							"lerp_mode": "catmullrom"
						},
						"0.7083": {
							"post": [-117.5, -25, 0],
							"lerp_mode": "catmullrom"
						},
						"0.75": {
							"post": [-117.5, -25, 0],
							"lerp_mode": "catmullrom"
						},
						"1.4167": {
							"post": [-117.5, -25, 0],
							"lerp_mode": "catmullrom"
						},
						"2.0": {
							"post": [-117.5, -25, 0],
							"lerp_mode": "catmullrom"
						},
						"2.375": {
							"post": [-105.98581, 33.25457, 101.48742],
							"lerp_mode": "catmullrom"
						},
						"2.8333": {
							"post": [-105.99, 33.25, 101.49],
							"lerp_mode": "catmullrom"
						},
						"3.0833": {
							"post": [-134.04799, 46.75495, -10.22102],
							"lerp_mode": "catmullrom"
						},
						"3.2917": {
							"post": [-134.04799, 46.75495, -10.22102],
							"lerp_mode": "catmullrom"
						},
						"3.7083": {
							"post": [-117.5, -25, 0],
							"lerp_mode": "catmullrom"
						},
						"3.875": {
							"post": [-90, -25, 0],
							"lerp_mode": "catmullrom"
						},
						"4.25": [-90, 0, 0]
					},
					"position": {
						"0.0": [3, -11, 0],
						"0.125": [3, -11, 0],
						"0.5": {
							"pre": [1, -0.525, -1.35],
							"post": [1, -0.525, -1.35],
							"lerp_mode": "catmullrom"
						},
						"0.5417": {
							"post": [1, -0.525, -1.35],
							"lerp_mode": "catmullrom"
						},
						"0.7083": {
							"post": [1, 1.47, -1.05],
							"lerp_mode": "catmullrom"
						},
						"0.75": {
							"post": [1, 1.47, -1.05],
							"lerp_mode": "catmullrom"
						},
						"1.0417": {
							"post": [2.625, -1.53, -1.675],
							"lerp_mode": "catmullrom"
						},
						"1.0833": {
							"post": [2.625, -1.53, -1.675],
							"lerp_mode": "catmullrom"
						},
						"1.4167": {
							"post": [-0.37, -1.53, 2.33],
							"lerp_mode": "catmullrom"
						},
						"1.625": {
							"post": [-0.63, -1.53, 2.63],
							"lerp_mode": "catmullrom"
						},
						"1.7083": {
							"post": [-0.63, -0.53, 2.62],
							"lerp_mode": "catmullrom"
						},
						"1.7917": {
							"post": [-0.63, -1.53, 2.63],
							"lerp_mode": "catmullrom"
						},
						"2.0": {
							"post": [-0.37, -1.53, 2.33],
							"lerp_mode": "catmullrom"
						},
						"2.375": {
							"post": [0.505, -1.53, 2.33],
							"lerp_mode": "catmullrom"
						},
						"2.4583": {
							"post": [2.085, -1.53, 2.33],
							"lerp_mode": "catmullrom"
						},
						"2.7917": {
							"post": [2.085, -1.53, 2.33],
							"lerp_mode": "catmullrom"
						},
						"2.8333": {
							"post": [2.09, -1.53, 2.33],
							"lerp_mode": "catmullrom"
						},
						"3.0833": {
							"post": [2.09, -3.53, 2.33],
							"lerp_mode": "catmullrom"
						},
						"3.2917": {
							"post": [2.09, -3.53, 2.33],
							"lerp_mode": "catmullrom"
						},
						"3.7083": {
							"post": [1, 1.47, -1.05],
							"lerp_mode": "catmullrom"
						},
						"3.875": {
							"post": [1, -0.525, -1.35],
							"lerp_mode": "catmullrom"
						},
						"4.25": [3, -11, 0]
					}
				},
				"root": {
					"rotation": [0, 180, 0]
				},
				"body": {
					"rotation": {
						"0.0": {
							"post": [62.5, 0, 0],
							"lerp_mode": "catmullrom"
						},
						"0.5417": {
							"post": [0, 0, 0],
							"lerp_mode": "catmullrom"
						},
						"3.8333": {
							"post": [0, 0, 0],
							"lerp_mode": "catmullrom"
						},
						"4.2083": {
							"post": [62.5, 0, 0],
							"lerp_mode": "catmullrom"
						},
						"4.25": [62.5, 0, 0]
					},
					"position": {
						"0.0": {
							"post": [0, 0, 0],
							"lerp_mode": "catmullrom"
						},
						"0.5417": {
							"post": [0, 0, 0],
							"lerp_mode": "catmullrom"
						},
						"3.8333": {
							"post": [0, 0, 0],
							"lerp_mode": "catmullrom"
						},
						"4.2083": {
							"post": [0, 0, 0],
							"lerp_mode": "catmullrom"
						},
						"4.25": [0, 0, 0]
					}
				},
				"apteka": {
					"rotation": [-32.13784, 22.38306, -24.79873],
					"position": [-2.3, 0.35, -0.4]
				},
				"shprits4": {
					"rotation": {
						"1.0417": [0, 0, 0],
						"1.0833": [25, 0, 0]
					},
					"position": {
						"0.0": [0, 0, 2],
						"1.0417": [0, 0, 2],
						"1.0833": [-0.125, -0.45, 1.375],
						"1.25": [-0.12, -0.45, -0.62],
						"1.625": [-0.12, -0.45, -0.62],
						"1.7083": [-0.12, -0.45, 0.38],
						"1.7917": [-0.12, -0.45, -0.62],
						"3.0833": [-0.12, -0.45, -0.62],
						"3.2917": [-0.12, -9.45, 9.38],
						"3.3333": [-6.12, -9.45, 32.38]
					},
					"scale": {
						"3.2917": [1, 1, 1],
						"3.3333": [0, 0, 0]
					}
				},
				"krishka6": {
					"position": {
						"1.6667": [0, 0, 0],
						"1.75": [0, 0, -3],
						"1.8333": [-5, 0, -3],
						"2.0417": [-5, 0, 10]
					},
					"scale": {
						"1.8333": [1, 1, 1],
						"2.0417": [0, 0, 0]
					}
				}
			},
			"sound_effects": {
				"0.5833": {
					"effect": "krishka"
				},
				"3.25": {
					"effect": "krishka2"
				}
			}
		},
		"animation.ai1m_use": {
			"animation_length": 4.83333,
			"bones": {
				"shprits": {
					"scale": {
						"1.0417": [1, 1, 1],
						"1.0833": [0, 0, 0]
					}
				},
				"krishka2": {
					"rotation": {
						"0.5417": [0, 0, 0],
						"0.7083": [135, 0, 0],
						"3.7083": [135, 0, 0],
						"3.875": [0, 0, 0]
					}
				},
				"leftArm": {
					"rotation": {
						"0.0": [-90, 15, 0],
						"0.375": {
							"pre": [-90, 15, 0],
							"post": [-90, 15, 0],
							"lerp_mode": "catmullrom"
						},
						"0.625": {
							"post": [-91.3378, 14.94159, -5.17544],
							"lerp_mode": "catmullrom"
						},
						"2.0": {
							"post": [-91.3378, 14.94159, -5.17544],
							"lerp_mode": "catmullrom"
						},
						"2.2917": {
							"post": [-100.26078, 11.00072, -43.49069],
							"lerp_mode": "catmullrom"
						},
						"2.7917": {
							"post": [-100.26078, 11.00072, -43.49069],
							"lerp_mode": "catmullrom"
						},
						"3.7083": {
							"post": [-90, 15, 0],
							"lerp_mode": "catmullrom"
						},
						"3.75": [-90, 15, 0]
					}
				},
				"rightArm": {
					"rotation": {
						"0.0": [-90, 0, 0],
						"0.125": [-90, 0, 0],
						"0.5": {
							"pre": [-90, -25, 0],
							"post": [-90, -25, 0],
							"lerp_mode": "catmullrom"
						},
						"0.5417": {
							"post": [-90, -25, 0],
							"lerp_mode": "catmullrom"
						},
						"0.7083": {
							"post": [-117.5, -25, 0],
							"lerp_mode": "catmullrom"
						},
						"0.75": {
							"post": [-117.5, -25, 0],
							"lerp_mode": "catmullrom"
						},
						"1.4167": {
							"post": [-117.5, -25, 0],
							"lerp_mode": "catmullrom"
						},
						"2.0": {
							"post": [-117.5, -25, 0],
							"lerp_mode": "catmullrom"
						},
						"2.375": {
							"post": [-105.98581, 33.25457, 101.48742],
							"lerp_mode": "catmullrom"
						},
						"2.8333": {
							"post": [-105.99, 33.25, 101.49],
							"lerp_mode": "catmullrom"
						},
						"3.0833": {
							"post": [-134.04799, 46.75495, -10.22102],
							"lerp_mode": "catmullrom"
						},
						"3.2917": {
							"post": [-134.04799, 46.75495, -10.22102],
							"lerp_mode": "catmullrom"
						},
						"3.7083": {
							"post": [-117.5, -25, 0],
							"lerp_mode": "catmullrom"
						},
						"3.875": {
							"post": [-90, -25, 0],
							"lerp_mode": "catmullrom"
						},
						"4.25": [-90, 0, 0]
					},
					"position": {
						"0.0": [3, -11, 0],
						"0.125": [3, -11, 0],
						"0.5": {
							"pre": [1, -0.525, -1.35],
							"post": [1, -0.525, -1.35],
							"lerp_mode": "catmullrom"
						},
						"0.5417": {
							"post": [1, -0.525, -1.35],
							"lerp_mode": "catmullrom"
						},
						"0.7083": {
							"post": [1, 1.47, -1.05],
							"lerp_mode": "catmullrom"
						},
						"0.75": {
							"post": [1, 1.47, -1.05],
							"lerp_mode": "catmullrom"
						},
						"1.0417": {
							"post": [2.625, -1.53, -1.675],
							"lerp_mode": "catmullrom"
						},
						"1.0833": {
							"post": [2.625, -1.53, -1.675],
							"lerp_mode": "catmullrom"
						},
						"1.4167": {
							"post": [-0.37, -1.53, 2.33],
							"lerp_mode": "catmullrom"
						},
						"1.625": {
							"post": [-0.63, -1.53, 2.63],
							"lerp_mode": "catmullrom"
						},
						"1.7083": {
							"post": [-0.63, -0.53, 2.62],
							"lerp_mode": "catmullrom"
						},
						"1.7917": {
							"post": [-0.63, -1.53, 2.63],
							"lerp_mode": "catmullrom"
						},
						"2.0": {
							"post": [-0.37, -1.53, 2.33],
							"lerp_mode": "catmullrom"
						},
						"2.375": {
							"post": [0.505, -1.53, 2.33],
							"lerp_mode": "catmullrom"
						},
						"2.4583": {
							"post": [2.085, -1.53, 2.33],
							"lerp_mode": "catmullrom"
						},
						"2.7917": {
							"post": [2.085, -1.53, 2.33],
							"lerp_mode": "catmullrom"
						},
						"2.8333": {
							"post": [2.09, -1.53, 2.33],
							"lerp_mode": "catmullrom"
						},
						"3.0833": {
							"post": [2.09, -3.53, 2.33],
							"lerp_mode": "catmullrom"
						},
						"3.2917": {
							"post": [2.09, -3.53, 2.33],
							"lerp_mode": "catmullrom"
						},
						"3.7083": {
							"post": [1, 1.47, -1.05],
							"lerp_mode": "catmullrom"
						},
						"3.875": {
							"post": [1, -0.525, -1.35],
							"lerp_mode": "catmullrom"
						},
						"4.25": [3, -11, 0]
					}
				},
				"root": {
					"rotation": [0, 180, 0]
				},
				"body": {
					"rotation": {
						"0.0": {
							"post": [62.5, 0, 0],
							"lerp_mode": "catmullrom"
						},
						"0.5417": {
							"post": [-12.5, 0, 0],
							"lerp_mode": "catmullrom"
						},
						"3.8333": {
							"post": [-12.5, 0, 0],
							"lerp_mode": "catmullrom"
						},
						"4.2083": {
							"post": [62.5, 0, 0],
							"lerp_mode": "catmullrom"
						},
						"4.25": [62.5, 0, 0]
					},
					"position": {
						"0.0": {
							"post": [0, 0, 0],
							"lerp_mode": "catmullrom"
						},
						"0.5417": {
							"post": [0, -2, 0],
							"lerp_mode": "catmullrom"
						},
						"3.8333": {
							"post": [0, -2, 0],
							"lerp_mode": "catmullrom"
						},
						"4.2083": {
							"post": [0, 0, 0],
							"lerp_mode": "catmullrom"
						},
						"4.25": [0, 0, 0]
					}
				},
				"apteka": {
					"rotation": [-32.13784, 22.38306, -24.79873],
					"position": [-2.3, 0.35, -0.4]
				},
				"shprits4": {
					"rotation": {
						"1.0417": [0, 0, 0],
						"1.0833": [25, 0, 0]
					},
					"position": {
						"0.0": [0, 0, 2],
						"1.0417": [0, 0, 2],
						"1.0833": [-0.125, -0.45, 1.375],
						"1.25": [-0.12, -0.45, -0.62],
						"1.625": [-0.12, -0.45, -0.62],
						"1.7083": [-0.12, -0.45, 0.38],
						"1.7917": [-0.12, -0.45, -0.62],
						"3.0833": [-0.12, -0.45, -0.62],
						"3.2917": [-0.12, -9.45, 9.38],
						"3.3333": [-6.12, -9.45, 32.38]
					},
					"scale": {
						"3.2917": [1, 1, 1],
						"3.3333": [0, 0, 0]
					}
				},
				"krishka6": {
					"position": {
						"1.6667": [0, 0, 0],
						"1.75": [0, 0, -3],
						"1.8333": [-5, 0, -3],
						"2.0417": [-5, 0, 10]
					},
					"scale": {
						"1.8333": [1, 1, 1],
						"2.0417": [0, 0, 0]
					}
				}
			},
			"sound_effects": {
				"0.3333": {
					"effect": "krishka"
				},
				"3.75": {
					"effect": "krishka2"
				}
			}
		},
		"animation.ai1m_use_third": {
			"animation_length": 4.83333,
			"bones": {
				"leftArm": {
					"rotation": {
						"0.1667": [0, 0, 0],
						"0.625": [-51.45174, 35.27297, 4.58484],
						"4.0": [-51.45174, 35.27297, 4.58484],
						"4.4583": [0, 0, 0]
					}
				},
				"krishka2": {
					"rotation": {
						"0.6667": [0, 0, 0],
						"1.0417": [97.5, 0, 0],
						"3.7917": [97.5, 0, 0],
						"4.125": [0, 0, 0]
					}
				},
				"rightArm": {
					"rotation": {
						"0.0833": [0, 0, 0],
						"0.625": [-42.73421, -15.69986, -16.32495],
						"1.1667": [-67.73421, -15.69986, -16.32495],
						"1.8333": [-114.62997, -11.45537, 106.79209],
						"2.8333": [-114.62997, -11.45537, 106.79209],
						"3.7917": [-67.73421, -15.69986, -16.32495],
						"4.0": [-42.73421, -15.69986, -16.32495],
						"4.4583": [0, 0, 0]
					}
				},
				"shprits4": {
					"position": {
						"0.625": [0, 0, 2],
						"1.0": [0, 0, 2],
						"1.1667": [0, 0, 0],
						"3.125": [0, 0, 0],
						"3.2083": [0, 0, 2]
					}
				}
			},
			"sound_effects": {
				"0.4583": {
					"effect": "krishka"
				},
				"3.5417": {
					"effect": "krishka2"
				}
			}
		}
	}
}