{
	"format_version": "1.8.0",
	"animations": {
		"animation.bmp2d_move": {
			"loop": true,
			"animation_length": 0.4375,
			"bones": {
				"bone2": {
					"rotation": ["query.vertical_speed * -0.5", 0, 0]
				},
				"katok8": {
					"rotation": {
						"0.0": [0, 0, 0],
						"0.4375": [720, 0, 0]
					}
				},
				"katok": {
					"rotation": {
						"0.0": [0, 0, 0],
						"0.4375": [720, 0, 0]
					}
				},
				"katok2": {
					"rotation": {
						"0.0": [0, 0, 0],
						"0.4375": [720, 0, 0]
					}
				},
				"katok3": {
					"rotation": {
						"0.0": [0, 0, 0],
						"0.4375": [720, 0, 0]
					}
				},
				"katok4": {
					"rotation": {
						"0.0": [0, 0, 0],
						"0.4375": [720, 0, 0]
					}
				},
				"katok5": {
					"rotation": {
						"0.0": [0, 0, 0],
						"0.4375": [720, 0, 0]
					}
				},
				"katok6": {
					"relative_to": {
						"rotation": "entity"
					},
					"rotation": {
						"0.0": [0, 0, 0],
						"0.4375": [720, 0, 0]
					}
				},
				"katok7": {
					"rotation": {
						"0.0": [360, 0, 0],
						"0.4375": [720, 0, 0]
					}
				}
			}
		},
		"animation.bmp2d_dim": {
			"loop": true,
			"animation_length": 0.25,
			"particle_effects": {
				"0.0": {
					"effect": "campfire_smoke_particle",
					"locator": "dim"
				}
			}
		},
		"animation.bmp_flash": {
			"loop": true,
			"bones": {
				"flash": {
					"position": [0, 0, 3],
					"scale": 0.05
				}
			}
		},
		"animation.bashnya_2": {
			"loop": true,
			"bones": {
				"bashnya": {
					"scale": 0.01
				}
			}
		},
		"animation.bashnya_3": {
			"animation_length": 0.16667,
			"bones": {
				"bashnya": {
					"scale": 100
				}
			}
		},
		"animation.bashnya": {
			"loop": true,
			"animation_length": 0.16667,
			"bones": {
				"head": {
					"scale": 0
				},
				"bashnya": {
					"scale": 1
				}
			}
		},
		"animation.bmp_fire": {
			"loop": true,
			"animation_length": 0.625,
			"bones": {
				"flash": {
					"scale": {
						"0.0": [1, 1, 1],
						"0.0417": [20, 20, 20],
						"0.0833": [1, 1, 1]
					}
				},
				"stvol": {
					"position": {
						"0.0": [0, 0, 0],
						"0.0417": [0, 0, 5],
						"0.0833": [0, 0, 0]
					}
				},
				"gilza": {
					"position": {
						"0.0": [0, 0, 0],
						"0.0833": [0, 0, -10],
						"0.25": [0, -4, -17],
						"0.625": [0, -9, -22]
					}
				}
			},
			"particle_effects": {
				"0.0": {
					"effect": "smoke_bmp2d",
					"locator": "stvol"
				}
			}
		},
		"animation.bmp_pkt_fire": {
			"animation_length": 0.08333,
			"bones": {
				"flash_pkt": {
					"position": {
						"0.0": [0, 0, 0],
						"0.0417": [0, 0, -1.375],
						"0.0833": [0, 0, 0]
					},
					"scale": {
						"0.0": [1, 1, 1],
						"0.0417": [5, 5, 5],
						"0.0833": [1, 1, 1]
					}
				}
			}
		},
		"animation.bmp2d_babah": {
			"loop": true,
			"animation_length": 4.75,
			"particle_effects": {
				"0.0": {
					"effect": "babah",
					"locator": "babah"
				},
				"0.0417": {
					"effect": "babah",
					"locator": "babah2"
				},
				"0.0833": {
					"effect": "babah",
					"locator": "babah3"
				},
				"0.125": {
					"effect": "babah",
					"locator": "babah4"
				},
				"0.1667": {
					"effect": "babah",
					"locator": "babah5"
				}
			}
		}
	}
}