{
	"format_version" : "1.8.0",
	"animations" : {
		"animation.humanoid.look_at_target.default" : {
			"loop" : true,
			"bones" : {
				"head" : {
					"relative_to" : {
						"rotation" : "entity"
					},
					"rotation" : [ "query.target_x_rotation", "query.target_y_rotation", 0.0 ]
				}
			}
		},
		"animation.humanoid.look_at_target_guns" : {
			"loop" : true,
			"bones" : {
				"head" : {
					"relative_to" : {
						"rotation" : "entity"
					},
					"rotation" : [ "query.target_x_rotation", "query.target_y_rotation", 0.0 ]
				},
				"waist" : {
					"relative_to" : {
						"rotation" : "entity"
					},
					"rotation" : [ "(Math.max(-45, Math.min(45,query.target_x_rotation)))", "query.target_y_rotation", 0.0 ]
				}
			}
		},
		"animation.humanoid.look_at_target_tunk" : {
			"loop" : true,
			"bones" : {
				"head" : {
					"relative_to" : {
						"rotation" : "entity"
					},
					"rotation" : [ "query.head_x_rotation", "query.target_y_rotation", 0.0 ]
				},
				"bashnya" : {
					"rotation" : [ 0.0, "query.head_y_rotation", 0.0 ]
				}
			}
		}
	}
}
