{
	"format_version": "1.8.0",
	"animations": {
		"animation.zhgut": {
			"animation_length": 4.08333,
			"bones": {
				"root": {
					"rotation": [0, -180, 0]
				},
				"leftArm": {
					"rotation": {
						"0.3333": {
							"pre": [-150.16243, 19.20748, -29.83757],
							"post": [-150.16243, 19.20748, -29.83757],
							"lerp_mode": "catmullrom"
						},
						"0.875": {
							"post": [-150.16, 19.21, -29.84],
							"lerp_mode": "catmullrom"
						},
						"3.625": {
							"post": [-150.16, 19.21, -29.84],
							"lerp_mode": "catmullrom"
						},
						"3.875": [-150.16243, 19.20748, -29.83757]
					},
					"position": {
						"0.0": [0, -11, 0],
						"0.3333": {
							"pre": [0, -7, -3],
							"post": [0, -7, -3],
							"lerp_mode": "catmullrom"
						},
						"0.875": {
							"post": [0, -7, -3],
							"lerp_mode": "catmullrom"
						},
						"3.625": {
							"post": [0, -7, -3],
							"lerp_mode": "catmullrom"
						},
						"3.875": [0, -11, 0]
					}
				},
				"rightArm": {
					"rotation": {
						"0.125": [0, 0, 0],
						"0.5": {
							"pre": [-52.12711, -28.93057, -20.61737],
							"post": [-52.12711, -28.93057, -20.61737],
							"lerp_mode": "catmullrom"
						},
						"0.7083": {
							"post": [-52.13, -28.93, -20.62],
							"lerp_mode": "catmullrom"
						},
						"0.9583": {
							"post": [-67.13, -28.93, -20.62],
							"lerp_mode": "catmullrom"
						},
						"1.5": {
							"post": [-67.13, -28.93, -20.62],
							"lerp_mode": "catmullrom"
						},
						"1.75": {
							"post": [-52.12711, -28.93057, -20.61737],
							"lerp_mode": "catmullrom"
						},
						"1.9583": {
							"post": [-52.13, -28.93, -20.62],
							"lerp_mode": "catmullrom"
						},
						"2.2083": {
							"post": [-67.13, -28.93, -20.62],
							"lerp_mode": "catmullrom"
						},
						"2.75": {
							"post": [-67.13, -28.93, -20.62],
							"lerp_mode": "catmullrom"
						},
						"3.0": {
							"post": [-67.13, -28.93, -20.62],
							"lerp_mode": "catmullrom"
						},
						"3.625": {
							"post": [-67.13, -28.93, -20.62],
							"lerp_mode": "catmullrom"
						},
						"3.875": [0, 0, 0]
					},
					"position": {
						"0.5": {
							"pre": [0, 0, 0],
							"post": [0, 0, 0],
							"lerp_mode": "catmullrom"
						},
						"0.7083": {
							"post": [0, 0, 4],
							"lerp_mode": "catmullrom"
						},
						"0.9583": {
							"post": [5, 0, 4],
							"lerp_mode": "catmullrom"
						},
						"1.2083": {
							"post": [7, 0, 0],
							"lerp_mode": "catmullrom"
						},
						"1.5": {
							"post": [-1, 0, 0],
							"lerp_mode": "catmullrom"
						},
						"1.75": {
							"post": [0, 0, 0],
							"lerp_mode": "catmullrom"
						},
						"1.9583": {
							"post": [0, 0, 4],
							"lerp_mode": "catmullrom"
						},
						"2.2083": {
							"post": [5, 0, 4],
							"lerp_mode": "catmullrom"
						},
						"2.4583": {
							"post": [7, 0, 0],
							"lerp_mode": "catmullrom"
						},
						"2.75": {
							"post": [-1, 0, 0],
							"lerp_mode": "catmullrom"
						},
						"3.0": {
							"post": [-1, 2, 4],
							"lerp_mode": "catmullrom"
						},
						"3.25": {
							"post": [-4, 2, 4],
							"lerp_mode": "catmullrom"
						},
						"3.625": {
							"post": [-1, -2, 4],
							"lerp_mode": "catmullrom"
						}
					}
				}
			},
			"sound_effects": {
				"0.0": {
					"effect": "zhgut"
				},
				"3.0": {
					"effect": "zhgut2"
				}
			}
		},
		"animation.zhgut2": {
			"loop": true
		},
		"animation.zhgut_use_third": {
			"animation_length": 4.08333,
			"bones": {
				"leftArm": {
					"rotation": {
						"0.3333": [0, 0, 0],
						"0.7083": [-124.21128, 36.31117, 2.33276],
						"3.5417": [-124.21128, 36.31117, 2.33276],
						"3.9583": [0, 0, 0]
					},
					"position": {
						"0.3333": [0, 0, 0],
						"0.7083": [0, -4, -1],
						"3.5417": [0, -4, -1],
						"3.9583": [0, 0, 0]
					}
				},
				"rightArm": {
					"rotation": {
						"0.0": [0, 0, 0],
						"0.375": [-90, -40, 0],
						"3.5417": [-90, -40, 0],
						"3.9167": [0, 0, 0]
					},
					"position": {
						"0.7083": [0, 0, 0],
						"0.875": [2, 0, 0],
						"1.0417": [0, 0, 0],
						"3.5417": [0, 0, 0],
						"3.9583": [0, 0, 0]
					}
				}
			},
			"sound_effects": {
				"0.0833": {
					"effect": "zhgut"
				},
				"3.0": {
					"effect": "zhgut2"
				}
			}
		}
	}
}