{
    "format_version": "1.17.10",
    "minecraft:entity": {
        "description": {
            "identifier": "addon:vog25_bullet",
            "is_spawnable": false,
            "is_summonable": true,
            "is_experimental": false,
            "runtime_identifier": "minecraft:snowball"
        },
        "component_groups": {
            "ped:pedelete": {
                "minecraft:despawn": {}
            },
            "minecraft:exploding": {
                "minecraft:explode": {
                    "fuseLength": 0,
                    "fuseLit": true,
                    "power": 5,
                    "fire_affected_by_griefing": true,
                    "destroy_affected_by_griefing": true,
                    "breaks_blocks": false
                }
            }
        },
        "components": {
            "minecraft:timer": {
                "time": [
                    3,
                    3
                ],
                "looping": false,
                "time_down_event": {
                    "event": "minecraft:explode",
                    "target": "self"
                }
            },
            "minecraft:collision_box": {
                "width": 0.25,
                "height": 0.25
            },
            "minecraft:scale": {
                "value": 0.3
            },
            "minecraft:projectile": {
                "onHit": {
                    "impact_damage": {
                        "damage": 70,
                        "knockback": true,
                        "semi_random_diff_damage": false
                    },
                    "definition_event": {
                        "affectProjectile": true,
                        "eventTrigger": {
                            "event": "minecraft:explode",
                            "target": "self"
                        }
                    }
                },
                "power": 2,
                "gravity": 0.01,
                "angleoffset": 0
            },
            "minecraft:physics": {}
        },
        "events": {
            "minecraft:explode": {
                "add": {
                    "component_groups": [
                        "minecraft:exploding"
                    ]
                },
                "run_command": {
                    "command": [
                        "kill @a[r=1]"
                    ]
                }
            },
            "ped:pedelete": {
                "remove": {
                    "component_groups": [
                        "minecraft:explode"
                    ]
                },
                "add": {
                    "component_groups": [
                        "ped:pedelete"
                    ]
                },
                "run_command": {
                    "command": [
                        "kill @s"
                    ]
                }
            }
        }
    }
}