{
    "format_version": "1.16.100",
    "minecraft:fog_settings": {
        "description": {
            "identifier": "fog:default"
        },
        "distance": {
            "air": {
                "fog_start": 0.1,
                "fog_end": 0.8,
                "fog_color": "#e9f3ff",
                "render_distance_type": "render"
            },
            "weather": {
                "fog_start": 0,
                "fog_end": 0.2,
                "fog_color": "#737373",
                "render_distance_type": "render"
            },
            "lava": {
                "fog_start": 2,
                "fog_end": 4,
                "fog_color": "#ab300e",
                "render_distance_type": "fixed"
            },
            "powder_snow": {
                "fog_start": 2,
                "fog_end": 4,
                "fog_color": "#ffffff",
                "render_distance_type": "fixed"
            }
        }
    }
}