{
    "format_version": "1.8.0",
    "animations": {
        "animation.apsreload": {
            "loop":"hold_on_last_frame",
            "animation_length": 3.1,
            "timeline": {
                  "0.0": [ "/replaceitem entity @s slot.weapon.mainhand 0 addon:aps_reload"],
                  "1": [ "/clear @s addon:aps_mag 0 1", "/give @s addon:aps_mag_empty"],
                  "3": [  "/replaceitem entity @s[hasitem={item=addon:aps_reload,location=slot.weapon.mainhand}] slot.weapon.mainhand 0 addon:aps","/clear @s addon:aps_reload" ]
            }
        }
    }
}