{
	"format_version": "1.16.100",
	"minecraft:item": {
		"description": {
			"identifier": "addon:v6b3",
			"category": "equipment"
		},
		"components": {
			"tag:rps": {},
      "tag:6b3": {},
			"minecraft:creative_category": {
				"parent": "equipment"
			},
			"minecraft:icon": {
				"texture": "6b3"
			},
      "minecraft:enchantable": {
        "value": 10,
        "slot": "armor_torso"
      },
			"minecraft:display_name": {
				"value": "6B3\nUSSR"
			},
			"minecraft:max_stack_size": 1,
			"minecraft:armor": {
				"protection": 27
			},
			"minecraft:wearable": {
				"dispensable": true,
				"slot": "slot.armor.chest"
			}
		}
	}
}