{
	"format_version": "1.16.100",
	"minecraft:item": {
		"description": {
			"identifier": "addon:poyas_a",
			"category": "equipment"
		},
		"components": {
      "tag:rps": {},
      "tag:poyas_a": {},
			"minecraft:creative_category": {
				"parent": "equipment"
			},
			"minecraft:icon": {
				"texture": "poyas_a"
			},
      "minecraft:enchantable": {
        "value": 10,
        "slot": "armor_legs"
      },
			"minecraft:display_name": {
				"value": "Poyas-A\nUSSR"
			},
			"minecraft:max_stack_size": 1,
			"minecraft:armor": {
				"protection": 0
			},
			"minecraft:wearable": {
				"dispensable": true,
				"slot": "slot.armor.feet"
			}
		}
	}
}