{
  "format_version": "1.16.100",
 "minecraft:item": {
  "description": {
   "identifier": "addon:ssh68",
      "category": "Equipment"
    },
    "components": {
		"minecraft:display_name": {
        "value": "SSh-68\nUSSR"
        },
			"minecraft:creative_category": {
				"parent": "itemGroup.name.head"
			},
      "minecraft:max_stack_size": 1,
      "minecraft:enchantable": {
        "value": 10,
        "slot": "armor_legs"
      },
      "minecraft:damageable": {
        "max_damage": 0,
        "damage_chance": {
          "min": 60,
          "max": 100
        }
      },
      "minecraft:mining_speed": 0,
      "minecraft:damage": 0,
      "minecraft:armor": {
        "protection": 2
      },
      "minecraft:wearable": {
        "slot": "slot.armor.head"
      },
      "minecraft:knockback_resistance": {
        "protection": 1
      },
 			"minecraft:icon": {
				"texture": "ssh68"
			},
			"tag:ssh68": {},
			"minecraft:render_offsets": "helmet"
    }
  }
}