{
  "format_version": "1.16.100",
  "minecraft:item": {
    "description": {
      "identifier": "addon:vog25",
      "category": "equipment"
    },
    "components": {
      "tag:vog25": {},
      "minecraft:stacked_by_data": true,
      "minecraft:hand_equipped": true,
      "minecraft:max_stack_size": 1,
      "minecraft:use_duration": 999999,
      "minecraft:allow_off_hand": true,
      "minecraft:food": {
        "can_always_eat": true
      },
      "minecraft:cooldown": {
        "category": "chorusfruit",
        "duration": 0
      },
      "minecraft:icon": {
        "texture": "vog25"
      },
      "minecraft:display_name": {
        "value": "VOG-25 \n 40mm HE grenade "
      },
      "minecraft:render_offsets": {
        "main_hand": {
          "first_person": {
            "scale": [
              0.014, 0.014, 0.014
            ]
          },
          "third_person": {
            "scale": [
              0.046, 0.046, 0.046
            ]
          }
        },
        "off_hand": {
          "first_person": {
            "scale": [
              0.0,
              0.0,
              0.0
            ]
          },
          "third_person": {
            "scale": [
              0.0,
              0.0,
              0.0
            ]
          }
        }
      },
      "minecraft:can_destroy_in_creative": false,
      "minecraft:creative_category": {
        "parent": "equipment"
      }
    }
  }
}