{
    "format_version": "1.10.0",
    "animation_controllers": {
        "controller.animation.rpg7v": {
            "initial_state": "default",
            "states": {
            "default": {
            "transitions": [
                       {
            "shoot": "query.equipped_item_any_tag('slot.weapon.mainhand','rpg7v') && !query.equipped_item_any_tag('slot.weapon.mainhand','empty') && q.is_using_item && query.all_animations_finished"
                        },
                        {
             "reload2": "query.equipped_item_any_tag('slot.weapon.mainhand','rpg7v') && query.equipped_item_any_tag('slot.weapon.mainhand','empty') && query.equipped_item_any_tag('slot.weapon.offhand','pg7vl') && q.is_using_item && query.all_animations_finished"
                         },
                         {
              "reload": "query.equipped_item_any_tag('slot.weapon.mainhand','rpg7v') && query.equipped_item_any_tag('slot.weapon.mainhand','r2') && query.all_animations_finished"
                          }
                    ]
                },
            "shoot": {
                "transitions": [
                    {
                        "event0": "(1.0)"
                    }],
                "on_entry": [
                    "/gamerule sendcommandfeedback false",
                    "@s pg7vl_bullet",
                    "/playanimation @s animation.rpg7_fire",
                    "/playsound addon.rpg7 @a[r=300]",
                    "/replaceitem entity @s[hasitem={item=addon:rpg7v,location=slot.weapon.mainhand}] slot.weapon.mainhand 0 addon:rpg7v_empty",
                    "/replaceitem entity @s[hasitem={item=addon:rpg7v_pgo7v,location=slot.weapon.mainhand}] slot.weapon.mainhand 0 addon:rpg7v_pgo7v_empty"
                ]
                },
            "reload": {
            "animations": ["rpg7vreload"],
            "transitions": [
                      {
            "default":"query.all_animations_finished"
            }
                   ]
                },
                "reload2": {
                    "transitions": [
                        {
                            "event0": "(1.0)"
                        }],
                    "on_entry": [
                        "/gamerule sendcommandfeedback false",
            "/execute @s[hasitem={item=addon:rpg7v_empty,location=slot.weapon.mainhand}] ~~~ replaceitem entity @s slot.weapon.mainhand 0 addon:rpg7vr2",
            "/execute @s[hasitem={item=addon:rpg7v_pgo7v_empty,location=slot.weapon.mainhand}] ~~~ replaceitem entity @s slot.weapon.mainhand 0 addon:rpg7v_pgo7vr2"
                    ]
                    }
            }
        }
    }
}