{
    "format_version": "1.10.0",
    "animation_controllers": {
        "controller.animation.toz": {
            "initial_state": "default",
            "states": {
            "default": {
            "transitions": [
                       {
            "shoot": "query.equipped_item_any_tag('slot.weapon.mainhand','toz') && !query.equipped_item_any_tag('slot.weapon.offhand','vog25') && !query.equipped_item_any_tag('slot.weapon.mainhand','empty') && q.is_using_item && query.all_animations_finished"
                        },
                        {
             "hold": "query.equipped_item_any_tag('slot.weapon.mainhand','toz') && !query.equipped_item_any_tag('slot.weapon.mainhand','empty')"
                         },
                        {
             "reload2": "query.equipped_item_any_tag('slot.weapon.mainhand','toz') && query.equipped_item_any_tag('slot.weapon.mainhand','empty') && q.is_using_item && query.all_animations_finished"
                         },
                         {
              "reload": "query.equipped_item_any_tag('slot.weapon.mainhand','toz') && query.equipped_item_any_tag('slot.weapon.mainhand','r2') && query.all_animations_finished"
                          }
                    ]
                },
            "shoot": {
            "animations": ["tozfire"],
            "transitions": [
                      {
            "default":"query.all_animations_finished"
            }
                   ]
                },
                "shoot_gp": {
                "animations": ["gp_fire"],
                "transitions": [
                          {
                "default":"query.all_animations_finished"
                }
                       ]
                    },
            "reload": {
            "animations": ["tozreload"],
            "transitions": [
                      {
            "default":"query.all_animations_finished"
            }
                   ]
                },
                "reload2": {
                    "transitions": [
                        {
                            "event0": "(1.0)"
                        }],
                    "on_entry": [
                        "/gamerule sendcommandfeedback false",
            "/replaceitem entity @s[hasitem={item=addon:ammo_12x70,quantity=2..}] slot.weapon.mainhand 0 addon:tozr2",
                        "/clear @s addon:ammo_12x70 0 2"
                    ]
                    },
                    "hold": {
                        "transitions": [
                            {
                                "event0": "(1.0)"
                            }],
                        "on_entry": [
                            "/gamerule sendcommandfeedback false",
                "/function toz_hold"
                        ]
                        }
            }
        }
    }
}