{
  "format_version": "1.16.100",
  "minecraft:item": {
    "description": {
      "identifier": "addon:ai1m_use",
      "category": "commands"
    },
    "components": {
      "tag:ai1m": {},
      "tag:ai1m_use": {},
    "minecraft:display_name": {
        "value": "medickit AI-1M\nUSSR"
        },
      "minecraft:stacked_by_data": true,
      "minecraft:hand_equipped": true,
      "minecraft:max_stack_size": 1,
      "minecraft:use_duration": 999999,
      "minecraft:food": {
        "can_always_eat": true
      },
      "minecraft:cooldown": {
        "category": "chorusfruit",
        "duration": 0
      },
      "minecraft:render_offsets": {
        "main_hand": {
          "first_person": {
            "scale": [
              0.0,
              0.0,
              0.0
            ]
          },
          "third_person": {
            "scale": [
              0.0,
              0.0,
              0.0
            ]
          }
        }
      },
      "minecraft:icon": {
        "texture": "ai1m"
      },
      "minecraft:can_destroy_in_creative": false,
      "minecraft:creative_category": {
        "parent": "equipment"
      }
    }
  }
}