{
  "format_version": "1.16.0",
  "minecraft:entity": {
    "description": {
      "identifier": "addon:7.62x39_krovotek_bullet",
      "is_spawnable": false,
      "is_summonable": true,
      "is_experimental": false,
      "runtime_identifier": "minecraft:snowball"
    },
    "components": {
      "minecraft:collision_box": {
        "width": 0.25,
        "height": 0.25
      },
      "minecraft:projectile": {
        "on_hit": {
          "impact_damage": {
            "damage": [
              25,
              30
            ],
            "knockback": false,
            "destroy_on_hit": true
          },
          "mob_effect": {
            "effect": "poison",
            "durationeasy": 1200,
            "durationnormal": 1200,
            "durationhard": 1200,
            "amplifier": 1
          },
          "arrow_effect": {}
        },
        "power": 40,
        "gravity": 0,
        "inertia": 1,
        "uncertaintyBase": 6.8,
        "uncertaintyMultiplier": 6,
        "anchor": 1,
        "offset": [
            0,
            0,
            0
        ]
      },
      "minecraft:physics": {
        "has_collision": false,
        "has_gravity": false
      },
      "minecraft:conditional_bandwidth_optimization": {
        "default_values": {
          "max_optimized_distance": 100.0,
          "max_dropped_ticks": 70,
          "use_motion_prediction_hints": true
        }
      }
    }
}
}