{
  "format_version": "1.10.0",
  "animation_controllers": {
    "controller.animation.akms": {
      "initial_state": "setup",
      "states": {
        "setup": {
          "transitions": [
            {
              "akms": "variable.ak"
            }]
        },
        "akms": {
          "animations": [
            {
              "akms": "variable.ak"
            }
          ],
          "transitions": [
            {
              "akms_sprint": "variable.ak && query.is_sprinting"
            },
            {
              "akms_reload": "variable.ak && query.equipped_item_any_tag('slot.weapon.mainhand','reload')"
            },
            {
              "akms_scope": "variable.ak && query.is_sneaking && !query.equipped_item_any_tag('slot.weapon.mainhand','reload')"
            }
          ],
          "blend_transition": 0.1,
          "blend_via_shortest_path": true
        },
        "akms_reload": {
          "animations": [
            {
              "akms_reload": "variable.ak"
            }
          ],
          "transitions": [
            {
              "akms": "variable.ak && query.all_animations_finished"
            }
          ]
        },
        "akms_sprint": {
          "animations": [
            {
              "akms_sprint": "variable.ak"
            }
          ],
          "transitions": [
            {
              "akms": "variable.ak && !query.is_sprinting"
            },
            {
              "akms_scope": "variable.ak && query.is_sneaking && !query.equipped_item_any_tag('slot.weapon.mainhand','empty')"
            }
          ],
          "blend_transition": 0.1,
          "blend_via_shortest_path": true
        },
        "akms_scope": {
          "animations": [
            {
              "akms_scope": "variable.ak && query.is_sneaking && !query.equipped_item_any_tag('slot.weapon.offhand','vog25') && !query.equipped_item_any_tag('slot.weapon.mainhand','reload')"
            }
          ],
          "transitions": [
            {
              "akms": "variable.ak && !query.is_sneaking"
            },
            {
              "akms_reload": "variable.ak && query.equipped_item_any_tag('slot.weapon.mainhand','reload')"
            }
          ],
          "blend_transition": 0.1,
          "blend_via_shortest_path": true
        }
      }
    },
    "controller.animation.akms_gp25": {
      "initial_state": "setup",
      "states": {
        "setup": {
          "transitions": [
            {
              "akms_gp25": "variable.ak"
            }]
        },
        "akms": {
          "animations": [
            {
              "akms_gp25": "variable.ak"
            }
          ],
          "transitions": [
            {
              "akms_sprint": "variable.ak && query.is_sprinting"
            },
            {
              "akms_gp25_reload": "variable.ak && query.equipped_item_any_tag('slot.weapon.mainhand','reload')"
            },
            {
              "akms_scope": "variable.ak && query.is_sneaking && !query.equipped_item_any_tag('slot.weapon.offhand','vog25') && !query.equipped_item_any_tag('slot.weapon.mainhand','reload')"
            },
            {
              "gp25_scope": "variable.ak && query.is_sneaking && query.equipped_item_any_tag('slot.weapon.offhand','vog25')"
            }
          ],
          "blend_transition": 0.1,
          "blend_via_shortest_path": true
        },
        "akms_gp25_reload": {
          "animations": [
            {
              "akms_gp25_reload": "variable.ak"
            }
          ],
          "transitions": [
            {
              "akms_gp25": "variable.ak && query.all_animations_finished"
            }
          ]
        },
        "akms_sprint": {
          "animations": [
            {
              "akms_sprint": "variable.ak"
            }
          ],
          "transitions": [
            {
              "akms_gp25": "variable.ak && !query.is_sprinting"
            },
            {
              "akms_scope": "variable.ak && query.is_sneaking && !query.equipped_item_any_tag('slot.weapon.mainhand','reload') && !query.equipped_item_any_tag('slot.weapon.offhand','vog25')"
            },
            {
              "gp25_scope": "variable.ak && query.is_sneaking && query.equipped_item_any_tag('slot.weapon.offhand','vog25')"
            }
          ],
          "blend_transition": 0.1,
          "blend_via_shortest_path": true
        },
        "akms_scope": {
          "animations": [
            {
              "akms_scope": "variable.ak && !query.equipped_item_any_tag('slot.weapon.mainhand','reload') && !query.equipped_item_any_tag('slot.weapon.offhand','vog25')"
            }
          ],
          "transitions": [
            {
              "akms_gp25": "variable.ak && !query.is_sneaking"
            },
            {
              "akms_gp25_reload": "variable.ak && query.equipped_item_any_tag('slot.weapon.mainhand','reload')"
            },
            {
              "gp25_scope": "variable.ak && query.is_sneaking && query.equipped_item_any_tag('slot.weapon.offhand','vog25')"
            }
          ],
          "blend_transition": 0.1,
          "blend_via_shortest_path": true
        },
        "gp25_scope": {
          "animations": [
            {
              "gp25_scope": "variable.ak && query.is_sneaking && query.equipped_item_any_tag('slot.weapon.offhand','vog25')"
            }
          ],
          "transitions": [
            {
              "akms_gp25": "variable.ak && !query.is_sneaking"
            },
            {
              "akms_gp25_reload": "variable.ak && query.equipped_item_any_tag('slot.weapon.mainhand','reload')"
            },
            {
              "akms_scope": "variable.ak && query.is_sneaking && !query.equipped_item_any_tag('slot.weapon.offhand','vog25')"
            }
          ],
          "blend_transition": 0.1,
          "blend_via_shortest_path": true
        }
      }
    },
    "controller.animation.akms_third": {
      "initial_state": "setup",
      "states": {
        "setup": {
          "transitions": [
            {
              "akms_third": "variable.guns"
            }]
        },
        "akms": {
          "animations": [
            {
              "akms_third": "variable.guns"
            }
          ],
          "transitions": [
            {
              "akms_sprint_third": "variable.guns && query.is_sprinting"
            },
            {
              "akms_reload_third": "variable.guns && query.equipped_item_any_tag('slot.weapon.mainhand','reload')"
            },
            {
              "akms_scope_third": "variable.guns && query.is_sneaking"
            }
          ],
          "blend_transition": 0.1,
          "blend_via_shortest_path": true
        },
        "akms_reload": {
          "animations": [
            {
              "akms_reload_third": "variable.guns"
            }
          ],
          "transitions": [
            {
              "akms_third": "variable.guns && query.all_animations_finished"
            }
          ]
        },
        "akms_sprint": {
          "animations": [
            {
              "akms_sprint_third": "variable.guns"
            }
          ],
          "transitions": [
            {
              "akms_third": "variable.guns && !query.is_sprinting"
            },
            {
              "akms_scope_third": "variable.guns && query.is_sneaking"
            }
          ],
          "blend_transition": 0.1,
          "blend_via_shortest_path": true
        },
        "akms_scope_third": {
          "animations": [
            {
              "akms_scope_third": "variable.guns"
            }
          ],
          "transitions": [
            {
              "akms_third": "variable.guns && !query.is_sneaking"
            }
          ],
          "blend_transition": 0.1,
          "blend_via_shortest_path": true
        }
      }
    }
  }
}