{
  "format_version": "1.10.0",
  "animation_controllers": {
    "controller.animation.svd": {
      "initial_state": "setup",
      "states": {
        "setup": {
          "transitions": [
            {
              "svd": "variable.svd"
            }]
        },
        "svd": {
          "animations": [
            {
              "svd": "variable.svd"
            }
          ],
          "transitions": [
            {
              "svd_sprint": "variable.svd && query.is_sprinting"
            },
            {
              "svd_reload": "variable.svd && query.equipped_item_any_tag('slot.weapon.mainhand','reload')"
            },
            {
              "svd_scope": "variable.svd && query.is_sneaking && !query.equipped_item_any_tag('slot.weapon.mainhand','reload')"
            }
          ],
          "blend_transition": 0.1,
          "blend_via_shortest_path": true
        },
        "svd_reload": {
          "animations": [
            {
              "svd_reload": "variable.svd"
            }
          ],
          "transitions": [
            {
              "svd": "variable.svd && query.all_animations_finished"
            }
          ]
        },
        "svd_sprint": {
          "animations": [
            {
              "svd_sprint": "variable.svd"
            }
          ],
          "transitions": [
            {
              "svd": "variable.svd && !query.is_sprinting"
            },
            {
              "svd_scope": "variable.svd && query.is_sneaking && !query.equipped_item_any_tag('slot.weapon.mainhand','empty')"
            }
          ],
          "blend_transition": 0.1,
          "blend_via_shortest_path": true
        },
        "svd_scope": {
          "animations": [
            {
              "svd_scope": "variable.svd && query.is_sneaking && !query.equipped_item_any_tag('slot.weapon.mainhand','reload')"
            }
          ],
          "transitions": [
            {
              "svd": "variable.svd && !query.is_sneaking"
            },
            {
              "svd_reload": "variable.svd && query.equipped_item_any_tag('slot.weapon.mainhand','reload')"
            }
          ],
          "blend_transition": 0.1,
          "blend_via_shortest_path": true
        }
      }
    },
    "controller.animation.svd_pso1": {
      "initial_state": "setup",
      "states": {
        "setup": {
          "transitions": [
            {
              "svd": "variable.svd"
            }]
        },
        "svd": {
          "animations": [
            {
              "svd": "variable.svd"
            }
          ],
          "transitions": [
            {
              "svd_sprint": "variable.svd && query.is_sprinting"
            },
            {
              "svd_reload": "variable.svd && query.equipped_item_any_tag('slot.weapon.mainhand','reload')"
            },
            {
              "svd_pso1_scope": "variable.svd && query.is_sneaking && !query.equipped_item_any_tag('slot.weapon.mainhand','reload')"
            }
          ],
          "blend_transition": 0.1,
          "blend_via_shortest_path": true
        },
        "svd_reload": {
          "animations": [
            {
              "svd_reload": "variable.svd"
            }
          ],
          "transitions": [
            {
              "svd": "variable.svd && query.all_animations_finished"
            }
          ]
        },
        "svd_sprint": {
          "animations": [
            {
              "svd_sprint": "variable.svd"
            }
          ],
          "transitions": [
            {
              "svd": "variable.svd && !query.is_sprinting"
            },
            {
              "svd_pso1_scope": "variable.svd && query.is_sneaking && !query.equipped_item_any_tag('slot.weapon.mainhand','reload')"
            }
          ],
          "blend_transition": 0.1,
          "blend_via_shortest_path": true
        },
        "svd_pso1_scope": {
          "animations": [
            {
              "svd_pso1_scope": "variable.svd && !query.equipped_item_any_tag('slot.weapon.mainhand','reload')"
            }
          ],
          "transitions": [
            {
              "svd": "variable.svd && !query.is_sneaking"
            },
            {
              "svd_reload": "variable.svd && query.equipped_item_any_tag('slot.weapon.mainhand','reload')"
            }
          ],
          "blend_transition": 0.1,
          "blend_via_shortest_path": true
        }
      }
    },
    "controller.animation.svd_nspu": {
      "initial_state": "setup",
      "states": {
        "setup": {
          "transitions": [
            {
              "svd": "variable.svd"
            }]
        },
        "svd": {
          "animations": [
            {
              "svd": "variable.svd"
            }
          ],
          "transitions": [
            {
              "svd_sprint": "variable.svd && query.is_sprinting"
            },
            {
              "svd_reload": "variable.svd && query.equipped_item_any_tag('slot.weapon.mainhand','reload')"
            },
            {
              "svd_nspu_scope": "variable.svd && query.is_sneaking && !query.equipped_item_any_tag('slot.weapon.mainhand','reload')"
            }
          ],
          "blend_transition": 0.1,
          "blend_via_shortest_path": true
        },
        "svd_reload": {
          "animations": [
            {
              "svd_reload": "variable.svd"
            }
          ],
          "transitions": [
            {
              "svd": "variable.svd && query.all_animations_finished"
            }
          ]
        },
        "svd_sprint": {
          "animations": [
            {
              "svd_sprint": "variable.svd"
            }
          ],
          "transitions": [
            {
              "svd": "variable.svd && !query.is_sprinting"
            },
            {
              "svd_nspu_scope": "variable.svd && query.is_sneaking && !query.equipped_item_any_tag('slot.weapon.mainhand','reload')"
            }
          ],
          "blend_transition": 0.1,
          "blend_via_shortest_path": true
        },
        "svd_nspu_scope": {
          "animations": [
            {
              "svd_nspu_scope": "variable.svd && !query.equipped_item_any_tag('slot.weapon.mainhand','reload')"
            }
          ],
          "transitions": [
            {
              "svd": "variable.svd && !query.is_sneaking"
            },
            {
              "svd_reload": "variable.svd && query.equipped_item_any_tag('slot.weapon.mainhand','reload')"
            }
          ],
          "blend_transition": 0.1,
          "blend_via_shortest_path": true
        }
      }
    },
    "controller.animation.svd_third": {
      "initial_state": "setup",
      "states": {
        "setup": {
          "transitions": [
            {
              "svd_third": "variable.svd"
            }]
        },
        "svd": {
          "animations": [
            {
              "svd_third": "variable.svd"
            }
          ],
          "transitions": [
            {
              "svd_sprint_third": "variable.svd && query.is_sprinting"
            },
            {
              "svd_reload_third": "variable.svd && query.equipped_item_any_tag('slot.weapon.mainhand','reload')"
            },
            {
              "svd_scope_third": "variable.svd && query.is_sneaking"
            }
          ],
          "blend_transition": 0.1,
          "blend_via_shortest_path": true
        },
        "svd_reload": {
          "animations": [
            {
              "svd_reload_third": "variable.svd"
            }
          ],
          "transitions": [
            {
              "svd_third": "variable.svd && query.all_animations_finished"
            }
          ]
        },
        "svd_sprint": {
          "animations": [
            {
              "svd_sprint_third": "variable.svd"
            }
          ],
          "transitions": [
            {
              "svd_third": "variable.svd && !query.is_sprinting"
            },
            {
              "svd_scope_third": "variable.svd && query.is_sneaking"
            }
          ],
          "blend_transition": 0.1,
          "blend_via_shortest_path": true
        },
        "svd_scope_third": {
          "animations": [
            {
              "svd_scope_third": "variable.svd"
            }
          ],
          "transitions": [
            {
              "svd_third": "variable.svd && !query.is_sneaking"
            }
          ],
          "blend_transition": 0.1,
          "blend_via_shortest_path": true
        }
      }
    }
  }
}