{
  "format_version": "1.10.0",
  "animation_controllers": {
    "controller.animation.ai1m": {
      "initial_state": "setup",
      "states": {
        "setup": {
          "transitions": [
            {
              "ai1m": "variable.ai1m"
            }]
        },
        "ai1m": {
          "animations": [
            {
              "ai1m": "variable.ai1m"
            }
          ],
          "transitions": [
            {
              "ai1m_use": "variable.ai1m && query.equipped_item_any_tag('slot.weapon.mainhand','ai1m_use')"
            }
          ],
          "blend_transition": 0.1,
          "blend_via_shortest_path": true
        },
        "ai1m_use": {
          "animations": [
            {
              "ai1m_use": "variable.ai1m"
            }
          ],
          "transitions": [
            {
              "ai1m": "variable.ai1m && query.all_animations_finished"
            }
          ]
        },
        "ai1m_sprint": {
          "animations": [
            {
              "ai1m_sprint": "variable.ai1m"
            }
          ],
          "transitions": [
            {
              "ai1m": "variable.ai1m && !query.is_sprinting"
            },
            {
              "ai1m_scope": "variable.ai1m && query.is_sneaking && !query.equipped_item_any_tag('slot.weapon.mainhand','empty')"
            }
          ],
          "blend_transition": 0.1,
          "blend_via_shortest_path": true
        },
        "ai1m_scope": {
          "animations": [
            {
              "ai1m_scope": "variable.ai1m && query.is_sneaking && !query.equipped_item_any_tag('slot.weapon.mainhand','ai1m_use')"
            }
          ],
          "transitions": [
            {
              "ai1m": "variable.ai1m && !query.is_sneaking"
            },
            {
              "ai1m_use": "variable.ai1m && query.equipped_item_any_tag('slot.weapon.mainhand','ai1m_use')"
            }
          ],
          "blend_transition": 0.1,
          "blend_via_shortest_path": true
        }
      }
    },
    "controller.animation.ai1m_third": {
      "initial_state": "setup",
      "states": {
        "setup": {
          "transitions": [
            {
              "ai1m_third": "variable.ai1m"
            }]
        },
        "ai1m": {
          "animations": [
            {
              "ai1m_third": "variable.ai1m"
            }
          ],
          "transitions": [
            {
              "ai1m_use_third": "variable.ai1m && query.equipped_item_any_tag('slot.weapon.mainhand','ai1m_use')"
            }
          ],
          "blend_transition": 0.1,
          "blend_via_shortest_path": true
        },
        "ai1m_use_third": {
          "animations": [
            {
              "ai1m_use_third": "variable.ai1m"
            }
          ],
          "transitions": [
            {
              "ai1m_third": "variable.ai1m && query.all_animations_finished"
            }
          ]
        },
        "ai1m_sprint": {
          "animations": [
            {
              "ai1m_sprint_third": "variable.ai1m"
            }
          ],
          "transitions": [
            {
              "ai1m_third": "variable.ai1m && !query.is_sprinting"
            },
            {
              "ai1m_scope_third": "variable.ai1m && query.is_sneaking"
            }
          ],
          "blend_transition": 0.1,
          "blend_via_shortest_path": true
        },
        "ai1m_scope_third": {
          "animations": [
            {
              "ai1m_scope_third": "variable.ai1m"
            }
          ],
          "transitions": [
            {
              "ai1m_third": "variable.ai1m && !query.is_sneaking"
            }
          ],
          "blend_transition": 0.1,
          "blend_via_shortest_path": true
        }
      }
    }
  }
}