{
  "format_version": "1.10.0",
  "animation_controllers": {
    "controller.animation.aps": {
      "initial_state": "setup",
      "states": {
        "setup": {
          "transitions": [
            {
              "aps": "variable.aps"
            }]
        },
        "aps": {
          "animations": [
            {
              "aps": "variable.aps"
            }
          ],
          "transitions": [
            {
              "aps_sprint": "variable.aps && query.is_sprinting"
            },
            {
              "aps_reload": "variable.aps && query.equipped_item_any_tag('slot.weapon.mainhand','reload')"
            },
            {
              "aps_scope": "variable.aps && query.is_sneaking && !query.equipped_item_any_tag('slot.weapon.mainhand','reload')"
            }
          ],
          "blend_transition": 0.1,
          "blend_via_shortest_path": true
        },
        "aps_reload": {
          "animations": [
            {
              "aps_reload": "variable.aps"
            }
          ],
          "transitions": [
            {
              "aps": "variable.aps && query.all_animations_finished"
            }
          ]
        },
        "aps_sprint": {
          "animations": [
            {
              "aps_sprint": "variable.aps"
            }
          ],
          "transitions": [
            {
              "aps": "variable.aps && !query.is_sprinting"
            },
            {
              "aps_scope": "variable.aps && query.is_sneaking && !query.equipped_item_any_tag('slot.weapon.mainhand','empty')"
            }
          ],
          "blend_transition": 0.1,
          "blend_via_shortest_path": true
        },
        "aps_scope": {
          "animations": [
            {
              "aps_scope": "variable.aps && query.is_sneaking && !query.equipped_item_any_tag('slot.weapon.mainhand','reload')"
            }
          ],
          "transitions": [
            {
              "aps": "variable.aps && !query.is_sneaking"
            },
            {
              "aps_reload": "variable.aps && query.equipped_item_any_tag('slot.weapon.mainhand','reload')"
            }
          ],
          "blend_transition": 0.1,
          "blend_via_shortest_path": true
        }
      }
    },
    "controller.animation.aps_third": {
      "initial_state": "setup",
      "states": {
        "setup": {
          "transitions": [
            {
              "aps_third": "variable.aps"
            }]
        },
        "aps": {
          "animations": [
            {
              "aps_third": "variable.aps"
            }
          ],
          "transitions": [
            {
              "aps_sprint_third": "variable.aps && query.is_sprinting"
            },
            {
              "aps_reload_third": "variable.aps && query.equipped_item_any_tag('slot.weapon.mainhand','reload')"
            },
            {
              "aps_scope_third": "variable.aps && query.is_sneaking"
            }
          ],
          "blend_transition": 0.1,
          "blend_via_shortest_path": true
        },
        "aps_reload": {
          "animations": [
            {
              "aps_reload_third": "variable.aps"
            }
          ],
          "transitions": [
            {
              "aps_third": "variable.aps && query.all_animations_finished"
            }
          ]
        },
        "aps_sprint": {
          "animations": [
            {
              "aps_sprint_third": "variable.aps"
            }
          ],
          "transitions": [
            {
              "aps_third": "variable.aps && !query.is_sprinting"
            },
            {
              "aps_scope_third": "variable.aps && query.is_sneaking"
            }
          ],
          "blend_transition": 0.1,
          "blend_via_shortest_path": true
        },
        "aps_scope_third": {
          "animations": [
            {
              "aps_scope_third": "variable.aps"
            }
          ],
          "transitions": [
            {
              "aps_third": "variable.aps && !query.is_sneaking"
            }
          ],
          "blend_transition": 0.1,
          "blend_via_shortest_path": true
        }
      }
    }
  }
}