{
  "format_version": "1.10.0",
  "animation_controllers": {
    "controller.animation.pkm": {
      "initial_state": "setup",
      "states": {
        "setup": {
          "transitions": [
            {
              "pkm": "variable.pkm"
            }]
        },
        "pkm": {
          "animations": [
            {
              "pkm": "variable.pkm"
            }
          ],
          "transitions": [
            {
              "pkm_sprint": "variable.pkm && query.is_sprinting"
            },
            {
              "pkm_reload": "variable.pkm && query.equipped_item_any_tag('slot.weapon.mainhand','reload')"
            },
            {
              "pkm_scope": "variable.pkm && query.is_sneaking && !query.equipped_item_any_tag('slot.weapon.mainhand','reload')"
            }
          ],
          "blend_transition": 0.1,
          "blend_via_shortest_path": true
        },
        "pkm_reload": {
          "animations": [
            {
              "pkm_reload": "variable.pkm"
            }
          ],
          "transitions": [
            {
              "pkm": "variable.pkm && query.all_animations_finished"
            }
          ]
        },
        "pkm_sprint": {
          "animations": [
            {
              "pkm_sprint": "variable.pkm"
            }
          ],
          "transitions": [
            {
              "pkm": "variable.pkm && !query.is_sprinting"
            },
            {
              "pkm_scope": "variable.pkm && query.is_sneaking && !query.equipped_item_any_tag('slot.weapon.mainhand','empty')"
            }
          ],
          "blend_transition": 0.1,
          "blend_via_shortest_path": true
        },
        "pkm_scope": {
          "animations": [
            {
              "pkm_scope": "variable.pkm && query.is_sneaking && !query.equipped_item_any_tag('slot.weapon.offhand','vog25') && !query.equipped_item_any_tag('slot.weapon.mainhand','reload')"
            }
          ],
          "transitions": [
            {
              "pkm": "variable.pkm && !query.is_sneaking"
            },
            {
              "pkm_reload": "variable.pkm && query.equipped_item_any_tag('slot.weapon.mainhand','reload')"
            }
          ],
          "blend_transition": 0.1,
          "blend_via_shortest_path": true
        }
      }
    },
    "controller.animation.pkm_third": {
      "initial_state": "setup",
      "states": {
        "setup": {
          "transitions": [
            {
              "pkm_third": "variable.pkm"
            }]
        },
        "pkm": {
          "animations": [
            {
              "pkm_third": "variable.pkm"
            }
          ],
          "transitions": [
            {
              "pkm_sprint_third": "variable.pkm && query.is_sprinting"
            },
            {
              "pkm_reload_third": "variable.pkm && query.equipped_item_any_tag('slot.weapon.mainhand','reload')"
            },
            {
              "pkm_scope_third": "variable.pkm && query.is_sneaking"
            }
          ],
          "blend_transition": 0.1,
          "blend_via_shortest_path": true
        },
        "pkm_reload": {
          "animations": [
            {
              "pkm_reload_third": "variable.pkm"
            }
          ],
          "transitions": [
            {
              "pkm_third": "variable.pkm && query.all_animations_finished"
            }
          ]
        },
        "pkm_sprint": {
          "animations": [
            {
              "pkm_sprint_third": "variable.pkm"
            }
          ],
          "transitions": [
            {
              "pkm_third": "variable.pkm && !query.is_sprinting"
            },
            {
              "pkm_scope_third": "variable.pkm && query.is_sneaking"
            }
          ],
          "blend_transition": 0.1,
          "blend_via_shortest_path": true
        },
        "pkm_scope_third": {
          "animations": [
            {
              "pkm_scope_third": "variable.pkm"
            }
          ],
          "transitions": [
            {
              "pkm_third": "variable.pkm && !query.is_sneaking"
            }
          ],
          "blend_transition": 0.1,
          "blend_via_shortest_path": true
        }
      }
    }
  }
}