{
  "format_version": "1.10.0",
  "animation_controllers": {
    "controller.animation.pm": {
      "initial_state": "setup",
      "states": {
        "setup": {
          "transitions": [
            {
              "pm": "variable.pm"
            }]
        },
        "pm": {
          "animations": [
            {
              "pm": "variable.pm"
            }
          ],
          "transitions": [
            {
              "pm_sprint": "variable.pm && query.is_sprinting"
            },
            {
              "pm_reload": "variable.pm && query.equipped_item_any_tag('slot.weapon.mainhand','reload')"
            },
            {
              "pm_scope": "variable.pm && query.is_sneaking && !query.equipped_item_any_tag('slot.weapon.mainhand','reload')"
            }
          ],
          "blend_transition": 0.1,
          "blend_via_shortest_path": true
        },
        "pm_reload": {
          "animations": [
            {
              "pm_reload": "variable.pm"
            }
          ],
          "transitions": [
            {
              "pm": "variable.pm && query.all_animations_finished"
            }
          ]
        },
        "pm_sprint": {
          "animations": [
            {
              "pm_sprint": "variable.pm"
            }
          ],
          "transitions": [
            {
              "pm": "variable.pm && !query.is_sprinting"
            },
            {
              "pm_scope": "variable.pm && query.is_sneaking && !query.equipped_item_any_tag('slot.weapon.mainhand','empty')"
            }
          ],
          "blend_transition": 0.1,
          "blend_via_shortest_path": true
        },
        "pm_scope": {
          "animations": [
            {
              "pm_scope": "variable.pm && query.is_sneaking && !query.equipped_item_any_tag('slot.weapon.mainhand','reload')"
            }
          ],
          "transitions": [
            {
              "pm": "variable.pm && !query.is_sneaking"
            },
            {
              "pm_reload": "variable.pm && query.equipped_item_any_tag('slot.weapon.mainhand','reload')"
            }
          ],
          "blend_transition": 0.1,
          "blend_via_shortest_path": true
        }
      }
    },
    "controller.animation.pm_third": {
      "initial_state": "setup",
      "states": {
        "setup": {
          "transitions": [
            {
              "pm_third": "variable.guns"
            }]
        },
        "pm": {
          "animations": [
            {
              "pm_third": "variable.guns"
            }
          ],
          "transitions": [
            {
              "pm_sprint_third": "variable.guns && query.is_sprinting"
            },
            {
              "pm_reload_third": "variable.guns && query.equipped_item_any_tag('slot.weapon.mainhand','reload')"
            },
            {
              "pm_scope_third": "variable.guns && query.is_sneaking"
            }
          ],
          "blend_transition": 0.1,
          "blend_via_shortest_path": true
        },
        "pm_reload": {
          "animations": [
            {
              "pm_reload_third": "variable.guns"
            }
          ],
          "transitions": [
            {
              "pm_third": "variable.guns && query.all_animations_finished"
            }
          ]
        },
        "pm_sprint": {
          "animations": [
            {
              "pm_sprint_third": "variable.guns"
            }
          ],
          "transitions": [
            {
              "pm_third": "variable.guns && !query.is_sprinting"
            },
            {
              "pm_scope_third": "variable.guns && query.is_sneaking"
            }
          ],
          "blend_transition": 0.1,
          "blend_via_shortest_path": true
        },
        "pm_scope_third": {
          "animations": [
            {
              "pm_scope_third": "variable.guns"
            }
          ],
          "transitions": [
            {
              "pm_third": "variable.guns && !query.is_sneaking"
            }
          ],
          "blend_transition": 0.1,
          "blend_via_shortest_path": true
        }
      }
    }
  }
}