{
  "format_version": "1.10.0",
  "animation_controllers": {
    "controller.animation.rpg7v": {
      "initial_state": "setup",
      "states": {
        "setup": {
          "transitions": [
            {
              "rpg7v": "variable.rpg7v"
            }]
        },
        "rpg7v": {
          "animations": [
            {
              "rpg7v": "variable.rpg7v"
            }
          ],
          "transitions": [
            {
              "rpg7v_sprint": "variable.rpg7v && query.is_sprinting"
            },
            {
              "rpg7v_reload": "variable.rpg7v && query.equipped_item_any_tag('slot.weapon.mainhand','reload')"
            },
            {
              "rpg7v_scope": "variable.rpg7v && query.is_sneaking && !query.equipped_item_any_tag('slot.weapon.mainhand','reload')"
            }
          ],
          "blend_transition": 0.1,
          "blend_via_shortest_path": true
        },
        "rpg7v_reload": {
          "animations": [
            {
              "rpg7v_reload": "variable.rpg7v"
            }
          ],
          "transitions": [
            {
              "rpg7v": "variable.rpg7v && query.all_animations_finished"
            }
          ]
        },
        "rpg7v_sprint": {
          "animations": [
            {
              "rpg7v_sprint": "variable.rpg7v"
            }
          ],
          "transitions": [
            {
              "rpg7v": "variable.rpg7v && !query.is_sprinting"
            },
            {
              "rpg7v_scope": "variable.rpg7v && query.is_sneaking && !query.equipped_item_any_tag('slot.weapon.mainhand','empty')"
            }
          ],
          "blend_transition": 0.1,
          "blend_via_shortest_path": true
        },
        "rpg7v_scope": {
          "animations": [
            {
              "rpg7v_scope": "variable.rpg7v && query.is_sneaking && !query.equipped_item_any_tag('slot.weapon.mainhand','reload')"
            }
          ],
          "transitions": [
            {
              "rpg7v": "variable.rpg7v && !query.is_sneaking"
            },
            {
              "rpg7v_reload": "variable.rpg7v && query.equipped_item_any_tag('slot.weapon.mainhand','reload')"
            }
          ],
          "blend_transition": 0.1,
          "blend_via_shortest_path": true
        }
      }
    },
    "controller.animation.rpg7v_pgo7v": {
      "initial_state": "setup",
      "states": {
        "setup": {
          "transitions": [
            {
              "rpg7v": "variable.rpg7v"
            }]
        },
        "rpg7v": {
          "animations": [
            {
              "rpg7v": "variable.rpg7v"
            }
          ],
          "transitions": [
            {
              "rpg7v_sprint": "variable.rpg7v && query.is_sprinting"
            },
            {
              "rpg7v_reload": "variable.rpg7v && query.equipped_item_any_tag('slot.weapon.mainhand','reload')"
            },
            {
              "rpg7v_scope": "variable.rpg7v && query.is_sneaking && !query.equipped_item_any_tag('slot.weapon.mainhand','reload')"
            }
          ],
          "blend_transition": 0.1,
          "blend_via_shortest_path": true
        },
        "rpg7v_reload": {
          "animations": [
            {
              "rpg7v_reload": "variable.rpg7v"
            }
          ],
          "transitions": [
            {
              "rpg7v": "variable.rpg7v && query.all_animations_finished"
            }
          ]
        },
        "rpg7v_sprint": {
          "animations": [
            {
              "rpg7v_sprint": "variable.rpg7v"
            }
          ],
          "transitions": [
            {
              "rpg7v": "variable.rpg7v && !query.is_sprinting"
            },
            {
              "rpg7v_scope": "variable.rpg7v && query.is_sneaking && !query.equipped_item_any_tag('slot.weapon.mainhand','empty')"
            }
          ],
          "blend_transition": 0.1,
          "blend_via_shortest_path": true
        },
        "rpg7v_scope": {
          "animations": [
            {
              "rpg7v_pgo7v_scope": "variable.rpg7v && query.is_sneaking && !query.equipped_item_any_tag('slot.weapon.mainhand','reload')"
            }
          ],
          "transitions": [
            {
              "rpg7v": "variable.rpg7v && !query.is_sneaking"
            },
            {
              "rpg7v_reload": "variable.rpg7v && query.equipped_item_any_tag('slot.weapon.mainhand','reload')"
            }
          ],
          "blend_transition": 0.1,
          "blend_via_shortest_path": true
        }
      }
    },
    "controller.animation.rpg7v_third": {
      "initial_state": "setup",
      "states": {
        "setup": {
          "transitions": [
            {
              "rpg7v_third": "variable.guns"
            }]
        },
        "rpg7v": {
          "animations": [
            {
              "rpg7v_third": "variable.guns"
            }
          ],
          "transitions": [
            {
              "rpg7v_sprint_third": "variable.guns && query.is_sprinting"
            },
            {
              "rpg7v_reload_third": "variable.guns && query.equipped_item_any_tag('slot.weapon.mainhand','reload')"
            },
            {
              "rpg7v_scope_third": "variable.guns && query.is_sneaking"
            }
          ],
          "blend_transition": 0.1,
          "blend_via_shortest_path": true
        },
        "rpg7v_reload": {
          "animations": [
            {
              "rpg7v_reload_third": "variable.guns"
            }
          ],
          "transitions": [
            {
              "rpg7v_third": "variable.guns && query.all_animations_finished"
            }
          ]
        },
        "rpg7v_sprint": {
          "animations": [
            {
              "rpg7v_sprint_third": "variable.guns"
            }
          ],
          "transitions": [
            {
              "rpg7v_third": "variable.guns && !query.is_sprinting"
            },
            {
              "rpg7v_scope_third": "variable.guns && query.is_sneaking"
            }
          ],
          "blend_transition": 0.1,
          "blend_via_shortest_path": true
        },
        "rpg7v_scope_third": {
          "animations": [
            {
              "rpg7v_third": "variable.guns"
            }
          ],
          "transitions": [
            {
              "rpg7v_third": "variable.guns && !query.is_sneaking"
            }
          ],
          "blend_transition": 0.1,
          "blend_via_shortest_path": true
        }
      }
    }
  }
}