{
  "format_version": "1.10.0",
  "animation_controllers": {
    "controller.animation.toz": {
      "initial_state": "setup",
      "states": {
        "setup": {
          "transitions": [
            {
              "toz": "variable.toz"
            }]
        },
        "toz": {
          "animations": [
            {
              "toz": "variable.toz"
            }
          ],
          "transitions": [
            {
              "toz_sprint": "variable.toz && query.is_sprinting"
            },
            {
              "toz_reload": "variable.toz && query.equipped_item_any_tag('slot.weapon.mainhand','reload')"
            },
            {
              "toz_scope": "variable.toz && query.is_sneaking && !query.equipped_item_any_tag('slot.weapon.mainhand','reload')"
            }
          ],
          "blend_transition": 0.1,
          "blend_via_shortest_path": true
        },
        "toz_reload": {
          "animations": [
            {
              "toz_reload": "variable.toz"
            }
          ],
          "transitions": [
            {
              "toz": "variable.toz && query.all_animations_finished"
            }
          ]
        },
        "toz_sprint": {
          "animations": [
            {
              "toz_sprint": "variable.toz"
            }
          ],
          "transitions": [
            {
              "toz": "variable.toz && !query.is_sprinting"
            },
            {
              "toz_scope": "variable.toz && query.is_sneaking && !query.equipped_item_any_tag('slot.weapon.mainhand','empty')"
            }
          ],
          "blend_transition": 0.1,
          "blend_via_shortest_path": true
        },
        "toz_scope": {
          "animations": [
            {
              "toz_scope": "variable.toz && query.is_sneaking && !query.equipped_item_any_tag('slot.weapon.mainhand','reload')"
            }
          ],
          "transitions": [
            {
              "toz": "variable.toz && !query.is_sneaking"
            },
            {
              "toz_reload": "variable.toz && query.equipped_item_any_tag('slot.weapon.mainhand','reload')"
            }
          ],
          "blend_transition": 0.1,
          "blend_via_shortest_path": true
        }
      }
    },
    "controller.animation.toz_third": {
      "initial_state": "setup",
      "states": {
        "setup": {
          "transitions": [
            {
              "toz_third": "variable.guns"
            }]
        },
        "toz": {
          "animations": [
            {
              "toz_third": "variable.guns"
            }
          ],
          "transitions": [
            {
              "toz_sprint_third": "variable.guns && query.is_sprinting"
            },
            {
              "toz_reload_third": "variable.guns && query.equipped_item_any_tag('slot.weapon.mainhand','reload')"
            },
            {
              "toz_scope_third": "variable.guns && query.is_sneaking"
            }
          ],
          "blend_transition": 0.1,
          "blend_via_shortest_path": true
        },
        "toz_reload": {
          "animations": [
            {
              "toz_reload_third": "variable.guns"
            }
          ],
          "transitions": [
            {
              "toz_third": "variable.guns && query.all_animations_finished"
            }
          ]
        },
        "toz_sprint": {
          "animations": [
            {
              "toz_sprint_third": "variable.guns"
            }
          ],
          "transitions": [
            {
              "toz_third": "variable.guns && !query.is_sprinting"
            },
            {
              "toz_scope_third": "variable.guns && query.is_sneaking"
            }
          ],
          "blend_transition": 0.1,
          "blend_via_shortest_path": true
        },
        "toz_scope_third": {
          "animations": [
            {
              "toz_scope_third": "variable.guns"
            }
          ],
          "transitions": [
            {
              "toz_third": "variable.guns && !query.is_sneaking"
            }
          ],
          "blend_transition": 0.1,
          "blend_via_shortest_path": true
        }
      }
    }
  }
}