{
  "format_version": "1.10.0",
  "animation_controllers": {
    "controller.animation.zhgut": {
      "initial_state": "setup",
      "states": {
        "setup": {
          "transitions": [
            {
              "zhgut": "variable.zhgut"
            }]
        },
        "zhgut": {
          "animations": [
            {
              "zhgut": "variable.zhgut"
            }
          ],
          "transitions": [
            {
              "zhgut_use": "variable.zhgut && query.equipped_item_any_tag('slot.weapon.mainhand','zhgut_use')"
            }
          ],
          "blend_transition": 0.1,
          "blend_via_shortest_path": true
        },
        "zhgut_use": {
          "animations": [
            {
              "zhgut_use": "variable.zhgut"
            }
          ],
          "transitions": [
            {
              "zhgut": "variable.zhgut && query.all_animations_finished"
            }
          ]
        }
      }
    },
    "controller.animation.zhgut_third": {
      "initial_state": "setup",
      "states": {
        "setup": {
          "transitions": [
            {
              "zhgut_third": "variable.zhgut"
            }]
        },
        "zhgut": {
          "animations": [
            {
              "zhgut_third": "variable.zhgut"
            }
          ],
          "transitions": [
            {
              "zhgut_use_third": "variable.zhgut && query.equipped_item_any_tag('slot.weapon.mainhand','zhgut_use')"
            }
          ],
          "blend_transition": 0.1,
          "blend_via_shortest_path": true
        },
        "zhgut_use_third": {
          "animations": [
            {
              "zhgut_use_third": "variable.zhgut"
            }
          ],
          "transitions": [
            {
              "zhgut_third": "variable.zhgut && query.all_animations_finished"
            }
          ]
        },
        "zhgut_sprint": {
          "animations": [
            {
              "zhgut_sprint_third": "variable.zhgut"
            }
          ],
          "transitions": [
            {
              "zhgut_third": "variable.zhgut && !query.is_sprinting"
            },
            {
              "zhgut_scope_third": "variable.zhgut && query.is_sneaking"
            }
          ],
          "blend_transition": 0.1,
          "blend_via_shortest_path": true
        },
        "zhgut_scope_third": {
          "animations": [
            {
              "zhgut_scope_third": "variable.zhgut"
            }
          ],
          "transitions": [
            {
              "zhgut_third": "variable.zhgut && !query.is_sneaking"
            }
          ],
          "blend_transition": 0.1,
          "blend_via_shortest_path": true
        }
      }
    }
  }
}