{
    "format_version": "1.8.0",
    "animations": {
        "animation.tozreload": {
            "loop":"hold_on_last_frame",
            "animation_length": 3.416671,
            "timeline": {
                  "0.0": [ "/replaceitem entity @s slot.weapon.mainhand 0 addon:toz_reload"],
                  "1": [ "/clear @s addon:toz_mag 0 1", "/give @s addon:toz_mag_empty"],
                  "3.41667": [  "/replaceitem entity @s[hasitem={item=addon:toz_reload,location=slot.weapon.mainhand}] slot.weapon.mainhand 0 addon:toz","/clear @s addon:toz_reload" ]
            }
        }
    }
}