{"packs":[{"can_be_redownloaded":false,"name":"Profe's Better Diamonds","uuid":"1b11635e-912f-4918-bab3-cfa2296761ac","version":[1,9,0]},{"can_be_redownloaded":false,"name":"Keyyards Tree Capitator Addon | Sneak Activation","uuid":"12c12eb1-a9a7-44d6-8775-3c6bf28bb174","version":[0,0,6]},{"can_be_redownloaded":false,"name":"Keyyards Tree Capitator & Vein Miner Addon | Sneak Activation","subpacks_count":3,"uuid":"f1036844-d93c-42d4-a988-378eaa80d0fa","version":[0,0,6]},{"can_be_redownloaded":false,"name":"Keyyards Tree Capitator & Vein Miner Addon | Sneak Activation","uuid":"26ac0fd2-b645-4c1f-b229-6480ecff7bb1","version":[0,0,6]},{"can_be_redownloaded":false,"name":"Keyyards Vein Miner Addon | Sneak Activation","uuid":"ca37bfda-568d-4235-81ac-e865d7d877c6","version":[0,0,6]},{"can_be_redownloaded":false,"name":"Compressed - v0.0.3 BP","uuid":"cae960cc-13df-4c1d-bc1f-1fde1480a779","version":[0,0,3]},{"can_be_redownloaded":false,"name":"My Behavior Pack","uuid":"f0435778-1439-4560-9aa4-31eb424a674a","version":[1,0,0]},{"can_be_redownloaded":false,"name":"Soviet Afgan war addon V0.1","uuid":"8ade6eae-72a9-41b7-9683-e0b9208f7f38","version":[1,8,3]}]}
