{"packs":[{"can_be_redownloaded":false,"name":"Old Ores Texture Pack","uuid":"a3ad184c-1618-481d-8d4f-8e9a87e25109","version":[1,0,0]},{"can_be_redownloaded":false,"name":"NOVA Shader Shader","uuid":"2212ba3b-5f55-4a07-8ecc-92f6c48304ac","version":[1,1,935]},{"can_be_redownloaded":false,"name":"Compressed - v0.0.3 RP","uuid":"07793927-54ce-4e7c-b701-cceef9ea7f27","version":[0,0,3]},{"can_be_redownloaded":false,"name":"Medieval banner convert v1.3","uuid":"babababa-dbdb-4d1b-87ad-e23f9ffaaac7","version":[1,3,0]},{"can_be_redownloaded":false,"name":"Soviet Afgan war addon V0.1","uuid":"b26e38cd-6716-4731-8ea3-8c363a8eb671","version":[1,8,3]}]}
