{
    "format_version": "1.16.0",
    "minecraft:entity": {
        "description": {
            "identifier": "addon:bmp2d_death",
            "is_spawnable": false,
            "is_summonable": true,
            "is_experimental": false
        },
        "components": {
            "minecraft:type_family": {
                "family": [
                ]
            },
  "minecraft:scale": {
        "value": 0.8
      },
            "minecraft:movement": {
                "value": 0.0
            },
            "minecraft:navigation.walk": {},
            "minecraft:movement.basic": {},
            "minecraft:jump.static": {},
            "minecraft:physics": {},
            "minecraft:pushable": {
                "is_pushable": false,
                "is_pushable_by_piston": false
            },
            "minecraft:is_tamed": {},
      "minecraft:collision_box": {
        "width": 4,
        "height": 3
      },
            "minecraft:is_saddled": {},
            "minecraft:input_ground_controlled": {},
            "minecraft:behavior.player_ride_tamed": {},
            "minecraft:damage_sensor": {
                "triggers": {
                    "cause": "all",
                    "deals_damage": false
                }
            },
            "minecraft:health": {
                "value": 1
            }
        }
    }
}