
{
  "format_version": "1.10.0",
  "minecraft:attachable": {
    "description": {
      "identifier": "addon:akms",
      "materials": {
        "default": "entity_alphatest"
      },
      "textures": {
        "default": "textures/guns/ak/akms"
      },
      "geometry": {
        "default":  "geometry.player.akms"
      },
      "scripts": {
        "pre_animation": [
           "v.main_hand = c.item_slot == 'main_hand';"
        ]
      },
      "render_controllers": [ "controller.render.crossbow" ]
    },
    "description": {
      "identifier": "addon:akms_empty",
      "materials": {
        "default": "entity_alphatest"
      },
      "textures": {
        "default": "textures/guns/ak/akms"
      },
      "geometry": {
        "default":  "geometry.player.akms"
      },
      "scripts": {
        "pre_animation": [
           "v.main_hand = c.item_slot == 'main_hand';"
        ]
      },
      "render_controllers": [ "controller.render.crossbow" ]
    },
    "description": {
      "identifier": "addon:akmsr2_empty",
      "materials": {
        "default": "entity_alphatest"
      },
      "textures": {
        "default": "textures/guns/ak/akms"
      },
      "geometry": {
        "default":  "geometry.player.akms"
      },
      "scripts": {
        "pre_animation": [
           "v.main_hand = c.item_slot == 'main_hand';"
        ]
      },
      "render_controllers": [ "controller.render.crossbow" ]
    },
    "description": {
      "identifier": "addon:akms_reload",
      "materials": {
        "default": "entity_alphatest"
      },
      "textures": {
        "default": "textures/guns/ak/akms"
      },
      "geometry": {
        "default":  "geometry.player.akms"
      },
      "scripts": {
        "pre_animation": [
           "v.main_hand = c.item_slot == 'main_hand';"
        ]
      },
      "render_controllers": [ "controller.render.crossbow" ]
    }
  }
}