{
    "format_version": "1.8.0",
    "minecraft:entity": {
        "description": {
            "identifier": "addon:9x18_bullet",
            "runtime_identifier": "minecraft:snowball",
            "is_spawnable": false,
            "is_summonable": true,
            "is_experimental": false
        },
        "components": {
			 "minecraft:type_family": {
        "family": [ "bullet" ]
      },
            "minecraft:collision_box": {
                "width": 0.01,
                "height": 0.01
            },
            "minecraft:break_blocks": {
                "breakable_blocks": [
                "glass",
                "glass_pane",
                "stained_glass",
                "stained_glass_pane"
                ]
            },
                "minecraft:projectile": {
                    "on_hit": {
                        "impact_damage": {
                            "damage": [
                                8,
                                22
                            ],
                            "knockback": true
                        },
                        "remove_on_hit": {},
                        "stick_in_ground": {
                            "shake_time": 0
                        },
                        "definition_event": {
                            "affectProjectile": true,
                            "eventTrigger": {
                                "event": "krovotek",
                                "target": "self"
                            }
                        }
                    },
                    "power": 25,
                    "gravity": 0.1,
                    "inertia": 1,
		            "uncertaintyBase": 6.8,
                    "uncertaintyMultiplier": 6,
                    "anchor": 1,
                    "offset": [
                        0,
                        0,
                        0
                    ],
                    "reflectOnHurt": false,
                    "catch_fire": false
                },
            "minecraft:physics": {}
        }
    }
}