{
    "format_version": "1.8.0",
    "animations": {
        "animation.aks74fire": {
            "loop":"hold_on_last_frame",
            "animation_length": 0.05,
            "timeline": {
                  "0.0": [ "/camerashake add @s 0.01 0.05 rotational", "@s 5.45x39_bullet", "/playanimation @s animation.akms_fire", "/function aks74", "@s 5.45x39_bullet", "/playanimation @s animation.akms_fire", "/execute @s[hasitem={item=addon:aks74_gp25,location=slot.weapon.mainhand}] ~~~ playsound addon.ak74 @a[r=200]", "/playanimation @s animation.akms_fire", "/execute @s[hasitem={item=addon:aks74,location=slot.weapon.mainhand}] ~~~ playsound addon.ak74 @a[r=200]", "/execute @s[hasitem={item=addon:aks74_pbs,location=slot.weapon.mainhand}] ~~~ playsound addon.ak74_pbs1 @a[r=50]", "/function aks74_hold" ]
            }
        }
    }
}