{
	"format_version": "1.12.0",
	"minecraft:geometry": [
		{
			"description": {
				"identifier": "geometry.vest6b2",
				"texture_width": 64,
				"texture_height": 64,
				"visible_bounds_width": 2,
				"visible_bounds_height": 3.5,
				"visible_bounds_offset": [0, 1.25, 0]
			},
			"bones": [
				{
					"name": "root",
					"pivot": [0, 0, 0]
				},
				{
					"name": "waist",
					"parent": "root",
					"pivot": [0, 12, 0]
				},
				{
					"name": "body",
					"parent": "waist",
					"pivot": [0, 24, 0],
					"cubes": [
						{
							"origin": [-4.2, 13, 2],
							"size": [8.4, 11.25, 0.275],
							"uv": {
								"north": {"uv": [0, 0], "uv_size": [8, 11]},
								"east": {"uv": [20, 22], "uv_size": [1, 11]},
								"south": {"uv": [8, 0], "uv_size": [8, 11]},
								"west": {"uv": [21, 22], "uv_size": [1, 11]},
								"up": {"uv": [24, 26], "uv_size": [8, 1]},
								"down": {"uv": [8, 28], "uv_size": [8, -1]}
							}
						},
						{
							"origin": [-4.2, 13, -2.25],
							"size": [8.4, 10.5, 0.25],
							"uv": {
								"north": {"uv": [0, 11], "uv_size": [8, 11]},
								"east": {"uv": [22, 22], "uv_size": [1, 11]},
								"south": {"uv": [8, 11], "uv_size": [8, 11]},
								"west": {"uv": [23, 22], "uv_size": [1, 11]},
								"up": {"uv": [24, 27], "uv_size": [8, 1]},
								"down": {"uv": [0, 29], "uv_size": [8, -1]}
							}
						},
						{
							"origin": [-4.225, 14, -2],
							"size": [8.45, 1, 4],
							"uv": {
								"north": {"uv": [8, 28], "uv_size": [8, 1]},
								"east": {"uv": [28, 21], "uv_size": [4, 1]},
								"south": {"uv": [28, 12], "uv_size": [8, 1]},
								"west": {"uv": [29, 0], "uv_size": [4, 1]},
								"up": {"uv": [16, 0], "uv_size": [8, 4]},
								"down": {"uv": [16, 8], "uv_size": [8, -4]}
							}
						},
						{
							"origin": [-4.225, 14, -2.3],
							"size": [2.35, 1, 0.3],
							"uv": {
								"north": {"uv": [29, 11], "uv_size": [2, 1]},
								"east": {"uv": [18, 29], "uv_size": [1, 1]},
								"south": {"uv": [14, 29], "uv_size": [2, 1]},
								"west": {"uv": [18, 30], "uv_size": [1, 1]},
								"up": {"uv": [16, 29], "uv_size": [2, 1]},
								"down": {"uv": [29, 23], "uv_size": [2, -1]}
							}
						},
						{
							"origin": [-4.225, 15.75, -2.3],
							"size": [2.35, 1, 0.3],
							"uv": {
								"north": {"uv": [29, 23], "uv_size": [2, 1]},
								"east": {"uv": [18, 31], "uv_size": [1, 1]},
								"south": {"uv": [29, 24], "uv_size": [2, 1]},
								"west": {"uv": [31, 19], "uv_size": [1, 1]},
								"up": {"uv": [29, 25], "uv_size": [2, 1]},
								"down": {"uv": [29, 29], "uv_size": [2, -1]}
							}
						},
						{
							"origin": [1.875, 15.75, -2.3],
							"size": [2.35, 1, 0.3],
							"uv": {
								"north": {"uv": [29, 29], "uv_size": [2, 1]},
								"east": {"uv": [31, 20], "uv_size": [1, 1]},
								"south": {"uv": [2, 30], "uv_size": [2, 1]},
								"west": {"uv": [31, 22], "uv_size": [1, 1]},
								"up": {"uv": [4, 30], "uv_size": [2, 1]},
								"down": {"uv": [8, 31], "uv_size": [2, -1]}
							}
						},
						{
							"origin": [1.875, 14, -2.3],
							"size": [2.35, 1, 0.3],
							"uv": {
								"north": {"uv": [10, 30], "uv_size": [2, 1]},
								"east": {"uv": [31, 23], "uv_size": [1, 1]},
								"south": {"uv": [14, 30], "uv_size": [2, 1]},
								"west": {"uv": [31, 24], "uv_size": [1, 1]},
								"up": {"uv": [16, 30], "uv_size": [2, 1]},
								"down": {"uv": [29, 31], "uv_size": [2, -1]}
							}
						},
						{
							"origin": [-4.225, 14, 2],
							"size": [2.35, 1, 0.3],
							"uv": {
								"north": {"uv": [2, 31], "uv_size": [2, 1]},
								"east": {"uv": [31, 25], "uv_size": [1, 1]},
								"south": {"uv": [31, 2], "uv_size": [2, 1]},
								"west": {"uv": [27, 31], "uv_size": [1, 1]},
								"up": {"uv": [31, 3], "uv_size": [2, 1]},
								"down": {"uv": [4, 32], "uv_size": [2, -1]}
							}
						},
						{
							"origin": [-4.225, 15.75, 2],
							"size": [2.35, 1, 0.3],
							"uv": {
								"north": {"uv": [31, 4], "uv_size": [2, 1]},
								"east": {"uv": [28, 31], "uv_size": [1, 1]},
								"south": {"uv": [31, 5], "uv_size": [2, 1]},
								"west": {"uv": [31, 28], "uv_size": [1, 1]},
								"up": {"uv": [6, 31], "uv_size": [2, 1]},
								"down": {"uv": [31, 7], "uv_size": [2, -1]}
							}
						},
						{
							"origin": [1.875, 15.75, 2],
							"size": [2.35, 1, 0.3],
							"uv": {
								"north": {"uv": [31, 7], "uv_size": [2, 1]},
								"east": {"uv": [29, 31], "uv_size": [1, 1]},
								"south": {"uv": [8, 31], "uv_size": [2, 1]},
								"west": {"uv": [31, 29], "uv_size": [1, 1]},
								"up": {"uv": [10, 31], "uv_size": [2, 1]},
								"down": {"uv": [31, 12], "uv_size": [2, -1]}
							}
						},
						{
							"origin": [1.875, 14, 2],
							"size": [2.35, 1, 0.3],
							"uv": {
								"north": {"uv": [14, 31], "uv_size": [2, 1]},
								"east": {"uv": [30, 31], "uv_size": [1, 1]},
								"south": {"uv": [31, 15], "uv_size": [2, 1]},
								"west": {"uv": [31, 30], "uv_size": [1, 1]},
								"up": {"uv": [16, 31], "uv_size": [2, 1]},
								"down": {"uv": [31, 17], "uv_size": [2, -1]}
							}
						},
						{
							"origin": [-4.225, 15.75, -2],
							"size": [8.45, 1, 4],
							"uv": {
								"north": {"uv": [28, 13], "uv_size": [8, 1]},
								"east": {"uv": [29, 1], "uv_size": [4, 1]},
								"south": {"uv": [28, 14], "uv_size": [8, 1]},
								"west": {"uv": [2, 29], "uv_size": [4, 1]},
								"up": {"uv": [16, 8], "uv_size": [8, 4]},
								"down": {"uv": [16, 16], "uv_size": [8, -4]}
							}
						},
						{
							"origin": [-6.68039, 23.1483, -2.25],
							"size": [2.9, 1.75, 4.5],
							"pivot": [-2.48039, 35.1483, 0],
							"rotation": [0, 0, -12.5],
							"uv": {
								"north": {"uv": [16, 27], "uv_size": [3, 2]},
								"east": {"uv": [24, 0], "uv_size": [5, 2]},
								"south": {"uv": [28, 15], "uv_size": [3, 2]},
								"west": {"uv": [24, 2], "uv_size": [5, 2]},
								"up": {"uv": [8, 22], "uv_size": [3, 5]},
								"down": {"uv": [11, 27], "uv_size": [3, -5]}
							}
						},
						{
							"origin": [3.78039, 23.1483, -2.25],
							"size": [2.9, 1.75, 4.5],
							"pivot": [2.48039, 35.1483, 0],
							"rotation": [0, 0, 12.5],
							"uv": {
								"north": {"uv": [28, 17], "uv_size": [3, 2]},
								"east": {"uv": [24, 4], "uv_size": [5, 2]},
								"south": {"uv": [28, 19], "uv_size": [3, 2]},
								"west": {"uv": [24, 6], "uv_size": [5, 2]},
								"up": {"uv": [14, 22], "uv_size": [3, 5]},
								"down": {"uv": [17, 27], "uv_size": [3, -5]}
							}
						},
						{
							"origin": [4.03039, 23.1483, -2.3],
							"size": [2.4, 1.8, 4.5],
							"pivot": [2.48039, 35.1483, 0],
							"rotation": [0, 0, 12.5],
							"uv": {
								"north": {"uv": [29, 2], "uv_size": [2, 2]},
								"east": {"uv": [24, 8], "uv_size": [5, 2]},
								"south": {"uv": [29, 4], "uv_size": [2, 2]},
								"west": {"uv": [24, 10], "uv_size": [5, 2]},
								"up": {"uv": [24, 12], "uv_size": [2, 5]},
								"down": {"uv": [24, 22], "uv_size": [2, -5]}
							}
						},
						{
							"origin": [-6.43039, 23.1483, -2.3],
							"size": [2.4, 1.8, 4.525],
							"pivot": [-2.48039, 35.1483, 0],
							"rotation": [0, 0, -12.5],
							"uv": {
								"north": {"uv": [6, 29], "uv_size": [2, 2]},
								"east": {"uv": [24, 22], "uv_size": [5, 2]},
								"south": {"uv": [29, 6], "uv_size": [2, 2]},
								"west": {"uv": [24, 24], "uv_size": [5, 2]},
								"up": {"uv": [26, 12], "uv_size": [2, 5]},
								"down": {"uv": [26, 22], "uv_size": [2, -5]}
							}
						},
						{
							"origin": [1.88805, 7.72678, -2.175],
							"size": [4.4, 6, 0.175],
							"pivot": [6.08805, 18.72678, 0],
							"rotation": [0, 0, 40],
							"uv": {
								"north": {"uv": [16, 16], "uv_size": [4, 6]},
								"east": {"uv": [19, 27], "uv_size": [1, 6]},
								"south": {"uv": [20, 16], "uv_size": [4, 6]},
								"west": {"uv": [24, 28], "uv_size": [1, 6]},
								"up": {"uv": [8, 29], "uv_size": [4, 1]},
								"down": {"uv": [29, 9], "uv_size": [4, -1]}
							}
						},
						{
							"origin": [-6.28805, 7.72678, -2.2],
							"size": [4.4, 6, 0.2],
							"pivot": [-6.08805, 18.72678, 0],
							"rotation": [0, 0, -40],
							"uv": {
								"north": {"uv": [0, 22], "uv_size": [4, 6]},
								"east": {"uv": [25, 28], "uv_size": [1, 6]},
								"south": {"uv": [4, 22], "uv_size": [4, 6]},
								"west": {"uv": [26, 28], "uv_size": [1, 6]},
								"up": {"uv": [29, 9], "uv_size": [4, 1]},
								"down": {"uv": [29, 11], "uv_size": [4, -1]}
							}
						},
						{
							"origin": [-0.8206, 10.17173, -2.225],
							"size": [1.65, 2.5, 0.225],
							"uv": {
								"north": {"uv": [27, 28], "uv_size": [2, 3]},
								"east": {"uv": [12, 29], "uv_size": [1, 3]},
								"south": {"uv": [0, 29], "uv_size": [2, 3]},
								"west": {"uv": [13, 29], "uv_size": [1, 3]},
								"up": {"uv": [31, 17], "uv_size": [2, 1]},
								"down": {"uv": [31, 19], "uv_size": [2, -1]}
							}
						}
					]
				}
			]
		}
	]
}