{
	"format_version": "1.12.0",
	"minecraft:geometry": [
		{
			"description": {
				"identifier": "geometry.vest6b3",
				"texture_width": 64,
				"texture_height": 64,
				"visible_bounds_width": 2,
				"visible_bounds_height": 3.5,
				"visible_bounds_offset": [0, 1.25, 0]
			},
			"bones": [
				{
					"name": "root",
					"pivot": [0, 0, 0]
				},
				{
					"name": "waist",
					"parent": "root",
					"pivot": [0, 12, 0]
				},
				{
					"name": "body",
					"parent": "waist",
					"pivot": [0, 24, 0]
				},
				{
					"name": "body2",
					"parent": "body",
					"pivot": [0, 24.1, 0],
					"cubes": [
						{
							"origin": [-4, 11.85, 2],
							"size": [8, 10.25, 0.5],
							"uv": {
								"north": {"uv": [0, 11], "uv_size": [8, 10]},
								"east": {"uv": [24, 26], "uv_size": [1, 10]},
								"south": {"uv": [8, 11], "uv_size": [8, 10]},
								"west": {"uv": [25, 26], "uv_size": [1, 10]},
								"up": {"uv": [29, 17], "uv_size": [8, 1]},
								"down": {"uv": [29, 19], "uv_size": [8, -1]}
							}
						},
						{
							"origin": [-3, 18.85, 2.5],
							"size": [6, 4.925, 0.25],
							"uv": {
								"north": {"uv": [21, 0], "uv_size": [6, 6]},
								"east": {"uv": [16, 32], "uv_size": [1, 6]},
								"south": {"uv": [5, 21], "uv_size": [6, 6]},
								"west": {"uv": [17, 32], "uv_size": [1, 6]},
								"up": {"uv": [30, 12], "uv_size": [6, 1]},
								"down": {"uv": [30, 14], "uv_size": [6, -1]}
							}
						},
						{
							"origin": [-3.1, 22.1, 2.5],
							"size": [6.2, 1.85, 0.35],
							"uv": {
								"north": {"uv": [26, 19], "uv_size": [6, 2]},
								"east": {"uv": [36, 2], "uv_size": [1, 2]},
								"south": {"uv": [26, 21], "uv_size": [6, 2]},
								"west": {"uv": [37, 20], "uv_size": [1, 2]},
								"up": {"uv": [31, 26], "uv_size": [6, 1]},
								"down": {"uv": [31, 28], "uv_size": [6, -1]}
							}
						},
						{
							"origin": [2, 14.1, 2.5],
							"size": [1.75, 1.5, 0.5],
							"uv": {
								"north": {"uv": [34, 0], "uv_size": [2, 2]},
								"east": {"uv": [37, 22], "uv_size": [1, 2]},
								"south": {"uv": [34, 2], "uv_size": [2, 2]},
								"west": {"uv": [37, 25], "uv_size": [1, 2]},
								"up": {"uv": [37, 5], "uv_size": [2, 1]},
								"down": {"uv": [37, 16], "uv_size": [2, -1]}
							}
						},
						{
							"origin": [-3.75, 14.1, 2.5],
							"size": [1.75, 1.5, 0.5],
							"uv": {
								"north": {"uv": [34, 14], "uv_size": [2, 2]},
								"east": {"uv": [26, 37], "uv_size": [1, 2]},
								"south": {"uv": [30, 35], "uv_size": [2, 2]},
								"west": {"uv": [27, 37], "uv_size": [1, 2]},
								"up": {"uv": [37, 27], "uv_size": [2, 1]},
								"down": {"uv": [37, 29], "uv_size": [2, -1]}
							}
						},
						{
							"origin": [-3.75, 12.35, 2.5],
							"size": [1.75, 1.5, 0.5],
							"uv": {
								"north": {"uv": [35, 31], "uv_size": [2, 2]},
								"east": {"uv": [28, 37], "uv_size": [1, 2]},
								"south": {"uv": [35, 33], "uv_size": [2, 2]},
								"west": {"uv": [37, 29], "uv_size": [1, 2]},
								"up": {"uv": [30, 37], "uv_size": [2, 1]},
								"down": {"uv": [37, 32], "uv_size": [2, -1]}
							}
						},
						{
							"origin": [2, 12.35, 2.5],
							"size": [1.75, 1.5, 0.5],
							"uv": {
								"north": {"uv": [35, 35], "uv_size": [2, 2]},
								"east": {"uv": [37, 32], "uv_size": [1, 2]},
								"south": {"uv": [36, 0], "uv_size": [2, 2]},
								"west": {"uv": [37, 34], "uv_size": [1, 2]},
								"up": {"uv": [35, 37], "uv_size": [2, 1]},
								"down": {"uv": [37, 37], "uv_size": [2, -1]}
							}
						},
						{
							"origin": [4, 11.85, -2.5],
							"size": [0.25, 8.5, 4.5],
							"uv": {
								"north": {"uv": [26, 28], "uv_size": [1, 9]},
								"east": {"uv": [16, 0], "uv_size": [5, 9]},
								"south": {"uv": [27, 28], "uv_size": [1, 9]},
								"west": {"uv": [16, 9], "uv_size": [5, 9]},
								"up": {"uv": [0, 33], "uv_size": [1, 5]},
								"down": {"uv": [1, 38], "uv_size": [1, -5]}
							}
						},
						{
							"origin": [4.45, 16.45, -1.55],
							"size": [0.25, 0.45, 0.625],
							"pivot": [0, 0.1, 0],
							"rotation": [0, -45, 0],
							"uv": {
								"north": {"uv": [20, 27], "uv_size": [1, 1]},
								"east": {"uv": [36, 23], "uv_size": [1, 1]},
								"south": {"uv": [2, 38], "uv_size": [1, 1]},
								"west": {"uv": [13, 38], "uv_size": [1, 1]},
								"up": {"uv": [38, 21], "uv_size": [1, 1]},
								"down": {"uv": [22, 39], "uv_size": [1, -1]}
							}
						},
						{
							"origin": [4.16942, 16.45, -1.89761],
							"size": [0.25, 0.45, 4.125],
							"uv": {
								"north": {"uv": [38, 22], "uv_size": [1, 1]},
								"east": {"uv": [23, 38], "uv_size": [1, 1]},
								"south": {"uv": [38, 23], "uv_size": [1, 1]},
								"west": {"uv": [38, 24], "uv_size": [1, 1]},
								"up": {"uv": [38, 25], "uv_size": [1, 1]},
								"down": {"uv": [38, 27], "uv_size": [1, -1]}
							}
						},
						{
							"origin": [4.16942, 17.95, -1.89761],
							"size": [0.25, 0.45, 4.125],
							"uv": {
								"north": {"uv": [38, 29], "uv_size": [1, 1]},
								"east": {"uv": [30, 38], "uv_size": [1, 1]},
								"south": {"uv": [38, 30], "uv_size": [1, 1]},
								"west": {"uv": [31, 38], "uv_size": [1, 1]},
								"up": {"uv": [38, 32], "uv_size": [1, 1]},
								"down": {"uv": [38, 34], "uv_size": [1, -1]}
							}
						},
						{
							"origin": [4.45, 17.95, -1.55],
							"size": [0.25, 0.45, 0.625],
							"pivot": [0, 1.6, 0],
							"rotation": [0, -45, 0],
							"uv": {
								"north": {"uv": [38, 34], "uv_size": [1, 1]},
								"east": {"uv": [35, 38], "uv_size": [1, 1]},
								"south": {"uv": [38, 35], "uv_size": [1, 1]},
								"west": {"uv": [36, 38], "uv_size": [1, 1]},
								"up": {"uv": [38, 37], "uv_size": [1, 1]},
								"down": {"uv": [38, 39], "uv_size": [1, -1]}
							}
						},
						{
							"origin": [-4.41942, 17.95, -1.89761],
							"size": [0.25, 0.45, 4.125],
							"uv": {
								"north": {"uv": [39, 0], "uv_size": [1, 1]},
								"east": {"uv": [39, 1], "uv_size": [1, 1]},
								"south": {"uv": [2, 39], "uv_size": [1, 1]},
								"west": {"uv": [3, 39], "uv_size": [1, 1]},
								"up": {"uv": [4, 39], "uv_size": [1, 1]},
								"down": {"uv": [39, 6], "uv_size": [1, -1]}
							}
						},
						{
							"origin": [-4.7, 17.95, -1.55],
							"size": [0.25, 0.45, 0.625],
							"pivot": [0, 1.6, 0],
							"rotation": [0, 45, 0],
							"uv": {
								"north": {"uv": [11, 39], "uv_size": [1, 1]},
								"east": {"uv": [12, 39], "uv_size": [1, 1]},
								"south": {"uv": [13, 39], "uv_size": [1, 1]},
								"west": {"uv": [39, 15], "uv_size": [1, 1]},
								"up": {"uv": [16, 39], "uv_size": [1, 1]},
								"down": {"uv": [17, 40], "uv_size": [1, -1]}
							}
						},
						{
							"origin": [-4.41942, 16.45, -1.89761],
							"size": [0.25, 0.45, 4.125],
							"uv": {
								"north": {"uv": [20, 39], "uv_size": [1, 1]},
								"east": {"uv": [21, 39], "uv_size": [1, 1]},
								"south": {"uv": [39, 21], "uv_size": [1, 1]},
								"west": {"uv": [22, 39], "uv_size": [1, 1]},
								"up": {"uv": [39, 22], "uv_size": [1, 1]},
								"down": {"uv": [23, 40], "uv_size": [1, -1]}
							}
						},
						{
							"origin": [-4.7, 16.45, -1.55],
							"size": [0.25, 0.45, 0.625],
							"pivot": [0, 0.1, 0],
							"rotation": [0, 45, 0],
							"uv": {
								"north": {"uv": [39, 23], "uv_size": [1, 1]},
								"east": {"uv": [39, 24], "uv_size": [1, 1]},
								"south": {"uv": [25, 39], "uv_size": [1, 1]},
								"west": {"uv": [39, 25], "uv_size": [1, 1]},
								"up": {"uv": [26, 39], "uv_size": [1, 1]},
								"down": {"uv": [39, 27], "uv_size": [1, -1]}
							}
						},
						{
							"origin": [-4.25, 11.85, -2.5],
							"size": [0.25, 8.5, 4.5],
							"uv": {
								"north": {"uv": [28, 28], "uv_size": [1, 9]},
								"east": {"uv": [16, 18], "uv_size": [5, 9]},
								"south": {"uv": [11, 29], "uv_size": [1, 9]},
								"west": {"uv": [0, 21], "uv_size": [5, 9]},
								"up": {"uv": [2, 33], "uv_size": [1, 5]},
								"down": {"uv": [12, 38], "uv_size": [1, -5]}
							}
						},
						{
							"origin": [-2.5, 22.1, 2],
							"size": [4.925, 2, 0.5],
							"uv": {
								"north": {"uv": [11, 21], "uv_size": [5, 3]},
								"east": {"uv": [25, 36], "uv_size": [1, 3]},
								"south": {"uv": [21, 14], "uv_size": [5, 3]},
								"west": {"uv": [33, 36], "uv_size": [1, 3]},
								"up": {"uv": [32, 4], "uv_size": [5, 1]},
								"down": {"uv": [32, 6], "uv_size": [5, -1]}
							}
						},
						{
							"origin": [4, 20.925, -2.675],
							"size": [2.5, 3, 5.175],
							"pivot": [0, -4.575, 0],
							"rotation": [0, 0, -17.5],
							"uv": {
								"north": {"uv": [29, 14], "uv_size": [3, 3]},
								"east": {"uv": [21, 17], "uv_size": [5, 3]},
								"south": {"uv": [29, 23], "uv_size": [3, 3]},
								"west": {"uv": [21, 20], "uv_size": [5, 3]},
								"up": {"uv": [21, 23], "uv_size": [3, 5]},
								"down": {"uv": [11, 29], "uv_size": [3, -5]}
							}
						},
						{
							"origin": [-6.5, 20.925, -2.675],
							"size": [2.5, 3, 5.175],
							"pivot": [0, -4.575, 0],
							"rotation": [0, 0, 17.5],
							"uv": {
								"north": {"uv": [29, 28], "uv_size": [3, 3]},
								"east": {"uv": [24, 23], "uv_size": [5, 3]},
								"south": {"uv": [0, 30], "uv_size": [3, 3]},
								"west": {"uv": [25, 6], "uv_size": [5, 3]},
								"up": {"uv": [25, 9], "uv_size": [3, 5]},
								"down": {"uv": [26, 19], "uv_size": [3, -5]}
							}
						},
						{
							"origin": [-5.4, 23.925, -2.5],
							"size": [1.25, 0.05, 5],
							"pivot": [0, -4.575, 0],
							"rotation": [0, 0, 17.5],
							"uv": {
								"north": {"uv": [27, 39], "uv_size": [1, 1]},
								"east": {"uv": [32, 25], "uv_size": [5, 1]},
								"south": {"uv": [39, 27], "uv_size": [1, 1]},
								"west": {"uv": [32, 28], "uv_size": [5, 1]},
								"up": {"uv": [13, 33], "uv_size": [1, 5]},
								"down": {"uv": [20, 38], "uv_size": [1, -5]}
							}
						},
						{
							"origin": [-5.4, 22.725, -2.725],
							"size": [1.25, 1.25, 0.225],
							"pivot": [0, -4.575, 0],
							"rotation": [0, 0, 17.5],
							"uv": {
								"north": {"uv": [28, 39], "uv_size": [1, 1]},
								"east": {"uv": [39, 28], "uv_size": [1, 1]},
								"south": {"uv": [39, 29], "uv_size": [1, 1]},
								"west": {"uv": [30, 39], "uv_size": [1, 1]},
								"up": {"uv": [39, 30], "uv_size": [1, 1]},
								"down": {"uv": [31, 40], "uv_size": [1, -1]}
							}
						},
						{
							"origin": [4.15, 23.925, -2.5],
							"size": [1.25, 0.05, 5],
							"pivot": [0, -4.575, 0],
							"rotation": [0, 0, -17.5],
							"uv": {
								"north": {"uv": [39, 31], "uv_size": [1, 1]},
								"east": {"uv": [32, 29], "uv_size": [5, 1]},
								"south": {"uv": [32, 39], "uv_size": [1, 1]},
								"west": {"uv": [32, 30], "uv_size": [5, 1]},
								"up": {"uv": [21, 33], "uv_size": [1, 5]},
								"down": {"uv": [22, 38], "uv_size": [1, -5]}
							}
						},
						{
							"origin": [4.15, 22.725, -2.725],
							"size": [1.25, 1.25, 0.225],
							"pivot": [0, -4.575, 0],
							"rotation": [0, 0, -17.5],
							"uv": {
								"north": {"uv": [39, 32], "uv_size": [1, 1]},
								"east": {"uv": [33, 39], "uv_size": [1, 1]},
								"south": {"uv": [39, 33], "uv_size": [1, 1]},
								"west": {"uv": [34, 39], "uv_size": [1, 1]},
								"up": {"uv": [39, 34], "uv_size": [1, 1]},
								"down": {"uv": [35, 40], "uv_size": [1, -1]}
							}
						},
						{
							"origin": [-6, 21.725, -2.75],
							"size": [0.5, 2.25, 4.575],
							"pivot": [0, -4.575, 0],
							"rotation": [0, 0, 17.5],
							"uv": {
								"north": {"uv": [37, 37], "uv_size": [1, 2]},
								"east": {"uv": [26, 26], "uv_size": [5, 2]},
								"south": {"uv": [0, 38], "uv_size": [1, 2]},
								"west": {"uv": [27, 0], "uv_size": [5, 2]},
								"up": {"uv": [23, 33], "uv_size": [1, 5]},
								"down": {"uv": [33, 36], "uv_size": [1, -5]}
							}
						},
						{
							"origin": [5.5, 21.725, -2.75],
							"size": [0.5, 2.25, 4.575],
							"pivot": [0, -4.575, 0],
							"rotation": [0, 0, -17.5],
							"uv": {
								"north": {"uv": [38, 0], "uv_size": [1, 2]},
								"east": {"uv": [27, 2], "uv_size": [5, 2]},
								"south": {"uv": [1, 38], "uv_size": [1, 2]},
								"west": {"uv": [27, 4], "uv_size": [5, 2]},
								"up": {"uv": [3, 34], "uv_size": [1, 5]},
								"down": {"uv": [4, 39], "uv_size": [1, -5]}
							}
						},
						{
							"origin": [-4, 11.85, -2.525],
							"size": [8, 11.525, 0.525],
							"uv": {
								"north": {"uv": [0, 0], "uv_size": [8, 11]},
								"east": {"uv": [14, 24], "uv_size": [1, 11]},
								"south": {"uv": [8, 0], "uv_size": [8, 11]},
								"west": {"uv": [15, 24], "uv_size": [1, 11]},
								"up": {"uv": [30, 6], "uv_size": [8, 1]},
								"down": {"uv": [30, 8], "uv_size": [8, -1]}
							}
						},
						{
							"origin": [-2, 18.85, -3.025],
							"size": [4, 3.5, 0.5],
							"uv": {
								"north": {"uv": [21, 6], "uv_size": [4, 4]},
								"east": {"uv": [32, 35], "uv_size": [1, 4]},
								"south": {"uv": [21, 10], "uv_size": [4, 4]},
								"west": {"uv": [5, 36], "uv_size": [1, 4]},
								"up": {"uv": [34, 16], "uv_size": [4, 1]},
								"down": {"uv": [34, 25], "uv_size": [4, -1]}
							}
						},
						{
							"origin": [1.75, 19.425, -2.625],
							"size": [2, 3.15, 0.1],
							"uv": {
								"north": {"uv": [32, 14], "uv_size": [2, 3]},
								"east": {"uv": [34, 36], "uv_size": [1, 3]},
								"south": {"uv": [18, 32], "uv_size": [2, 3]},
								"west": {"uv": [37, 2], "uv_size": [1, 3]},
								"up": {"uv": [38, 2], "uv_size": [2, 1]},
								"down": {"uv": [38, 4], "uv_size": [2, -1]}
							}
						},
						{
							"origin": [-3.75, 19.425, -2.625],
							"size": [2, 3.15, 0.1],
							"uv": {
								"north": {"uv": [32, 19], "uv_size": [2, 3]},
								"east": {"uv": [37, 12], "uv_size": [1, 3]},
								"south": {"uv": [32, 22], "uv_size": [2, 3]},
								"west": {"uv": [37, 17], "uv_size": [1, 3]},
								"up": {"uv": [38, 4], "uv_size": [2, 1]},
								"down": {"uv": [38, 7], "uv_size": [2, -1]}
							}
						},
						{
							"origin": [-2.75, 12.6, -4.5],
							"size": [1.75, 4.75, 1.25],
							"pivot": [-0.25, -4.4, 0],
							"rotation": [0, 30, 0],
							"uv": {
								"north": {"uv": [5, 27], "uv_size": [2, 5]},
								"east": {"uv": [34, 19], "uv_size": [1, 5]},
								"south": {"uv": [7, 27], "uv_size": [2, 5]},
								"west": {"uv": [34, 31], "uv_size": [1, 5]},
								"up": {"uv": [38, 7], "uv_size": [2, 1]},
								"down": {"uv": [38, 9], "uv_size": [2, -1]}
							}
						},
						{
							"origin": [-3, 12.6, -3.5],
							"size": [1.75, 4.75, 1],
							"uv": {
								"north": {"uv": [9, 27], "uv_size": [2, 5]},
								"east": {"uv": [14, 35], "uv_size": [1, 5]},
								"south": {"uv": [16, 27], "uv_size": [2, 5]},
								"west": {"uv": [15, 35], "uv_size": [1, 5]},
								"up": {"uv": [38, 9], "uv_size": [2, 1]},
								"down": {"uv": [38, 11], "uv_size": [2, -1]}
							}
						},
						{
							"origin": [-2.9, 13.35, -3.6],
							"size": [1.55, 4.1, 1.1],
							"uv": {
								"north": {"uv": [12, 29], "uv_size": [2, 4]},
								"east": {"uv": [6, 36], "uv_size": [1, 4]},
								"south": {"uv": [3, 30], "uv_size": [2, 4]},
								"west": {"uv": [7, 36], "uv_size": [1, 4]},
								"up": {"uv": [11, 38], "uv_size": [2, 1]},
								"down": {"uv": [38, 12], "uv_size": [2, -1]}
							}
						},
						{
							"origin": [-2.65, 13.35, -4.6],
							"size": [1.55, 4.1, 1.35],
							"pivot": [-0.25, -4.4, 0],
							"rotation": [0, 30, 0],
							"uv": {
								"north": {"uv": [29, 31], "uv_size": [2, 4]},
								"east": {"uv": [8, 36], "uv_size": [1, 4]},
								"south": {"uv": [31, 31], "uv_size": [2, 4]},
								"west": {"uv": [9, 36], "uv_size": [1, 4]},
								"up": {"uv": [38, 12], "uv_size": [2, 1]},
								"down": {"uv": [38, 14], "uv_size": [2, -1]}
							}
						},
						{
							"origin": [1.35, 13.35, -3.6],
							"size": [1.55, 4.1, 1.1],
							"uv": {
								"north": {"uv": [32, 0], "uv_size": [2, 4]},
								"east": {"uv": [10, 36], "uv_size": [1, 4]},
								"south": {"uv": [5, 32], "uv_size": [2, 4]},
								"west": {"uv": [36, 12], "uv_size": [1, 4]},
								"up": {"uv": [38, 14], "uv_size": [2, 1]},
								"down": {"uv": [16, 39], "uv_size": [2, -1]}
							}
						},
						{
							"origin": [1.25, 12.6, -3.5],
							"size": [1.75, 4.75, 1],
							"uv": {
								"north": {"uv": [18, 27], "uv_size": [2, 5]},
								"east": {"uv": [18, 35], "uv_size": [1, 5]},
								"south": {"uv": [28, 9], "uv_size": [2, 5]},
								"west": {"uv": [19, 35], "uv_size": [1, 5]},
								"up": {"uv": [38, 16], "uv_size": [2, 1]},
								"down": {"uv": [38, 18], "uv_size": [2, -1]}
							}
						},
						{
							"origin": [1, 12.6, -4.5],
							"size": [1.75, 4.75, 1.25],
							"pivot": [0.25, -4.4, 0],
							"rotation": [0, -30, 0],
							"uv": {
								"north": {"uv": [20, 28], "uv_size": [2, 5]},
								"east": {"uv": [35, 19], "uv_size": [1, 5]},
								"south": {"uv": [22, 28], "uv_size": [2, 5]},
								"west": {"uv": [29, 35], "uv_size": [1, 5]},
								"up": {"uv": [38, 18], "uv_size": [2, 1]},
								"down": {"uv": [38, 20], "uv_size": [2, -1]}
							}
						},
						{
							"origin": [1.1, 13.35, -4.6],
							"size": [1.55, 4.1, 1.35],
							"pivot": [0.25, -4.4, 0],
							"rotation": [0, -30, 0],
							"uv": {
								"north": {"uv": [7, 32], "uv_size": [2, 4]},
								"east": {"uv": [36, 19], "uv_size": [1, 4]},
								"south": {"uv": [9, 32], "uv_size": [2, 4]},
								"west": {"uv": [24, 36], "uv_size": [1, 4]},
								"up": {"uv": [20, 38], "uv_size": [2, 1]},
								"down": {"uv": [38, 21], "uv_size": [2, -1]}
							}
						}
					]
				}
			]
		}
	]
}