{
	"format_version": "1.12.0",
	"minecraft:geometry": [
		{
			"description": {
				"identifier": "geometry.player.afganka",
				"texture_width": 64,
				"texture_height": 64,
				"visible_bounds_width": 7,
				"visible_bounds_height": 7,
				"visible_bounds_offset": [0, 1.5, 0]
			},
			"bones": [
				{
					"name": "root",
					"pivot": [0, 0, 0]
				},
				{
					"name": "waist",
					"parent": "root",
					"pivot": [0, 12, 0]
				},
				{
					"name": "body",
					"parent": "waist",
					"pivot": [0, 24, 0],
					"cubes": [
						{
							"origin": [-4.08, 12.025, -2.04],
							"size": [8.16, 12.24, 4.08],
							"uv": {
								"north": {"uv": [0, 0], "uv_size": [8, 12]},
								"east": {"uv": [0, 12], "uv_size": [4, 12]},
								"south": {"uv": [8, 0], "uv_size": [8, 12]},
								"west": {"uv": [4, 12], "uv_size": [4, 12]},
								"up": {"uv": [8, 12], "uv_size": [8, 4]},
								"down": {"uv": [16, 4], "uv_size": [8, -4]}
							}
						}
					]
				},
				{
					"name": "rightarmor",
					"parent": "body",
					"pivot": [-7.14, 23.315, 0],
					"rotation": [0, 180, -5]
				},
				{
					"name": "rightArm",
					"parent": "body",
					"pivot": [-5.1, 22, 0],
					"cubes": [
						{
							"origin": [-8.18502, 17.12498, -2.04002],
							"size": [4.30504, 7.14004, 4.08004],
							"inflate": 0.001,
							"uv": {
								"north": {"uv": [8, 23], "uv_size": [4, 7]},
								"east": {"uv": [12, 23], "uv_size": [4, 7]},
								"south": {"uv": [0, 24], "uv_size": [4, 7]},
								"west": {"uv": [24, 0], "uv_size": [4, 7]},
								"up": {"uv": [37, 0], "uv_size": [4, 4]},
								"down": {"uv": [37, 8], "uv_size": [4, -4]}
							}
						}
					]
				},
				{
					"name": "rightItem",
					"parent": "rightArm",
					"pivot": [-6.12, 15.325, 1.02]
				},
				{
					"name": "rightArm90000",
					"parent": "rightArm",
					"pivot": [-6.12, 18.385, 0],
					"cubes": [
						{
							"origin": [-8.185, 14.275, -2.04],
							"size": [4.305, 4.89, 4.08],
							"uv": {
								"north": {"uv": [33, 5], "uv_size": [4, 5]},
								"east": {"uv": [33, 10], "uv_size": [4, 5]},
								"south": {"uv": [33, 15], "uv_size": [4, 5]},
								"west": {"uv": [20, 33], "uv_size": [4, 5]},
								"up": {"uv": [37, 8], "uv_size": [4, 4]},
								"down": {"uv": [37, 16], "uv_size": [4, -4]}
							}
						}
					]
				},
				{
					"name": "rightItem2",
					"parent": "rightArm90000",
					"pivot": [-6.12, 15.325, 1.02]
				},
				{
					"name": "gun",
					"parent": "rightArm90000",
					"pivot": [-5.865, 13.285, 0],
					"rotation": [90, 0, 0]
				},
				{
					"name": "gloves",
					"parent": "rightArm90000",
					"pivot": [10.2, 3.085, -16.32],
					"cubes": [
						{
							"origin": [-8.341, 14.065, -2.346],
							"size": [4.692, 1.224, 4.692],
							"uv": {
								"north": {"uv": [38, 34], "uv_size": [4.5, 1]},
								"east": {"uv": [0, 40], "uv_size": [4.5, 1]},
								"south": {"uv": [5, 40], "uv_size": [4.5, 1]},
								"west": {"uv": [40, 35], "uv_size": [4.5, 1]},
								"up": {"uv": [28, 15], "uv_size": [4.5, 4.5]},
								"down": {"uv": [28, 24.5], "uv_size": [4.5, -4.5]}
							}
						}
					]
				},
				{
					"name": "leftArm",
					"parent": "body",
					"pivot": [5.1, 22, 0],
					"cubes": [
						{
							"origin": [3.57998, 17.12498, -2.04002],
							"size": [4.60504, 7.14004, 4.08004],
							"inflate": 0.001,
							"uv": {
								"north": {"uv": [4, 24], "uv_size": [4, 7]},
								"east": {"uv": [24, 7], "uv_size": [4, 7]},
								"south": {"uv": [24, 14], "uv_size": [4, 7]},
								"west": {"uv": [24, 21], "uv_size": [4, 7]},
								"up": {"uv": [37, 16], "uv_size": [4, 4]},
								"down": {"uv": [37, 24], "uv_size": [4, -4]}
							}
						}
					]
				},
				{
					"name": "leftArm0",
					"parent": "leftArm",
					"pivot": [6.12, 18.385, 0],
					"cubes": [
						{
							"origin": [3.58, 14.275, -2.04],
							"size": [4.605, 4.89, 4.08],
							"uv": {
								"north": {"uv": [33, 20], "uv_size": [4, 5]},
								"east": {"uv": [33, 25], "uv_size": [4, 5]},
								"south": {"uv": [34, 30], "uv_size": [4, 5]},
								"west": {"uv": [8, 35], "uv_size": [4, 5]},
								"up": {"uv": [37, 24], "uv_size": [4, 4]},
								"down": {"uv": [20, 42], "uv_size": [4, -4]}
							}
						}
					]
				},
				{
					"name": "gloves2",
					"parent": "leftArm0",
					"pivot": [22.44, 3.085, -16.32],
					"cubes": [
						{
							"origin": [3.449, 14.065, -2.346],
							"size": [4.892, 1.224, 4.692],
							"uv": {
								"north": {"uv": [40, 36], "uv_size": [4.5, 1]},
								"east": {"uv": [40, 37], "uv_size": [4.5, 1]},
								"south": {"uv": [40, 38], "uv_size": [4.5, 1]},
								"west": {"uv": [0, 41], "uv_size": [4.5, 1]},
								"up": {"uv": [21, 28], "uv_size": [4.5, 4.5]},
								"down": {"uv": [28, 29.5], "uv_size": [4.5, -4.5]}
							}
						}
					]
				},
				{
					"name": "leftarmor",
					"parent": "leftArm",
					"pivot": [7.14, 23.315, 0],
					"rotation": [0, 0, 10]
				},
				{
					"name": "leftLeg",
					"parent": "root",
					"pivot": [2.04, 12, 0],
					"cubes": [
						{
							"origin": [-0.25002, 4.88498, -2.04002],
							"size": [4.33004, 7.14004, 4.08004],
							"inflate": 0.001,
							"uv": {
								"north": {"uv": [16, 18], "uv_size": [4, 7]},
								"east": {"uv": [20, 4], "uv_size": [4, 7]},
								"south": {"uv": [20, 11], "uv_size": [4, 7]},
								"west": {"uv": [20, 18], "uv_size": [4, 7]},
								"up": {"uv": [32, 35], "uv_size": [4, 4]},
								"down": {"uv": [0, 40], "uv_size": [4, -4]}
							}
						},
						{
							"origin": [-0.454, 3.385, -2.244],
							"size": [4.738, 2.04, 4.488],
							"uv": {
								"north": {"uv": [24, 39], "uv_size": [4.5, 2]},
								"east": {"uv": [29, 39], "uv_size": [4.5, 2]},
								"south": {"uv": [34, 39], "uv_size": [4.5, 2]},
								"west": {"uv": [39, 39], "uv_size": [4.5, 2]},
								"up": {"uv": [28, 5], "uv_size": [4.5, 4.5]},
								"down": {"uv": [28, 14.5], "uv_size": [4.5, -4.5]}
							}
						},
						{
							"origin": [-0.25002, -0.11502, -2.04002],
							"size": [4.33004, 5, 4.08004],
							"inflate": 0.001,
							"uv": {
								"north": {"uv": [30, 30], "uv_size": [4, 5]},
								"east": {"uv": [0, 31], "uv_size": [4, 5]},
								"south": {"uv": [4, 31], "uv_size": [4, 5]},
								"west": {"uv": [33, 0], "uv_size": [4, 5]},
								"up": {"uv": [4, 36], "uv_size": [4, 4]},
								"down": {"uv": [36, 39], "uv_size": [4, -4]}
							}
						},
						{
							"origin": [0.49998, -0.11502, -2.54002],
							"size": [3.08004, 1, 0.5],
							"inflate": 0.001,
							"uv": {
								"north": {"uv": [21, 27], "uv_size": [3, 1]},
								"east": {"uv": [26, 29], "uv_size": [0.5, 1]},
								"south": {"uv": [17, 39], "uv_size": [3, 1]},
								"west": {"uv": [27, 29], "uv_size": [0.5, 1]},
								"up": {"uv": [41, 1], "uv_size": [3, 0.5]},
								"down": {"uv": [41, 2.5], "uv_size": [3, -0.5]}
							}
						}
					]
				},
				{
					"name": "leftLeg2",
					"parent": "leftLeg",
					"pivot": [2.04, 6.145, 0]
				},
				{
					"name": "rightLeg",
					"parent": "root",
					"pivot": [-2.04, 12, 0],
					"cubes": [
						{
							"origin": [-4.284, 3.385, -2.244],
							"size": [4.738, 2.04, 4.488],
							"uv": {
								"north": {"uv": [37, 28], "uv_size": [4.5, 2]},
								"east": {"uv": [38, 30], "uv_size": [4.5, 2]},
								"south": {"uv": [38, 32], "uv_size": [4.5, 2]},
								"west": {"uv": [12, 39], "uv_size": [4.5, 2]},
								"up": {"uv": [16, 25], "uv_size": [4.5, 4.5]},
								"down": {"uv": [28, 4.5], "uv_size": [4.5, -4.5]}
							}
						},
						{
							"origin": [-4.08002, 4.88498, -2.04002],
							"size": [4.33004, 7.14004, 4.08004],
							"inflate": 0.001,
							"uv": {
								"north": {"uv": [16, 4], "uv_size": [4, 7]},
								"east": {"uv": [8, 16], "uv_size": [4, 7]},
								"south": {"uv": [16, 11], "uv_size": [4, 7]},
								"west": {"uv": [12, 16], "uv_size": [4, 7]},
								"up": {"uv": [12, 35], "uv_size": [4, 4]},
								"down": {"uv": [16, 39], "uv_size": [4, -4]}
							}
						},
						{
							"origin": [-4.08002, -0.11502, -2.04002],
							"size": [4.33004, 5, 4.08004],
							"inflate": 0.001,
							"uv": {
								"north": {"uv": [8, 30], "uv_size": [4, 5]},
								"east": {"uv": [12, 30], "uv_size": [4, 5]},
								"south": {"uv": [16, 30], "uv_size": [4, 5]},
								"west": {"uv": [26, 30], "uv_size": [4, 5]},
								"up": {"uv": [24, 35], "uv_size": [4, 4]},
								"down": {"uv": [28, 39], "uv_size": [4, -4]}
							}
						},
						{
							"origin": [-3.58002, -0.11502, -2.54002],
							"size": [3.08004, 1, 0.5],
							"inflate": 0.001,
							"uv": {
								"north": {"uv": [21, 25], "uv_size": [3, 1]},
								"east": {"uv": [26, 28], "uv_size": [0.5, 1]},
								"south": {"uv": [21, 26], "uv_size": [3, 1]},
								"west": {"uv": [27, 28], "uv_size": [0.5, 1]},
								"up": {"uv": [17, 40], "uv_size": [3, 0.5]},
								"down": {"uv": [41, 0.5], "uv_size": [3, -0.5]}
							}
						}
					]
				},
				{
					"name": "rightLeg2",
					"parent": "rightLeg",
					"pivot": [-2.04, 6.145, 0]
				}
			]
		}
	]
}