{
	"format_version": "1.12.0",
	"minecraft:geometry": [
		{
			"description": {
				"identifier": "geometry.player.ai1m",
				"texture_width": 32,
				"texture_height": 32,
				"visible_bounds_width": 3,
				"visible_bounds_height": 2.5,
				"visible_bounds_offset": [0, 0.75, 0]
			},
			"bones": [
				{
					"name": "root",
					"pivot": [0, 0, 0]
				},
				{
					"name": "waist",
					"parent": "root",
					"pivot": [0, 12, 0]
				},
				{
					"name": "body",
					"parent": "waist",
					"pivot": [0, 24, 0]
				},
				{
					"name": "leftArm",
					"parent": "body",
					"pivot": [5, 22, 0]
				},
				{
					"name": "leftSleeve",
					"parent": "leftArm",
					"pivot": [5, 22, 0]
				},
				{
					"name": "leftItem",
					"parent": "leftArm",
					"pivot": [6, 15, 1]
				},
				{
					"name": "apteka",
					"parent": "leftArm",
					"pivot": [6.075, 11, -2],
					"rotation": [37.5, 0, 0],
					"cubes": [
						{
							"origin": [4.475, 11, -3.6],
							"size": [3.2, 0.05, 3.2],
							"uv": {
								"north": {"uv": [16, 2], "uv_size": [3.1875, 0.0625]},
								"east": {"uv": [16, 3], "uv_size": [3.1875, 0.0625]},
								"south": {"uv": [1, 16], "uv_size": [3.1875, 0.0625]},
								"west": {"uv": [16, 1], "uv_size": [3.1875, 0.0625]},
								"up": {"uv": [7.1875, 3.1875], "uv_size": [-3.1875, -3.1875]},
								"down": {"uv": [7.1875, 4], "uv_size": [-3.1875, 3.1875]}
							}
						},
						{
							"origin": [5.695, 11.05, -1.7],
							"size": [0.48, 0.36, 0.6],
							"uv": {
								"north": {"uv": [15, 16], "uv_size": [0.46875, 0.375]},
								"east": {"uv": [10, 15], "uv_size": [0.59375, 0.375]},
								"south": {"uv": [16, 14], "uv_size": [0.46875, 0.375]},
								"west": {"uv": [15, 9], "uv_size": [0.59375, 0.375]},
								"up": {"uv": [14.46875, 9.59375], "uv_size": [-0.46875, -0.59375]},
								"down": {"uv": [10.46875, 14], "uv_size": [-0.46875, 0.59375]}
							}
						},
						{
							"origin": [5.745, 11.05, -1.3],
							"size": [0.41, 0.35, 0.8],
							"uv": {
								"north": {"uv": [15, 17], "uv_size": [0.40625, 0.34375]},
								"east": {"uv": [14, 1], "uv_size": [0.8125, 0.34375]},
								"south": {"uv": [17, 14], "uv_size": [0.40625, 0.34375]},
								"west": {"uv": [14, 0], "uv_size": [0.8125, 0.34375]},
								"up": {"uv": [13.40625, 3.8125], "uv_size": [-0.40625, -0.8125]},
								"down": {"uv": [7.40625, 13], "uv_size": [-0.40625, 0.8125]}
							}
						},
						{
							"origin": [6.245, 11.05, -3.25],
							"size": [0.43, 0.36, 0.6],
							"uv": {
								"north": {"uv": [17, 7], "uv_size": [0.4375, 0.375]},
								"east": {"uv": [11, 15], "uv_size": [0.59375, 0.375]},
								"south": {"uv": [7, 17], "uv_size": [0.4375, 0.375]},
								"west": {"uv": [15, 10], "uv_size": [0.59375, 0.375]},
								"up": {"uv": [14.4375, 13.59375], "uv_size": [-0.4375, -0.59375]},
								"down": {"uv": [14.4375, 14], "uv_size": [-0.4375, 0.59375]}
							}
						},
						{
							"origin": [5.095, 11.05, -1.7],
							"size": [0.48, 0.36, 0.6],
							"uv": {
								"north": {"uv": [16, 16], "uv_size": [0.46875, 0.375]},
								"east": {"uv": [12, 15], "uv_size": [0.59375, 0.375]},
								"south": {"uv": [16, 15], "uv_size": [0.46875, 0.375]},
								"west": {"uv": [15, 11], "uv_size": [0.59375, 0.375]},
								"up": {"uv": [14.46875, 10.59375], "uv_size": [-0.46875, -0.59375]},
								"down": {"uv": [11.46875, 14], "uv_size": [-0.46875, 0.59375]}
							}
						},
						{
							"origin": [4.695, 11.05, -2.2],
							"size": [1.355, 0.36, 0.4],
							"uv": {
								"north": {"uv": [12, 7], "uv_size": [1.34375, 0.375]},
								"east": {"uv": [12, 17], "uv_size": [0.40625, 0.375]},
								"south": {"uv": [12, 6], "uv_size": [1.34375, 0.375]},
								"west": {"uv": [17, 11], "uv_size": [0.40625, 0.375]},
								"up": {"uv": [5.34375, 12.40625], "uv_size": [-1.34375, -0.40625]},
								"down": {"uv": [13.34375, 4], "uv_size": [-1.34375, 0.40625]}
							}
						},
						{
							"origin": [5.145, 11.05, -1.3],
							"size": [0.41, 0.35, 0.8],
							"uv": {
								"north": {"uv": [16, 17], "uv_size": [0.40625, 0.34375]},
								"east": {"uv": [14, 3], "uv_size": [0.8125, 0.34375]},
								"south": {"uv": [17, 15], "uv_size": [0.40625, 0.34375]},
								"west": {"uv": [14, 2], "uv_size": [0.8125, 0.34375]},
								"up": {"uv": [8.40625, 13.8125], "uv_size": [-0.40625, -0.8125]},
								"down": {"uv": [13.40625, 8], "uv_size": [-0.40625, 0.8125]}
							}
						},
						{
							"origin": [4.545, 11.05, -1.7],
							"size": [0.43, 0.36, 0.6],
							"uv": {
								"north": {"uv": [17, 8], "uv_size": [0.4375, 0.375]},
								"east": {"uv": [13, 15], "uv_size": [0.59375, 0.375]},
								"south": {"uv": [8, 17], "uv_size": [0.4375, 0.375]},
								"west": {"uv": [15, 12], "uv_size": [0.59375, 0.375]},
								"up": {"uv": [15.4375, 0.59375], "uv_size": [-0.4375, -0.59375]},
								"down": {"uv": [15.4375, 1], "uv_size": [-0.4375, 0.59375]}
							}
						},
						{
							"origin": [4.545, 11.05, -1.3],
							"size": [0.41, 0.35, 0.8],
							"uv": {
								"north": {"uv": [17, 17], "uv_size": [0.40625, 0.34375]},
								"east": {"uv": [14, 5], "uv_size": [0.8125, 0.34375]},
								"south": {"uv": [17, 16], "uv_size": [0.40625, 0.34375]},
								"west": {"uv": [14, 4], "uv_size": [0.8125, 0.34375]},
								"up": {"uv": [9.40625, 13.8125], "uv_size": [-0.40625, -0.8125]},
								"down": {"uv": [13.40625, 9], "uv_size": [-0.40625, 0.8125]}
							}
						},
						{
							"origin": [4.545, 11.05, -2.9],
							"size": [0.43, 0.36, 0.6],
							"uv": {
								"north": {"uv": [17, 10], "uv_size": [0.4375, 0.375]},
								"east": {"uv": [14, 15], "uv_size": [0.59375, 0.375]},
								"south": {"uv": [17, 9], "uv_size": [0.4375, 0.375]},
								"west": {"uv": [15, 13], "uv_size": [0.59375, 0.375]},
								"up": {"uv": [15.4375, 2.59375], "uv_size": [-0.4375, -0.59375]},
								"down": {"uv": [15.4375, 3], "uv_size": [-0.4375, 0.59375]}
							}
						},
						{
							"origin": [4.545, 11.05, -3.5],
							"size": [0.41, 0.35, 0.8],
							"uv": {
								"north": {"uv": [18, 0], "uv_size": [0.40625, 0.34375]},
								"east": {"uv": [7, 14], "uv_size": [0.8125, 0.34375]},
								"south": {"uv": [0, 18], "uv_size": [0.40625, 0.34375]},
								"west": {"uv": [14, 6], "uv_size": [0.8125, 0.34375]},
								"up": {"uv": [10.40625, 13.8125], "uv_size": [-0.40625, -0.8125]},
								"down": {"uv": [11.40625, 13], "uv_size": [-0.40625, 0.8125]}
							}
						},
						{
							"origin": [5.695, 11.05, -2.9],
							"size": [0.48, 0.36, 0.6],
							"uv": {
								"north": {"uv": [17, 0], "uv_size": [0.46875, 0.375]},
								"east": {"uv": [15, 15], "uv_size": [0.59375, 0.375]},
								"south": {"uv": [0, 17], "uv_size": [0.46875, 0.375]},
								"west": {"uv": [15, 14], "uv_size": [0.59375, 0.375]},
								"up": {"uv": [14.46875, 11.59375], "uv_size": [-0.46875, -0.59375]},
								"down": {"uv": [12.46875, 14], "uv_size": [-0.46875, 0.59375]}
							}
						},
						{
							"origin": [5.145, 11.05, -3.5],
							"size": [0.41, 0.35, 0.8],
							"uv": {
								"north": {"uv": [2, 18], "uv_size": [0.40625, 0.34375]},
								"east": {"uv": [8, 14], "uv_size": [0.8125, 0.34375]},
								"south": {"uv": [1, 18], "uv_size": [0.40625, 0.34375]},
								"west": {"uv": [14, 7], "uv_size": [0.8125, 0.34375]},
								"up": {"uv": [13.40625, 11.8125], "uv_size": [-0.40625, -0.8125]},
								"down": {"uv": [12.40625, 13], "uv_size": [-0.40625, 0.8125]}
							}
						},
						{
							"origin": [5.095, 11.05, -2.9],
							"size": [0.48, 0.36, 0.6],
							"uv": {
								"north": {"uv": [2, 17], "uv_size": [0.46875, 0.375]},
								"east": {"uv": [16, 0], "uv_size": [0.59375, 0.375]},
								"south": {"uv": [1, 17], "uv_size": [0.46875, 0.375]},
								"west": {"uv": [0, 16], "uv_size": [0.59375, 0.375]},
								"up": {"uv": [14.46875, 12.59375], "uv_size": [-0.46875, -0.59375]},
								"down": {"uv": [13.46875, 14], "uv_size": [-0.46875, 0.59375]}
							}
						},
						{
							"origin": [5.745, 11.05, -3.5],
							"size": [0.41, 0.35, 0.8],
							"uv": {
								"north": {"uv": [4, 18], "uv_size": [0.40625, 0.34375]},
								"east": {"uv": [9, 14], "uv_size": [0.8125, 0.34375]},
								"south": {"uv": [3, 18], "uv_size": [0.40625, 0.34375]},
								"west": {"uv": [14, 8], "uv_size": [0.8125, 0.34375]},
								"up": {"uv": [13.40625, 12.8125], "uv_size": [-0.40625, -0.8125]},
								"down": {"uv": [13.40625, 13], "uv_size": [-0.40625, 0.8125]}
							}
						},
						{
							"origin": [6.82, 11.05, -3.5],
							"size": [0.31, 0.325, 0.8],
							"uv": {
								"north": {"uv": [19, 0], "uv_size": [0.3125, 0.3125]},
								"east": {"uv": [15, 5], "uv_size": [0.8125, 0.3125]},
								"south": {"uv": [0, 19], "uv_size": [0.3125, 0.3125]},
								"west": {"uv": [15, 4], "uv_size": [0.8125, 0.3125]},
								"up": {"uv": [15.3125, 6.8125], "uv_size": [-0.3125, -0.8125]},
								"down": {"uv": [7.3125, 15], "uv_size": [-0.3125, 0.8125]}
							}
						},
						{
							"origin": [6.72, 11.05, -1.4],
							"size": [0.31, 0.325, 0.8],
							"uv": {
								"north": {"uv": [2, 19], "uv_size": [0.3125, 0.3125]},
								"east": {"uv": [8, 15], "uv_size": [0.8125, 0.3125]},
								"south": {"uv": [1, 19], "uv_size": [0.3125, 0.3125]},
								"west": {"uv": [15, 7], "uv_size": [0.8125, 0.3125]},
								"up": {"uv": [15.3125, 8.8125], "uv_size": [-0.3125, -0.8125]},
								"down": {"uv": [9.3125, 15], "uv_size": [-0.3125, 0.8125]}
							}
						},
						{
							"origin": [6.695, 11.05, -2.8],
							"size": [0.46, 0.35, 1.5],
							"uv": {
								"north": {"uv": [6, 18], "uv_size": [0.40625, 0.34375]},
								"east": {"uv": [6, 12], "uv_size": [1.5, 0.34375]},
								"south": {"uv": [5, 18], "uv_size": [0.40625, 0.34375]},
								"west": {"uv": [12, 5], "uv_size": [1.5, 0.34375]},
								"up": {"uv": [12.40625, 1.5], "uv_size": [-0.40625, -1.5]},
								"down": {"uv": [12.40625, 2], "uv_size": [-0.40625, 1.5]}
							}
						},
						{
							"origin": [7.15, 11.05, -3.2],
							"size": [0.05, 0.2, 1],
							"uv": {
								"north": {"uv": [20, 23], "uv_size": [0.0625, 0.1875]},
								"east": {"uv": [12, 16], "uv_size": [1, 0.1875]},
								"south": {"uv": [23, 19], "uv_size": [0.0625, 0.1875]},
								"west": {"uv": [16, 11], "uv_size": [1, 0.1875]},
								"up": {"uv": [4.0625, 21], "uv_size": [-0.0625, -1]},
								"down": {"uv": [20.0625, 4], "uv_size": [-0.0625, 1]}
							}
						},
						{
							"origin": [7.1, 11.05, -1.45],
							"size": [0.05, 0.2, 1],
							"uv": {
								"north": {"uv": [21, 23], "uv_size": [0.0625, 0.1875]},
								"east": {"uv": [13, 16], "uv_size": [1, 0.1875]},
								"south": {"uv": [23, 20], "uv_size": [0.0625, 0.1875]},
								"west": {"uv": [16, 12], "uv_size": [1, 0.1875]},
								"up": {"uv": [5.0625, 21], "uv_size": [-0.0625, -1]},
								"down": {"uv": [20.0625, 5], "uv_size": [-0.0625, 1]}
							}
						},
						{
							"origin": [6.675, 11.05, -1.45],
							"size": [0.05, 0.2, 1],
							"uv": {
								"north": {"uv": [22, 23], "uv_size": [0.0625, 0.1875]},
								"east": {"uv": [14, 16], "uv_size": [1, 0.1875]},
								"south": {"uv": [23, 21], "uv_size": [0.0625, 0.1875]},
								"west": {"uv": [16, 13], "uv_size": [1, 0.1875]},
								"up": {"uv": [6.0625, 21], "uv_size": [-0.0625, -1]},
								"down": {"uv": [20.0625, 6], "uv_size": [-0.0625, 1]}
							}
						},
						{
							"origin": [6.225, 11.05, -1.6],
							"size": [0.1, 0.2, 0.4],
							"uv": {
								"north": {"uv": [22, 18], "uv_size": [0.09375, 0.1875]},
								"east": {"uv": [18, 19], "uv_size": [0.40625, 0.1875]},
								"south": {"uv": [18, 22], "uv_size": [0.09375, 0.1875]},
								"west": {"uv": [19, 17], "uv_size": [0.40625, 0.1875]},
								"up": {"uv": [7.09375, 21.40625], "uv_size": [-0.09375, -0.40625]},
								"down": {"uv": [8.09375, 21], "uv_size": [-0.09375, 0.40625]}
							}
						},
						{
							"origin": [6.225, 11.05, -2.75],
							"size": [0.1, 0.2, 0.4],
							"uv": {
								"north": {"uv": [22, 19], "uv_size": [0.09375, 0.1875]},
								"east": {"uv": [19, 19], "uv_size": [0.40625, 0.1875]},
								"south": {"uv": [19, 22], "uv_size": [0.09375, 0.1875]},
								"west": {"uv": [19, 18], "uv_size": [0.40625, 0.1875]},
								"up": {"uv": [9.09375, 21.40625], "uv_size": [-0.09375, -0.40625]},
								"down": {"uv": [10.09375, 21], "uv_size": [-0.09375, 0.40625]}
							}
						},
						{
							"origin": [5.625, 11.05, -2.75],
							"size": [0.1, 0.2, 0.4],
							"uv": {
								"north": {"uv": [22, 20], "uv_size": [0.09375, 0.1875]},
								"east": {"uv": [20, 0], "uv_size": [0.40625, 0.1875]},
								"south": {"uv": [20, 22], "uv_size": [0.09375, 0.1875]},
								"west": {"uv": [0, 20], "uv_size": [0.40625, 0.1875]},
								"up": {"uv": [11.09375, 21.40625], "uv_size": [-0.09375, -0.40625]},
								"down": {"uv": [12.09375, 21], "uv_size": [-0.09375, 0.40625]}
							}
						},
						{
							"origin": [5.625, 11.05, -1.6],
							"size": [0.1, 0.2, 0.4],
							"uv": {
								"north": {"uv": [22, 21], "uv_size": [0.09375, 0.1875]},
								"east": {"uv": [20, 1], "uv_size": [0.40625, 0.1875]},
								"south": {"uv": [21, 22], "uv_size": [0.09375, 0.1875]},
								"west": {"uv": [1, 20], "uv_size": [0.40625, 0.1875]},
								"up": {"uv": [21.09375, 12.40625], "uv_size": [-0.09375, -0.40625]},
								"down": {"uv": [13.09375, 21], "uv_size": [-0.09375, 0.40625]}
							}
						},
						{
							"origin": [5.025, 11.05, -2.75],
							"size": [0.1, 0.2, 0.4],
							"uv": {
								"north": {"uv": [0, 23], "uv_size": [0.09375, 0.1875]},
								"east": {"uv": [20, 2], "uv_size": [0.40625, 0.1875]},
								"south": {"uv": [22, 22], "uv_size": [0.09375, 0.1875]},
								"west": {"uv": [2, 20], "uv_size": [0.40625, 0.1875]},
								"up": {"uv": [21.09375, 13.40625], "uv_size": [-0.09375, -0.40625]},
								"down": {"uv": [14.09375, 21], "uv_size": [-0.09375, 0.40625]}
							}
						},
						{
							"origin": [5.025, 11.05, -1.6],
							"size": [0.1, 0.2, 0.4],
							"uv": {
								"north": {"uv": [1, 23], "uv_size": [0.09375, 0.1875]},
								"east": {"uv": [20, 3], "uv_size": [0.40625, 0.1875]},
								"south": {"uv": [23, 0], "uv_size": [0.09375, 0.1875]},
								"west": {"uv": [3, 20], "uv_size": [0.40625, 0.1875]},
								"up": {"uv": [21.09375, 14.40625], "uv_size": [-0.09375, -0.40625]},
								"down": {"uv": [15.09375, 21], "uv_size": [-0.09375, 0.40625]}
							}
						},
						{
							"origin": [6.675, 11.05, -2.2],
							"size": [0.05, 0.2, 0.55],
							"uv": {
								"north": {"uv": [23, 23], "uv_size": [0.0625, 0.1875]},
								"east": {"uv": [15, 18], "uv_size": [0.5625, 0.1875]},
								"south": {"uv": [23, 22], "uv_size": [0.0625, 0.1875]},
								"west": {"uv": [18, 14], "uv_size": [0.5625, 0.1875]},
								"up": {"uv": [21.0625, 15.5625], "uv_size": [-0.0625, -0.5625]},
								"down": {"uv": [16.0625, 21], "uv_size": [-0.0625, 0.5625]}
							}
						},
						{
							"origin": [6.675, 11.05, -3.55],
							"size": [0.05, 0.2, 0.55],
							"uv": {
								"north": {"uv": [24, 0], "uv_size": [0.0625, 0.1875]},
								"east": {"uv": [16, 18], "uv_size": [0.5625, 0.1875]},
								"south": {"uv": [0, 24], "uv_size": [0.0625, 0.1875]},
								"west": {"uv": [18, 15], "uv_size": [0.5625, 0.1875]},
								"up": {"uv": [21.0625, 16.5625], "uv_size": [-0.0625, -0.5625]},
								"down": {"uv": [17.0625, 21], "uv_size": [-0.0625, 0.5625]}
							}
						},
						{
							"origin": [4.475, 11.05, -3.6],
							"size": [3.2, 0.48, 0.05],
							"uv": {
								"north": {"uv": [8, 4], "uv_size": [3.1875, 0.46875]},
								"east": {"uv": [22, 8], "uv_size": [0.0625, 0.46875]},
								"south": {"uv": [4, 8], "uv_size": [3.1875, 0.46875]},
								"west": {"uv": [8, 22], "uv_size": [0.0625, 0.46875]},
								"up": {"uv": [19.1875, 4.0625], "uv_size": [-3.1875, -0.0625]},
								"down": {"uv": [8.1875, 16], "uv_size": [-3.1875, 0.0625]}
							}
						},
						{
							"origin": [4.975, 11.365, -3.7],
							"size": [0.5, 0.1, 0.1],
							"uv": {
								"north": {"uv": [21, 3], "uv_size": [0.5, 0.09375]},
								"east": {"uv": [24, 5], "uv_size": [0.09375, 0.09375]},
								"south": {"uv": [3, 21], "uv_size": [0.5, 0.09375]},
								"west": {"uv": [5, 24], "uv_size": [0.09375, 0.09375]},
								"up": {"uv": [4.5, 21.09375], "uv_size": [-0.5, -0.09375]},
								"down": {"uv": [21.5, 4], "uv_size": [-0.5, 0.09375]}
							}
						},
						{
							"origin": [6.675, 11.365, -3.7],
							"size": [0.5, 0.1, 0.1],
							"uv": {
								"north": {"uv": [21, 5], "uv_size": [0.5, 0.09375]},
								"east": {"uv": [24, 6], "uv_size": [0.09375, 0.09375]},
								"south": {"uv": [5, 21], "uv_size": [0.5, 0.09375]},
								"west": {"uv": [6, 24], "uv_size": [0.09375, 0.09375]},
								"up": {"uv": [6.5, 21.09375], "uv_size": [-0.5, -0.09375]},
								"down": {"uv": [21.5, 6], "uv_size": [-0.5, 0.09375]}
							}
						},
						{
							"origin": [4.475, 11.05, -0.45],
							"size": [3.2, 0.48, 0.05],
							"uv": {
								"north": {"uv": [8, 6], "uv_size": [3.1875, 0.46875]},
								"east": {"uv": [22, 9], "uv_size": [0.0625, 0.46875]},
								"south": {"uv": [8, 5], "uv_size": [3.1875, 0.46875]},
								"west": {"uv": [9, 22], "uv_size": [0.0625, 0.46875]},
								"up": {"uv": [19.1875, 5.0625], "uv_size": [-3.1875, -0.0625]},
								"down": {"uv": [19.1875, 6], "uv_size": [-3.1875, 0.0625]}
							}
						},
						{
							"origin": [4.475, 11.05, -3.55],
							"size": [0.05, 0.48, 3.1],
							"uv": {
								"north": {"uv": [22, 10], "uv_size": [0.0625, 0.46875]},
								"east": {"uv": [8, 8], "uv_size": [3.09375, 0.46875]},
								"south": {"uv": [10, 22], "uv_size": [0.0625, 0.46875]},
								"west": {"uv": [8, 7], "uv_size": [3.09375, 0.46875]},
								"up": {"uv": [16.0625, 10.09375], "uv_size": [-0.0625, -3.09375]},
								"down": {"uv": [9.0625, 16], "uv_size": [-0.0625, 3.09375]}
							}
						},
						{
							"origin": [7.625, 11.05, -3.55],
							"size": [0.05, 0.48, 3.1],
							"uv": {
								"north": {"uv": [22, 11], "uv_size": [0.0625, 0.46875]},
								"east": {"uv": [8, 9], "uv_size": [3.09375, 0.46875]},
								"south": {"uv": [11, 22], "uv_size": [0.0625, 0.46875]},
								"west": {"uv": [4, 9], "uv_size": [3.09375, 0.46875]},
								"up": {"uv": [10.0625, 19.09375], "uv_size": [-0.0625, -3.09375]},
								"down": {"uv": [11.0625, 16], "uv_size": [-0.0625, 3.09375]}
							}
						}
					]
				},
				{
					"name": "shprits",
					"parent": "apteka",
					"pivot": [6.075, 10, -2],
					"cubes": [
						{
							"origin": [7.275, 11.2, -2.4],
							"size": [0.2, 0.2, 0.2],
							"uv": {
								"north": {"uv": [21, 18], "uv_size": [0.1875, 0.1875]},
								"east": {"uv": [19, 21], "uv_size": [0.1875, 0.1875]},
								"south": {"uv": [21, 17], "uv_size": [0.1875, 0.1875]},
								"west": {"uv": [18, 21], "uv_size": [0.1875, 0.1875]},
								"up": {"uv": [21.1875, 19.1875], "uv_size": [-0.1875, -0.1875]},
								"down": {"uv": [20.1875, 21], "uv_size": [-0.1875, 0.1875]}
							}
						},
						{
							"origin": [7.225, 11.15, -2.2],
							"size": [0.3, 0.3, 0.45],
							"uv": {
								"north": {"uv": [17, 18], "uv_size": [0.3125, 0.3125]},
								"east": {"uv": [18, 7], "uv_size": [0.4375, 0.3125]},
								"south": {"uv": [18, 16], "uv_size": [0.3125, 0.3125]},
								"west": {"uv": [7, 18], "uv_size": [0.4375, 0.3125]},
								"up": {"uv": [8.3125, 18.4375], "uv_size": [-0.3125, -0.4375]},
								"down": {"uv": [18.3125, 8], "uv_size": [-0.3125, 0.4375]}
							}
						},
						{
							"origin": [7.205, 11.13, -1.9],
							"size": [0.34, 0.34, 0.1],
							"uv": {
								"north": {"uv": [13, 18], "uv_size": [0.34375, 0.34375]},
								"east": {"uv": [22, 4], "uv_size": [0.09375, 0.34375]},
								"south": {"uv": [18, 12], "uv_size": [0.34375, 0.34375]},
								"west": {"uv": [4, 22], "uv_size": [0.09375, 0.34375]},
								"up": {"uv": [5.34375, 22.09375], "uv_size": [-0.34375, -0.09375]},
								"down": {"uv": [22.34375, 5], "uv_size": [-0.34375, 0.09375]}
							}
						},
						{
							"origin": [7.165, 11.09, -1.75],
							"size": [0.42, 0.42, 0.9],
							"uv": {
								"north": {"uv": [4, 17], "uv_size": [0.40625, 0.40625]},
								"east": {"uv": [12, 8], "uv_size": [0.90625, 0.40625]},
								"south": {"uv": [3, 17], "uv_size": [0.40625, 0.40625]},
								"west": {"uv": [8, 12], "uv_size": [0.90625, 0.40625]},
								"up": {"uv": [9.40625, 12.90625], "uv_size": [-0.40625, -0.90625]},
								"down": {"uv": [12.40625, 9], "uv_size": [-0.40625, 0.90625]}
							}
						},
						{
							"origin": [7.345, 11.27, -3.2],
							"size": [0.06, 0.06, 0.8],
							"uv": {
								"north": {"uv": [0, 25], "uv_size": [0.0625, 0.0625]},
								"east": {"uv": [8, 20], "uv_size": [0.8125, 0.0625]},
								"south": {"uv": [24, 24], "uv_size": [0.0625, 0.0625]},
								"west": {"uv": [7, 20], "uv_size": [0.8125, 0.0625]},
								"up": {"uv": [9.0625, 20.8125], "uv_size": [-0.0625, -0.8125]},
								"down": {"uv": [10.0625, 20], "uv_size": [-0.0625, 0.8125]}
							}
						}
					]
				},
				{
					"name": "krishka",
					"parent": "shprits",
					"pivot": [6.075, 10, -2],
					"cubes": [
						{
							"origin": [7.325, 11.25, -3.25],
							"size": [0.1, 0.1, 0.85],
							"uv": {
								"north": {"uv": [24, 7], "uv_size": [0.09375, 0.09375]},
								"east": {"uv": [19, 13], "uv_size": [0.84375, 0.09375]},
								"south": {"uv": [7, 24], "uv_size": [0.09375, 0.09375]},
								"west": {"uv": [19, 12], "uv_size": [0.84375, 0.09375]},
								"up": {"uv": [19.09375, 14.84375], "uv_size": [-0.09375, -0.84375]},
								"down": {"uv": [15.09375, 19], "uv_size": [-0.09375, 0.84375]}
							}
						},
						{
							"origin": [7.305, 11.23, -2.45],
							"size": [0.14, 0.14, 0.05],
							"uv": {
								"north": {"uv": [12, 23], "uv_size": [0.125, 0.125]},
								"east": {"uv": [24, 10], "uv_size": [0.0625, 0.125]},
								"south": {"uv": [23, 11], "uv_size": [0.125, 0.125]},
								"west": {"uv": [10, 24], "uv_size": [0.0625, 0.125]},
								"up": {"uv": [11.125, 24.0625], "uv_size": [-0.125, -0.0625]},
								"down": {"uv": [24.125, 11], "uv_size": [-0.125, 0.0625]}
							}
						}
					]
				},
				{
					"name": "shprits2",
					"parent": "apteka",
					"pivot": [5.15, 10, -2],
					"cubes": [
						{
							"origin": [6.35, 11.2, -1.8],
							"size": [0.2, 0.2, 0.2],
							"uv": {
								"north": {"uv": [2, 22], "uv_size": [0.1875, 0.1875]},
								"east": {"uv": [22, 2], "uv_size": [0.1875, 0.1875]},
								"south": {"uv": [1, 22], "uv_size": [0.1875, 0.1875]},
								"west": {"uv": [22, 1], "uv_size": [0.1875, 0.1875]},
								"up": {"uv": [3.1875, 22.1875], "uv_size": [-0.1875, -0.1875]},
								"down": {"uv": [22.1875, 3], "uv_size": [-0.1875, 0.1875]}
							}
						},
						{
							"origin": [6.3, 11.15, -2.25],
							"size": [0.3, 0.3, 0.45],
							"uv": {
								"north": {"uv": [18, 18], "uv_size": [0.3125, 0.3125]},
								"east": {"uv": [18, 10], "uv_size": [0.4375, 0.3125]},
								"south": {"uv": [18, 17], "uv_size": [0.3125, 0.3125]},
								"west": {"uv": [18, 9], "uv_size": [0.4375, 0.3125]},
								"up": {"uv": [18.3125, 11.4375], "uv_size": [-0.3125, -0.4375]},
								"down": {"uv": [12.3125, 18], "uv_size": [-0.3125, 0.4375]}
							}
						},
						{
							"origin": [6.28, 11.13, -2.2],
							"size": [0.34, 0.34, 0.1],
							"uv": {
								"north": {"uv": [14, 18], "uv_size": [0.34375, 0.34375]},
								"east": {"uv": [22, 6], "uv_size": [0.09375, 0.34375]},
								"south": {"uv": [18, 13], "uv_size": [0.34375, 0.34375]},
								"west": {"uv": [6, 22], "uv_size": [0.09375, 0.34375]},
								"up": {"uv": [7.34375, 22.09375], "uv_size": [-0.34375, -0.09375]},
								"down": {"uv": [22.34375, 7], "uv_size": [-0.34375, 0.09375]}
							}
						},
						{
							"origin": [6.24, 11.09, -3.15],
							"size": [0.42, 0.42, 0.9],
							"uv": {
								"north": {"uv": [6, 17], "uv_size": [0.40625, 0.40625]},
								"east": {"uv": [11, 12], "uv_size": [0.90625, 0.40625]},
								"south": {"uv": [5, 17], "uv_size": [0.40625, 0.40625]},
								"west": {"uv": [10, 12], "uv_size": [0.90625, 0.40625]},
								"up": {"uv": [12.40625, 11.90625], "uv_size": [-0.40625, -0.90625]},
								"down": {"uv": [12.40625, 12], "uv_size": [-0.40625, 0.90625]}
							}
						},
						{
							"origin": [6.42, 11.27, -1.6],
							"size": [0.06, 0.06, 0.8],
							"uv": {
								"north": {"uv": [6, 25], "uv_size": [0.0625, 0.0625]},
								"east": {"uv": [12, 20], "uv_size": [0.8125, 0.0625]},
								"south": {"uv": [25, 5], "uv_size": [0.0625, 0.0625]},
								"west": {"uv": [11, 20], "uv_size": [0.8125, 0.0625]},
								"up": {"uv": [20.0625, 12.8125], "uv_size": [-0.0625, -0.8125]},
								"down": {"uv": [13.0625, 20], "uv_size": [-0.0625, 0.8125]}
							}
						}
					]
				},
				{
					"name": "krishka3",
					"parent": "shprits2",
					"pivot": [5.15, 10, -2],
					"cubes": [
						{
							"origin": [6.4, 11.25, -1.6],
							"size": [0.1, 0.1, 0.85],
							"uv": {
								"north": {"uv": [24, 9], "uv_size": [0.09375, 0.09375]},
								"east": {"uv": [16, 19], "uv_size": [0.84375, 0.09375]},
								"south": {"uv": [9, 24], "uv_size": [0.09375, 0.09375]},
								"west": {"uv": [19, 15], "uv_size": [0.84375, 0.09375]},
								"up": {"uv": [19.09375, 16.84375], "uv_size": [-0.09375, -0.84375]},
								"down": {"uv": [17.09375, 19], "uv_size": [-0.09375, 0.84375]}
							}
						},
						{
							"origin": [6.38, 11.23, -1.6],
							"size": [0.14, 0.14, 0.05],
							"uv": {
								"north": {"uv": [13, 23], "uv_size": [0.125, 0.125]},
								"east": {"uv": [24, 14], "uv_size": [0.0625, 0.125]},
								"south": {"uv": [23, 12], "uv_size": [0.125, 0.125]},
								"west": {"uv": [14, 24], "uv_size": [0.0625, 0.125]},
								"up": {"uv": [15.125, 24.0625], "uv_size": [-0.125, -0.0625]},
								"down": {"uv": [24.125, 15], "uv_size": [-0.125, 0.0625]}
							}
						}
					]
				},
				{
					"name": "krishka2",
					"parent": "apteka",
					"pivot": [6.075, 11.4, -3.65],
					"cubes": [
						{
							"origin": [4.425, 11.4, -3.65],
							"size": [3.3, 0.2, 3.3],
							"uv": {
								"north": {"uv": [8, 11], "uv_size": [3.3125, 0.1875]},
								"east": {"uv": [0, 12], "uv_size": [3.3125, 0.1875]},
								"south": {"uv": [10, 10], "uv_size": [3.3125, 0.1875]},
								"west": {"uv": [4, 11], "uv_size": [3.3125, 0.1875]},
								"up": {"uv": [3.3125, 3.3125], "uv_size": [-3.3125, -3.3125]},
								"down": {"uv": [3.3125, 4], "uv_size": [-3.3125, 3.3125]}
							}
						},
						{
							"origin": [4.475, 11.435, -3.6],
							"size": [3.2, 0, 3.2],
							"uv": {
								"north": {"uv": [0, 0], "uv_size": [3.1875, 0]},
								"east": {"uv": [0, 0], "uv_size": [3.1875, 0]},
								"south": {"uv": [0, 0], "uv_size": [3.1875, 0]},
								"west": {"uv": [0, 0], "uv_size": [3.1875, 0]},
								"up": {"uv": [32, 3.1875], "uv_size": [-3.1875, -3.1875]},
								"down": {"uv": [11.1875, 0], "uv_size": [-3.1875, 3.1875]}
							}
						},
						{
							"origin": [6.84, 11.59, -2.315],
							"size": [0.09, 0.038, 0.54],
							"pivot": [6.57, 11.41, -3.665],
							"rotation": [0, 17.5, 0],
							"uv": {
								"north": {"uv": [7, 25], "uv_size": [0.09375, 0.03125]},
								"east": {"uv": [2, 23], "uv_size": [0.53125, 0.03125]},
								"south": {"uv": [25, 6], "uv_size": [0.09375, 0.03125]},
								"west": {"uv": [23, 1], "uv_size": [0.53125, 0.03125]},
								"up": {"uv": [20.09375, 13.53125], "uv_size": [-0.09375, -0.53125]},
								"down": {"uv": [14.09375, 20], "uv_size": [-0.09375, 0.53125]}
							}
						},
						{
							"origin": [7.53691, 11.59, -2.315],
							"size": [0.09, 0.038, 0.54],
							"pivot": [7.89691, 11.41, -3.665],
							"rotation": [0, -17.5, 0],
							"uv": {
								"north": {"uv": [8, 25], "uv_size": [0.09375, 0.03125]},
								"east": {"uv": [3, 23], "uv_size": [0.53125, 0.03125]},
								"south": {"uv": [25, 7], "uv_size": [0.09375, 0.03125]},
								"west": {"uv": [23, 2], "uv_size": [0.53125, 0.03125]},
								"up": {"uv": [20.09375, 14.53125], "uv_size": [-0.09375, -0.53125]},
								"down": {"uv": [15.09375, 20], "uv_size": [-0.09375, 0.53125]}
							}
						},
						{
							"origin": [6.09691, 11.59, -1.4375],
							"size": [0.09, 0.038, 0.36],
							"pivot": [7.89691, 11.41, -3.62],
							"rotation": [0, -22.5, 0],
							"uv": {
								"north": {"uv": [26, 3], "uv_size": [0.09375, 0.03125]},
								"east": {"uv": [24, 3], "uv_size": [0.375, 0.03125]},
								"south": {"uv": [3, 26], "uv_size": [0.09375, 0.03125]},
								"west": {"uv": [3, 24], "uv_size": [0.375, 0.03125]},
								"up": {"uv": [0.09375, 22.375], "uv_size": [-0.09375, -0.375]},
								"down": {"uv": [22.09375, 0], "uv_size": [-0.09375, 0.375]}
							}
						},
						{
							"origin": [6.06991, 11.59, -3.35787],
							"size": [0.09, 0.038, 0.36],
							"pivot": [7.89691, 11.41, -0.85137],
							"rotation": [0, 22.5, 0],
							"uv": {
								"north": {"uv": [26, 1], "uv_size": [0.09375, 0.03125]},
								"east": {"uv": [24, 2], "uv_size": [0.375, 0.03125]},
								"south": {"uv": [1, 26], "uv_size": [0.09375, 0.03125]},
								"west": {"uv": [2, 24], "uv_size": [0.375, 0.03125]},
								"up": {"uv": [21.09375, 20.375], "uv_size": [-0.09375, -0.375]},
								"down": {"uv": [21.09375, 21], "uv_size": [-0.09375, 0.375]}
							}
						},
						{
							"origin": [7.14762, 11.59, -2.48574],
							"size": [0.1665, 0.038, 0.09],
							"uv": {
								"north": {"uv": [24, 18], "uv_size": [0.15625, 0.03125]},
								"east": {"uv": [9, 25], "uv_size": [0.09375, 0.03125]},
								"south": {"uv": [18, 24], "uv_size": [0.15625, 0.03125]},
								"west": {"uv": [25, 8], "uv_size": [0.09375, 0.03125]},
								"up": {"uv": [23.15625, 13.09375], "uv_size": [-0.15625, -0.09375]},
								"down": {"uv": [14.15625, 23], "uv_size": [-0.15625, 0.09375]}
							}
						},
						{
							"origin": [7.10262, 11.59, -2.17074],
							"size": [0.2565, 0.038, 0.09],
							"uv": {
								"north": {"uv": [24, 12], "uv_size": [0.25, 0.03125]},
								"east": {"uv": [10, 25], "uv_size": [0.09375, 0.03125]},
								"south": {"uv": [12, 24], "uv_size": [0.25, 0.03125]},
								"west": {"uv": [25, 9], "uv_size": [0.09375, 0.03125]},
								"up": {"uv": [14.25, 22.09375], "uv_size": [-0.25, -0.09375]},
								"down": {"uv": [22.25, 14], "uv_size": [-0.25, 0.09375]}
							}
						},
						{
							"origin": [4.59, 11.59, -2.315],
							"size": [0.09, 0.038, 0.54],
							"pivot": [4.32, 11.41, -3.665],
							"rotation": [0, 17.5, 0],
							"uv": {
								"north": {"uv": [11, 25], "uv_size": [0.09375, 0.03125]},
								"east": {"uv": [4, 23], "uv_size": [0.53125, 0.03125]},
								"south": {"uv": [25, 10], "uv_size": [0.09375, 0.03125]},
								"west": {"uv": [23, 3], "uv_size": [0.53125, 0.03125]},
								"up": {"uv": [20.09375, 15.53125], "uv_size": [-0.09375, -0.53125]},
								"down": {"uv": [16.09375, 20], "uv_size": [-0.09375, 0.53125]}
							}
						},
						{
							"origin": [5.28691, 11.59, -2.315],
							"size": [0.09, 0.038, 0.54],
							"pivot": [5.64691, 11.41, -3.665],
							"rotation": [0, -17.5, 0],
							"uv": {
								"north": {"uv": [12, 25], "uv_size": [0.09375, 0.03125]},
								"east": {"uv": [5, 23], "uv_size": [0.53125, 0.03125]},
								"south": {"uv": [25, 11], "uv_size": [0.09375, 0.03125]},
								"west": {"uv": [23, 4], "uv_size": [0.53125, 0.03125]},
								"up": {"uv": [20.09375, 16.53125], "uv_size": [-0.09375, -0.53125]},
								"down": {"uv": [17.09375, 20], "uv_size": [-0.09375, 0.53125]}
							}
						},
						{
							"origin": [4.89762, 11.59, -2.48574],
							"size": [0.1665, 0.038, 0.09],
							"uv": {
								"north": {"uv": [24, 19], "uv_size": [0.15625, 0.03125]},
								"east": {"uv": [13, 25], "uv_size": [0.09375, 0.03125]},
								"south": {"uv": [19, 24], "uv_size": [0.15625, 0.03125]},
								"west": {"uv": [25, 12], "uv_size": [0.09375, 0.03125]},
								"up": {"uv": [23.15625, 14.09375], "uv_size": [-0.15625, -0.09375]},
								"down": {"uv": [15.15625, 23], "uv_size": [-0.15625, 0.09375]}
							}
						},
						{
							"origin": [4.85262, 11.59, -2.17074],
							"size": [0.2565, 0.038, 0.09],
							"uv": {
								"north": {"uv": [24, 13], "uv_size": [0.25, 0.03125]},
								"east": {"uv": [14, 25], "uv_size": [0.09375, 0.03125]},
								"south": {"uv": [13, 24], "uv_size": [0.25, 0.03125]},
								"west": {"uv": [25, 13], "uv_size": [0.09375, 0.03125]},
								"up": {"uv": [15.25, 22.09375], "uv_size": [-0.25, -0.09375]},
								"down": {"uv": [22.25, 15], "uv_size": [-0.25, 0.09375]}
							}
						},
						{
							"origin": [6.65262, 11.59, -2.48574],
							"size": [0.1665, 0.038, 0.09],
							"uv": {
								"north": {"uv": [24, 20], "uv_size": [0.15625, 0.03125]},
								"east": {"uv": [15, 25], "uv_size": [0.09375, 0.03125]},
								"south": {"uv": [20, 24], "uv_size": [0.15625, 0.03125]},
								"west": {"uv": [25, 14], "uv_size": [0.09375, 0.03125]},
								"up": {"uv": [23.15625, 15.09375], "uv_size": [-0.15625, -0.09375]},
								"down": {"uv": [16.15625, 23], "uv_size": [-0.15625, 0.09375]}
							}
						},
						{
							"origin": [5.95062, 11.59, -2.48574],
							"size": [0.1665, 0.038, 0.09],
							"uv": {
								"north": {"uv": [24, 21], "uv_size": [0.15625, 0.03125]},
								"east": {"uv": [16, 25], "uv_size": [0.09375, 0.03125]},
								"south": {"uv": [21, 24], "uv_size": [0.15625, 0.03125]},
								"west": {"uv": [25, 15], "uv_size": [0.09375, 0.03125]},
								"up": {"uv": [23.15625, 16.09375], "uv_size": [-0.15625, -0.09375]},
								"down": {"uv": [17.15625, 23], "uv_size": [-0.15625, 0.09375]}
							}
						},
						{
							"origin": [5.95062, 11.59, -2.03574],
							"size": [0.1665, 0.038, 0.09],
							"uv": {
								"north": {"uv": [24, 22], "uv_size": [0.15625, 0.03125]},
								"east": {"uv": [17, 25], "uv_size": [0.09375, 0.03125]},
								"south": {"uv": [22, 24], "uv_size": [0.15625, 0.03125]},
								"west": {"uv": [25, 16], "uv_size": [0.09375, 0.03125]},
								"up": {"uv": [23.15625, 17.09375], "uv_size": [-0.15625, -0.09375]},
								"down": {"uv": [18.15625, 23], "uv_size": [-0.15625, 0.09375]}
							}
						},
						{
							"origin": [5.95062, 11.59, -2.26074],
							"size": [0.1665, 0.038, 0.09],
							"uv": {
								"north": {"uv": [24, 23], "uv_size": [0.15625, 0.03125]},
								"east": {"uv": [18, 25], "uv_size": [0.09375, 0.03125]},
								"south": {"uv": [23, 24], "uv_size": [0.15625, 0.03125]},
								"west": {"uv": [25, 17], "uv_size": [0.09375, 0.03125]},
								"up": {"uv": [23.15625, 18.09375], "uv_size": [-0.15625, -0.09375]},
								"down": {"uv": [19.15625, 23], "uv_size": [-0.15625, 0.09375]}
							}
						},
						{
							"origin": [5.66262, 11.59, -2.26074],
							"size": [0.1215, 0.038, 0.09],
							"uv": {
								"north": {"uv": [1, 25], "uv_size": [0.125, 0.03125]},
								"east": {"uv": [19, 25], "uv_size": [0.09375, 0.03125]},
								"south": {"uv": [25, 0], "uv_size": [0.125, 0.03125]},
								"west": {"uv": [25, 18], "uv_size": [0.09375, 0.03125]},
								"up": {"uv": [1.125, 24.09375], "uv_size": [-0.125, -0.09375]},
								"down": {"uv": [24.125, 1], "uv_size": [-0.125, 0.09375]}
							}
						},
						{
							"origin": [5.78412, 11.59, -2.48574],
							"size": [0.09, 0.038, 0.315],
							"uv": {
								"north": {"uv": [20, 25], "uv_size": [0.09375, 0.03125]},
								"east": {"uv": [24, 4], "uv_size": [0.3125, 0.03125]},
								"south": {"uv": [25, 19], "uv_size": [0.09375, 0.03125]},
								"west": {"uv": [4, 24], "uv_size": [0.3125, 0.03125]},
								"up": {"uv": [12.09375, 22.3125], "uv_size": [-0.09375, -0.3125]},
								"down": {"uv": [22.09375, 12], "uv_size": [-0.09375, 0.3125]}
							}
						},
						{
							"origin": [6.81912, 11.59, -2.48574],
							"size": [0.09, 0.038, 0.54],
							"uv": {
								"north": {"uv": [21, 25], "uv_size": [0.09375, 0.03125]},
								"east": {"uv": [6, 23], "uv_size": [0.53125, 0.03125]},
								"south": {"uv": [25, 20], "uv_size": [0.09375, 0.03125]},
								"west": {"uv": [23, 5], "uv_size": [0.53125, 0.03125]},
								"up": {"uv": [20.09375, 17.53125], "uv_size": [-0.09375, -0.53125]},
								"down": {"uv": [18.09375, 20], "uv_size": [-0.09375, 0.53125]}
							}
						},
						{
							"origin": [6.56712, 11.59, -2.48574],
							"size": [0.09, 0.038, 0.54],
							"uv": {
								"north": {"uv": [22, 25], "uv_size": [0.09375, 0.03125]},
								"east": {"uv": [7, 23], "uv_size": [0.53125, 0.03125]},
								"south": {"uv": [25, 21], "uv_size": [0.09375, 0.03125]},
								"west": {"uv": [23, 6], "uv_size": [0.53125, 0.03125]},
								"up": {"uv": [20.09375, 18.53125], "uv_size": [-0.09375, -0.53125]},
								"down": {"uv": [19.09375, 20], "uv_size": [-0.09375, 0.53125]}
							}
						},
						{
							"origin": [6.34212, 11.59, -2.48574],
							"size": [0.09, 0.038, 0.54],
							"uv": {
								"north": {"uv": [23, 25], "uv_size": [0.09375, 0.03125]},
								"east": {"uv": [8, 23], "uv_size": [0.53125, 0.03125]},
								"south": {"uv": [25, 22], "uv_size": [0.09375, 0.03125]},
								"west": {"uv": [23, 7], "uv_size": [0.53125, 0.03125]},
								"up": {"uv": [20.09375, 19.53125], "uv_size": [-0.09375, -0.53125]},
								"down": {"uv": [20.09375, 20], "uv_size": [-0.09375, 0.53125]}
							}
						},
						{
							"origin": [6.11712, 11.59, -2.48574],
							"size": [0.09, 0.038, 0.54],
							"uv": {
								"north": {"uv": [24, 25], "uv_size": [0.09375, 0.03125]},
								"east": {"uv": [9, 23], "uv_size": [0.53125, 0.03125]},
								"south": {"uv": [25, 23], "uv_size": [0.09375, 0.03125]},
								"west": {"uv": [23, 8], "uv_size": [0.53125, 0.03125]},
								"up": {"uv": [0.09375, 21.53125], "uv_size": [-0.09375, -0.53125]},
								"down": {"uv": [21.09375, 0], "uv_size": [-0.09375, 0.53125]}
							}
						},
						{
							"origin": [5.96712, 11.59, -3.33574],
							"size": [0.19, 0.038, 0.74],
							"uv": {
								"north": {"uv": [24, 16], "uv_size": [0.1875, 0.03125]},
								"east": {"uv": [22, 16], "uv_size": [0.75, 0.03125]},
								"south": {"uv": [16, 24], "uv_size": [0.1875, 0.03125]},
								"west": {"uv": [16, 22], "uv_size": [0.75, 0.03125]},
								"up": {"uv": [17.1875, 12.75], "uv_size": [-0.1875, -0.75]},
								"down": {"uv": [13.1875, 17], "uv_size": [-0.1875, 0.75]}
							}
						},
						{
							"origin": [5.92712, 11.59, -5.02074],
							"size": [0.19, 0.038, 0.74],
							"pivot": [6.87762, 11.41, -3.83574],
							"rotation": [0, 90, 0],
							"uv": {
								"north": {"uv": [24, 17], "uv_size": [0.1875, 0.03125]},
								"east": {"uv": [22, 17], "uv_size": [0.75, 0.03125]},
								"south": {"uv": [17, 24], "uv_size": [0.1875, 0.03125]},
								"west": {"uv": [17, 22], "uv_size": [0.75, 0.03125]},
								"up": {"uv": [17.1875, 13.75], "uv_size": [-0.1875, -0.75]},
								"down": {"uv": [14.1875, 17], "uv_size": [-0.1875, 0.75]}
							}
						},
						{
							"origin": [6.17712, 11.658, 0.88074],
							"size": [2.94, 0, 0.39],
							"pivot": [6.87762, 11.41, -0.16426],
							"rotation": [-180, 0, -180],
							"uv": {
								"north": {"uv": [0, 0], "uv_size": [2.9375, 0]},
								"east": {"uv": [0, 0], "uv_size": [0.375, 0]},
								"south": {"uv": [0, 0], "uv_size": [2.9375, 0]},
								"west": {"uv": [0, 0], "uv_size": [0.375, 0]},
								"up": {"uv": [6.9375, 10.375], "uv_size": [-2.9375, -0.375]},
								"down": {"uv": [9.9375, 10], "uv_size": [-2.9375, 0.375]}
							}
						},
						{
							"origin": [4.12712, 11.598, -6.02074],
							"size": [0.14, 0.01, 2.94],
							"pivot": [6.87762, 11.41, -3.83574],
							"rotation": [0, 90, 0],
							"uv": {
								"north": {"uv": [2, 25], "uv_size": [0.125, 0.03125]},
								"east": {"uv": [6, 19], "uv_size": [2.9375, 0.03125]},
								"south": {"uv": [25, 1], "uv_size": [0.125, 0.03125]},
								"west": {"uv": [3, 19], "uv_size": [2.9375, 0.03125]},
								"up": {"uv": [0.125, 15.9375], "uv_size": [-0.125, -2.9375]},
								"down": {"uv": [13.125, 0], "uv_size": [-0.125, 2.9375]}
							}
						},
						{
							"origin": [3.92712, 11.598, -6.02074],
							"size": [0.14, 0.01, 2.94],
							"pivot": [6.87762, 11.41, -3.83574],
							"rotation": [0, 90, 0],
							"uv": {
								"north": {"uv": [3, 25], "uv_size": [0.125, 0.03125]},
								"east": {"uv": [19, 8], "uv_size": [2.9375, 0.03125]},
								"south": {"uv": [25, 2], "uv_size": [0.125, 0.03125]},
								"west": {"uv": [19, 7], "uv_size": [2.9375, 0.03125]},
								"up": {"uv": [1.125, 15.9375], "uv_size": [-0.125, -2.9375]},
								"down": {"uv": [2.125, 13], "uv_size": [-0.125, 2.9375]}
							}
						},
						{
							"origin": [3.52712, 11.598, -6.02074],
							"size": [0.14, 0.01, 2.94],
							"pivot": [6.87762, 11.41, -3.83574],
							"rotation": [0, 90, 0],
							"uv": {
								"north": {"uv": [4, 25], "uv_size": [0.125, 0.03125]},
								"east": {"uv": [19, 10], "uv_size": [2.9375, 0.03125]},
								"south": {"uv": [25, 3], "uv_size": [0.125, 0.03125]},
								"west": {"uv": [19, 9], "uv_size": [2.9375, 0.03125]},
								"up": {"uv": [3.125, 15.9375], "uv_size": [-0.125, -2.9375]},
								"down": {"uv": [4.125, 13], "uv_size": [-0.125, 2.9375]}
							}
						},
						{
							"origin": [3.72712, 11.598, -6.02074],
							"size": [0.14, 0.01, 2.94],
							"pivot": [6.87762, 11.41, -3.83574],
							"rotation": [0, 90, 0],
							"uv": {
								"north": {"uv": [5, 25], "uv_size": [0.125, 0.03125]},
								"east": {"uv": [12, 19], "uv_size": [2.9375, 0.03125]},
								"south": {"uv": [25, 4], "uv_size": [0.125, 0.03125]},
								"west": {"uv": [19, 11], "uv_size": [2.9375, 0.03125]},
								"up": {"uv": [5.125, 15.9375], "uv_size": [-0.125, -2.9375]},
								"down": {"uv": [6.125, 13], "uv_size": [-0.125, 2.9375]}
							}
						},
						{
							"origin": [5.57712, 11.59, -2.48574],
							"size": [0.09, 0.038, 0.54],
							"uv": {
								"north": {"uv": [25, 25], "uv_size": [0.09375, 0.03125]},
								"east": {"uv": [10, 23], "uv_size": [0.53125, 0.03125]},
								"south": {"uv": [25, 24], "uv_size": [0.09375, 0.03125]},
								"west": {"uv": [23, 9], "uv_size": [0.53125, 0.03125]},
								"up": {"uv": [1.09375, 21.53125], "uv_size": [-0.09375, -0.53125]},
								"down": {"uv": [21.09375, 1], "uv_size": [-0.09375, 0.53125]}
							}
						},
						{
							"origin": [5.39712, 11.59, -2.48574],
							"size": [0.09, 0.038, 0.54],
							"uv": {
								"north": {"uv": [26, 2], "uv_size": [0.09375, 0.03125]},
								"east": {"uv": [11, 23], "uv_size": [0.53125, 0.03125]},
								"south": {"uv": [2, 26], "uv_size": [0.09375, 0.03125]},
								"west": {"uv": [23, 10], "uv_size": [0.53125, 0.03125]},
								"up": {"uv": [2.09375, 21.53125], "uv_size": [-0.09375, -0.53125]},
								"down": {"uv": [21.09375, 2], "uv_size": [-0.09375, 0.53125]}
							}
						},
						{
							"origin": [6.25212, 11.59, -2.48574],
							"size": [0.27, 0.038, 0.09],
							"uv": {
								"north": {"uv": [24, 8], "uv_size": [0.28125, 0.03125]},
								"east": {"uv": [26, 0], "uv_size": [0.09375, 0.03125]},
								"south": {"uv": [8, 24], "uv_size": [0.28125, 0.03125]},
								"west": {"uv": [0, 26], "uv_size": [0.09375, 0.03125]},
								"up": {"uv": [13.28125, 22.09375], "uv_size": [-0.28125, -0.09375]},
								"down": {"uv": [22.28125, 13], "uv_size": [-0.28125, 0.09375]}
							}
						}
					]
				},
				{
					"name": "rightArm",
					"parent": "body",
					"pivot": [-5, 22, 0]
				},
				{
					"name": "rightSleeve",
					"parent": "rightArm",
					"pivot": [-5, 22, 0]
				},
				{
					"name": "shprits4",
					"parent": "rightArm",
					"pivot": [-4, 13, -2],
					"cubes": [
						{
							"origin": [-4.4, 12.2, -2.4],
							"size": [0.2, 0.2, 0.2],
							"uv": {
								"north": {"uv": [7, 47], "uv_size": [1, 1]},
								"east": {"uv": [49, 36], "uv_size": [1, 1]},
								"south": {"uv": [49, 47], "uv_size": [1, 1]},
								"west": {"uv": [50, 27], "uv_size": [1, 1]},
								"up": {"uv": [50, 49], "uv_size": [1, 1]},
								"down": {"uv": [48, 53], "uv_size": [1, -1]}
							}
						},
						{
							"origin": [-4.45, 12.15, -2.2],
							"size": [0.3, 0.3, 0.45],
							"uv": {
								"north": {"uv": [39, 55], "uv_size": [1.5, 1.5]},
								"east": {"uv": [36, 54], "uv_size": [2.5, 1.5]},
								"south": {"uv": [41, 55], "uv_size": [1.5, 1.5]},
								"west": {"uv": [54, 41], "uv_size": [2.5, 1.5]},
								"up": {"uv": [51, 54], "uv_size": [1.5, 2.5]},
								"down": {"uv": [0, 57.5], "uv_size": [1.5, -2.5]}
							}
						},
						{
							"origin": [-4.47, 12.13, -1.9],
							"size": [0.34, 0.34, 0.1],
							"uv": {
								"north": {"uv": [43, 55], "uv_size": [1.5, 1.5]},
								"east": {"uv": [40, 58], "uv_size": [0.5, 1.5]},
								"south": {"uv": [55, 43], "uv_size": [1.5, 1.5]},
								"west": {"uv": [58, 40], "uv_size": [0.5, 1.5]},
								"up": {"uv": [58, 46], "uv_size": [1.5, 0.5]},
								"down": {"uv": [58, 47.5], "uv_size": [1.5, -0.5]}
							}
						},
						{
							"origin": [-4.51, 12.09, -1.75],
							"size": [0.42, 0.42, 0.9],
							"uv": {
								"north": {"uv": [28, 54], "uv_size": [2, 2]},
								"east": {"uv": [4, 41], "uv_size": [4.5, 2]},
								"south": {"uv": [34, 54], "uv_size": [2, 2]},
								"west": {"uv": [33, 41], "uv_size": [4.5, 2]},
								"up": {"uv": [15, 37], "uv_size": [2, 4.5]},
								"down": {"uv": [9, 45.5], "uv_size": [2, -4.5]}
							}
						},
						{
							"origin": [-4.33, 12.27, -3.2],
							"size": [0.06, 0.06, 0.8],
							"uv": {
								"north": {"uv": [60, 15], "uv_size": [0.5, 0.5]},
								"east": {"uv": [55, 55], "uv_size": [4, 0.5]},
								"south": {"uv": [60, 18], "uv_size": [0.5, 0.5]},
								"west": {"uv": [56, 5], "uv_size": [4, 0.5]},
								"up": {"uv": [56, 8], "uv_size": [0.5, 4]},
								"down": {"uv": [56, 20], "uv_size": [0.5, -4]}
							}
						},
						{
							"origin": [-4.33, 12.27, -3.2],
							"size": [0.06, 0.06, 0.8],
							"uv": {
								"north": {"uv": [0, 25], "uv_size": [0.0625, 0.0625]},
								"east": {"uv": [8, 20], "uv_size": [0.8125, 0.0625]},
								"south": {"uv": [24, 24], "uv_size": [0.0625, 0.0625]},
								"west": {"uv": [7, 20], "uv_size": [0.8125, 0.0625]},
								"up": {"uv": [9.0625, 20.8125], "uv_size": [-0.0625, -0.8125]},
								"down": {"uv": [10.0625, 20], "uv_size": [-0.0625, 0.8125]}
							}
						},
						{
							"origin": [-4.4, 12.2, -2.4],
							"size": [0.2, 0.2, 0.2],
							"uv": {
								"north": {"uv": [21, 18], "uv_size": [0.1875, 0.1875]},
								"east": {"uv": [19, 21], "uv_size": [0.1875, 0.1875]},
								"south": {"uv": [21, 17], "uv_size": [0.1875, 0.1875]},
								"west": {"uv": [18, 21], "uv_size": [0.1875, 0.1875]},
								"up": {"uv": [21.1875, 19.1875], "uv_size": [-0.1875, -0.1875]},
								"down": {"uv": [20.1875, 21], "uv_size": [-0.1875, 0.1875]}
							}
						},
						{
							"origin": [-4.45, 12.15, -2.2],
							"size": [0.3, 0.3, 0.45],
							"uv": {
								"north": {"uv": [17, 18], "uv_size": [0.3125, 0.3125]},
								"east": {"uv": [18, 7], "uv_size": [0.4375, 0.3125]},
								"south": {"uv": [18, 16], "uv_size": [0.3125, 0.3125]},
								"west": {"uv": [7, 18], "uv_size": [0.4375, 0.3125]},
								"up": {"uv": [8.3125, 18.4375], "uv_size": [-0.3125, -0.4375]},
								"down": {"uv": [18.3125, 8], "uv_size": [-0.3125, 0.4375]}
							}
						},
						{
							"origin": [-4.47, 12.13, -1.9],
							"size": [0.34, 0.34, 0.1],
							"uv": {
								"north": {"uv": [13, 18], "uv_size": [0.34375, 0.34375]},
								"east": {"uv": [22, 4], "uv_size": [0.09375, 0.34375]},
								"south": {"uv": [18, 12], "uv_size": [0.34375, 0.34375]},
								"west": {"uv": [4, 22], "uv_size": [0.09375, 0.34375]},
								"up": {"uv": [5.34375, 22.09375], "uv_size": [-0.34375, -0.09375]},
								"down": {"uv": [22.34375, 5], "uv_size": [-0.34375, 0.09375]}
							}
						},
						{
							"origin": [-4.51, 12.09, -1.75],
							"size": [0.42, 0.42, 0.9],
							"uv": {
								"north": {"uv": [4, 17], "uv_size": [0.40625, 0.40625]},
								"east": {"uv": [12, 8], "uv_size": [0.90625, 0.40625]},
								"south": {"uv": [3, 17], "uv_size": [0.40625, 0.40625]},
								"west": {"uv": [8, 12], "uv_size": [0.90625, 0.40625]},
								"up": {"uv": [9.40625, 12.90625], "uv_size": [-0.40625, -0.90625]},
								"down": {"uv": [12.40625, 9], "uv_size": [-0.40625, 0.90625]}
							}
						}
					]
				},
				{
					"name": "krishka6",
					"parent": "shprits4",
					"pivot": [6, 10, -2],
					"cubes": [
						{
							"origin": [-4.35, 12.25, -3.25],
							"size": [0.1, 0.1, 0.85],
							"uv": {
								"north": {"uv": [60, 19], "uv_size": [0.5, 0.5]},
								"east": {"uv": [55, 4], "uv_size": [4.5, 0.5]},
								"south": {"uv": [20, 60], "uv_size": [0.5, 0.5]},
								"west": {"uv": [55, 15], "uv_size": [4.5, 0.5]},
								"up": {"uv": [45, 55], "uv_size": [0.5, 4.5]},
								"down": {"uv": [46, 59.5], "uv_size": [0.5, -4.5]}
							}
						},
						{
							"origin": [-4.37, 12.23, -2.45],
							"size": [0.14, 0.14, 0.05],
							"uv": {
								"north": {"uv": [60, 20], "uv_size": [0.5, 0.5]},
								"east": {"uv": [21, 60], "uv_size": [0.5, 0.5]},
								"south": {"uv": [60, 21], "uv_size": [0.5, 0.5]},
								"west": {"uv": [22, 60], "uv_size": [0.5, 0.5]},
								"up": {"uv": [60, 22], "uv_size": [0.5, 0.5]},
								"down": {"uv": [23, 60.5], "uv_size": [0.5, -0.5]}
							}
						},
						{
							"origin": [-4.35, 12.25, -3.25],
							"size": [0.1, 0.1, 0.85],
							"uv": {
								"north": {"uv": [24, 7], "uv_size": [0.09375, 0.09375]},
								"east": {"uv": [19, 13], "uv_size": [0.84375, 0.09375]},
								"south": {"uv": [7, 24], "uv_size": [0.09375, 0.09375]},
								"west": {"uv": [19, 12], "uv_size": [0.84375, 0.09375]},
								"up": {"uv": [19.09375, 14.84375], "uv_size": [-0.09375, -0.84375]},
								"down": {"uv": [15.09375, 19], "uv_size": [-0.09375, 0.84375]}
							}
						},
						{
							"origin": [-4.37, 12.23, -2.45],
							"size": [0.14, 0.14, 0.05],
							"uv": {
								"north": {"uv": [12, 23], "uv_size": [0.125, 0.125]},
								"east": {"uv": [24, 10], "uv_size": [0.0625, 0.125]},
								"south": {"uv": [23, 11], "uv_size": [0.125, 0.125]},
								"west": {"uv": [10, 24], "uv_size": [0.0625, 0.125]},
								"up": {"uv": [11.125, 24.0625], "uv_size": [-0.125, -0.0625]},
								"down": {"uv": [24.125, 11], "uv_size": [-0.125, 0.0625]}
							}
						}
					]
				}
			]
		}
	]
}