{
	"format_version": "1.12.0",
	"minecraft:geometry": [
		{
			"description": {
				"identifier": "geometry.bmp2d_head",
				"texture_width": 32,
				"texture_height": 32,
				"visible_bounds_width": 12,
				"visible_bounds_height": 7,
				"visible_bounds_offset": [0, 2.5, 0]
			},
			"bones": [
				{
					"name": "head",
					"pivot": [0, -8, 0]
				},
				{
					"name": "bashnya2",
					"parent": "head",
					"pivot": [0.41526, 9.32415, 0.37384],
					"cubes": [
						{
							"origin": [18.2256, 8.48018, -5.14873],
							"size": [1.41338, 8.95792, 14.14943],
							"pivot": [17.76752, 12.75555, 1.92599],
							"rotation": [0, 0, -22.5],
							"uv": {
								"north": {"uv": [14.125, 21.5625], "uv_size": [0.0625, 0.5625]},
								"east": {"uv": [16.0625, 15.0625], "uv_size": [0.875, 0.5625]},
								"south": {"uv": [7.25, 21.625], "uv_size": [0.0625, 0.5625]},
								"west": {"uv": [2.5625, 16.125], "uv_size": [0.875, 0.5625]},
								"up": {"uv": [3.125, 21], "uv_size": [0.0625, 0.875]},
								"down": {"uv": [10.3125, 21.875], "uv_size": [0.0625, -0.875]}
							}
						},
						{
							"origin": [18.2256, 8.48018, -6.16667],
							"size": [1.41338, 2.34127, 1.01794],
							"pivot": [17.76752, 12.75555, 1.92599],
							"rotation": [0, 0, -22.5],
							"uv": {
								"north": {"uv": [19.5625, 22.5], "uv_size": [0.0625, 0.125]},
								"east": {"uv": [19.9375, 22.5], "uv_size": [0.0625, 0.125]},
								"south": {"uv": [20, 22.5], "uv_size": [0.0625, 0.125]},
								"west": {"uv": [20.0625, 22.5], "uv_size": [0.0625, 0.125]},
								"up": {"uv": [21.9375, 22.5625], "uv_size": [0.0625, 0.0625]},
								"down": {"uv": [22.5625, 22], "uv_size": [0.0625, -0.0625]}
							}
						},
						{
							"origin": [18.2256, 8.48018, -7.79538],
							"size": [1.41338, 0.71256, 1.6287],
							"pivot": [17.76752, 12.75555, 1.92599],
							"rotation": [0, 0, -22.5],
							"uv": {
								"north": {"uv": [22, 22.5625], "uv_size": [0.0625, 0.0625]},
								"east": {"uv": [20.25, 22.5], "uv_size": [0.125, 0.0625]},
								"south": {"uv": [22.0625, 22.5625], "uv_size": [0.0625, 0.0625]},
								"west": {"uv": [20.375, 22.5], "uv_size": [0.125, 0.0625]},
								"up": {"uv": [20.125, 22.5], "uv_size": [0.0625, 0.125]},
								"down": {"uv": [20.5, 22.625], "uv_size": [0.0625, -0.125]}
							}
						},
						{
							"origin": [-19.75492, 8.48018, -5.2207],
							"size": [1.41338, 8.95792, 14.14943],
							"pivot": [-17.88347, 12.75555, 1.85401],
							"rotation": [0, 0, 22.5],
							"uv": {
								"north": {"uv": [10.5, 21.625], "uv_size": [0.0625, 0.5625]},
								"east": {"uv": [16.1875, 3.0625], "uv_size": [0.875, 0.5625]},
								"south": {"uv": [18.5, 21.625], "uv_size": [0.0625, 0.5625]},
								"west": {"uv": [16.1875, 3.625], "uv_size": [0.875, 0.5625]},
								"up": {"uv": [14.1875, 21], "uv_size": [0.0625, 0.875]},
								"down": {"uv": [6.125, 21.9375], "uv_size": [0.0625, -0.875]}
							}
						},
						{
							"origin": [-41.1642, 17.68546, -1.11982],
							"size": [1.0037, 2.13564, 1.64703],
							"pivot": [-29.1097, 11.476, -5.70057],
							"rotation": [-112.2182, 54.07126, -105.00823],
							"uv": {
								"north": {"uv": [22.5625, 0.5625], "uv_size": [0.0625, 0.125]},
								"east": {"uv": [18.25, 22.375], "uv_size": [0.125, 0.125]},
								"south": {"uv": [22.5625, 0.6875], "uv_size": [0.0625, 0.125]},
								"west": {"uv": [22.375, 18.4375], "uv_size": [0.125, 0.125]},
								"up": {"uv": [0.8125, 22.5625], "uv_size": [0.0625, 0.125]},
								"down": {"uv": [0.875, 22.6875], "uv_size": [0.0625, -0.125]}
							}
						},
						{
							"origin": [-24.232, 13.48781, 1.65679],
							"size": [4.07178, 2.33924, 2.156],
							"pivot": [-20.92011, 11.60358, 4.92338],
							"rotation": [-129.95665, 44.87389, -128.13851],
							"uv": {
								"north": {"uv": [21.8125, 1.125], "uv_size": [0.25, 0.125]},
								"east": {"uv": [19.1875, 22.375], "uv_size": [0.125, 0.125]},
								"south": {"uv": [21.8125, 2.4375], "uv_size": [0.25, 0.125]},
								"west": {"uv": [19.5, 22.375], "uv_size": [0.125, 0.125]},
								"up": {"uv": [21.8125, 6], "uv_size": [0.25, 0.125]},
								"down": {"uv": [21.8125, 6.625], "uv_size": [0.25, -0.125]}
							}
						},
						{
							"origin": [-27.27157, 13.58959, 2.47114],
							"size": [1.0037, 2.13564, 2.49271],
							"pivot": [-20.92011, 11.60358, 4.92338],
							"rotation": [-129.95665, 44.87389, -128.13851],
							"uv": {
								"north": {"uv": [1.4375, 22.5625], "uv_size": [0.0625, 0.125]},
								"east": {"uv": [22.25, 10], "uv_size": [0.1875, 0.125]},
								"south": {"uv": [1.5, 22.5625], "uv_size": [0.0625, 0.125]},
								"west": {"uv": [12.875, 22.25], "uv_size": [0.1875, 0.125]},
								"up": {"uv": [3.375, 22.5], "uv_size": [0.0625, 0.1875]},
								"down": {"uv": [3.4375, 22.6875], "uv_size": [0.0625, -0.1875]}
							}
						},
						{
							"origin": [10.88072, 7.38999, 3.28264],
							"size": [4.07178, 2.33924, 2.156],
							"pivot": [20.80212, 11.81704, 5.1241],
							"rotation": [-89.41882, -55.90888, 83.36403],
							"uv": {
								"north": {"uv": [21.8125, 11.5625], "uv_size": [0.25, 0.125]},
								"east": {"uv": [21.1875, 22.375], "uv_size": [0.125, 0.125]},
								"south": {"uv": [11.625, 21.8125], "uv_size": [0.25, 0.125]},
								"west": {"uv": [21.4375, 22.375], "uv_size": [0.125, 0.125]},
								"up": {"uv": [21.8125, 11.6875], "uv_size": [0.25, 0.125]},
								"down": {"uv": [11.875, 21.9375], "uv_size": [0.25, -0.125]}
							}
						},
						{
							"origin": [14.9525, 7.18641, 3.07905],
							"size": [2.03589, 2.74641, 2.56319],
							"pivot": [20.80212, 11.81704, 5.1241],
							"rotation": [-89.41882, -55.90888, 83.36403],
							"uv": {
								"north": {"uv": [17.375, 22.25], "uv_size": [0.125, 0.1875]},
								"east": {"uv": [1.3125, 21.8125], "uv_size": [0.1875, 0.1875]},
								"south": {"uv": [17.5, 22.25], "uv_size": [0.125, 0.1875]},
								"west": {"uv": [1.5, 21.8125], "uv_size": [0.1875, 0.1875]},
								"up": {"uv": [22.25, 17.9375], "uv_size": [0.125, 0.1875]},
								"down": {"uv": [18.125, 22.4375], "uv_size": [0.125, -0.1875]}
							}
						},
						{
							"origin": [16.98839, 7.4918, 4.09699],
							"size": [1.0037, 2.13564, 2.35959],
							"pivot": [20.80212, 11.81704, 5.1241],
							"rotation": [-89.41882, -55.90888, 83.36403],
							"uv": {
								"north": {"uv": [22.5625, 2.9375], "uv_size": [0.0625, 0.125]},
								"east": {"uv": [20.9375, 22.375], "uv_size": [0.125, 0.125]},
								"south": {"uv": [22.5625, 3.0625], "uv_size": [0.0625, 0.125]},
								"west": {"uv": [21.0625, 22.375], "uv_size": [0.125, 0.125]},
								"up": {"uv": [22.5625, 3.25], "uv_size": [0.0625, 0.125]},
								"down": {"uv": [22.5625, 3.5], "uv_size": [0.0625, -0.125]}
							}
						},
						{
							"origin": [33.66132, 17.58366, -1.93417],
							"size": [4.07178, 2.33924, 2.156],
							"pivot": [28.71817, 11.476, -5.70057],
							"rotation": [-112.2182, -54.07126, 105.00823],
							"uv": {
								"north": {"uv": [21.8125, 10], "uv_size": [0.25, 0.125]},
								"east": {"uv": [20.5, 22.375], "uv_size": [0.125, 0.125]},
								"south": {"uv": [21.8125, 11.3125], "uv_size": [0.25, 0.125]},
								"west": {"uv": [20.8125, 22.375], "uv_size": [0.125, 0.125]},
								"up": {"uv": [11.375, 21.8125], "uv_size": [0.25, 0.125]},
								"down": {"uv": [21.8125, 11.5625], "uv_size": [0.25, -0.125]}
							}
						},
						{
							"origin": [37.7331, 17.38008, -2.13777],
							"size": [2.03589, 2.74641, 2.56319],
							"pivot": [28.71817, 11.476, -5.70057],
							"rotation": [-112.2182, -54.07126, 105.00823],
							"uv": {
								"north": {"uv": [22.25, 16.625], "uv_size": [0.125, 0.1875]},
								"east": {"uv": [21.6875, 21.75], "uv_size": [0.1875, 0.1875]},
								"south": {"uv": [16.8125, 22.25], "uv_size": [0.125, 0.1875]},
								"west": {"uv": [21.8125, 0.125], "uv_size": [0.1875, 0.1875]},
								"up": {"uv": [22.25, 16.8125], "uv_size": [0.125, 0.1875]},
								"down": {"uv": [16.9375, 22.4375], "uv_size": [0.125, -0.1875]}
							}
						},
						{
							"origin": [39.76899, 17.68546, -1.11982],
							"size": [1.0037, 2.13564, 1.64703],
							"pivot": [28.71817, 11.476, -5.70057],
							"rotation": [-112.2182, -54.07126, 105.00823],
							"uv": {
								"north": {"uv": [22.5625, 2.4375], "uv_size": [0.0625, 0.125]},
								"east": {"uv": [20.25, 22.375], "uv_size": [0.125, 0.125]},
								"south": {"uv": [2.5, 22.5625], "uv_size": [0.0625, 0.125]},
								"west": {"uv": [20.375, 22.375], "uv_size": [0.125, 0.125]},
								"up": {"uv": [2.5625, 22.5625], "uv_size": [0.0625, 0.125]},
								"down": {"uv": [22.5625, 2.9375], "uv_size": [0.0625, -0.125]}
							}
						},
						{
							"origin": [19.76869, 13.48781, 1.65679],
							"size": [4.07178, 2.33924, 2.156],
							"pivot": [20.52859, 11.60358, 4.92338],
							"rotation": [-129.95665, -44.87389, 128.13851],
							"uv": {
								"north": {"uv": [21.8125, 7.25], "uv_size": [0.25, 0.125]},
								"east": {"uv": [19.9375, 22.375], "uv_size": [0.125, 0.125]},
								"south": {"uv": [21.8125, 9.3125], "uv_size": [0.25, 0.125]},
								"west": {"uv": [20.0625, 22.375], "uv_size": [0.125, 0.125]},
								"up": {"uv": [21.8125, 9.4375], "uv_size": [0.25, 0.125]},
								"down": {"uv": [21.8125, 10], "uv_size": [0.25, -0.125]}
							}
						},
						{
							"origin": [23.84048, 13.28421, 1.4532],
							"size": [2.03589, 2.74641, 2.56319],
							"pivot": [20.52859, 11.60358, 4.92338],
							"rotation": [-129.95665, -44.87389, 128.13851],
							"uv": {
								"north": {"uv": [16, 22.25], "uv_size": [0.125, 0.1875]},
								"east": {"uv": [21.75, 21], "uv_size": [0.1875, 0.1875]},
								"south": {"uv": [22.25, 16.25], "uv_size": [0.125, 0.1875]},
								"west": {"uv": [21.75, 21.1875], "uv_size": [0.1875, 0.1875]},
								"up": {"uv": [16.375, 22.25], "uv_size": [0.125, 0.1875]},
								"down": {"uv": [22.25, 16.625], "uv_size": [0.125, -0.1875]}
							}
						},
						{
							"origin": [25.87636, 13.58959, 2.47114],
							"size": [1.0037, 2.13564, 2.29695],
							"pivot": [20.52859, 11.60358, 4.92338],
							"rotation": [-129.95665, -44.87389, 128.13851],
							"uv": {
								"north": {"uv": [2.125, 22.5625], "uv_size": [0.0625, 0.125]},
								"east": {"uv": [22.25, 13.875], "uv_size": [0.1875, 0.125]},
								"south": {"uv": [2.1875, 22.5625], "uv_size": [0.0625, 0.125]},
								"west": {"uv": [22.25, 14.9375], "uv_size": [0.1875, 0.125]},
								"up": {"uv": [3.5625, 22.5], "uv_size": [0.0625, 0.1875]},
								"down": {"uv": [3.625, 22.6875], "uv_size": [0.0625, -0.1875]}
							}
						},
						{
							"origin": [-15.34402, 7.38999, 3.28264],
							"size": [4.07178, 2.33924, 2.156],
							"pivot": [-21.19363, 11.81704, 5.1241],
							"rotation": [-89.41882, 55.90888, -83.36403],
							"uv": {
								"north": {"uv": [21.75, 14.4375], "uv_size": [0.25, 0.125]},
								"east": {"uv": [22.375, 19], "uv_size": [0.125, 0.125]},
								"south": {"uv": [21.75, 15.375], "uv_size": [0.25, 0.125]},
								"west": {"uv": [19.0625, 22.375], "uv_size": [0.125, 0.125]},
								"up": {"uv": [21.75, 18.4375], "uv_size": [0.25, 0.125]},
								"down": {"uv": [21.75, 19.125], "uv_size": [0.25, -0.125]}
							}
						},
						{
							"origin": [-18.3836, 7.4918, 4.09699],
							"size": [1.0037, 2.13564, 2.35959],
							"pivot": [-21.19363, 11.81704, 5.1241],
							"rotation": [-89.41882, 55.90888, -83.36403],
							"uv": {
								"north": {"uv": [22.5625, 1], "uv_size": [0.0625, 0.125]},
								"east": {"uv": [18.6875, 22.375], "uv_size": [0.125, 0.125]},
								"south": {"uv": [22.5625, 1.125], "uv_size": [0.0625, 0.125]},
								"west": {"uv": [18.9375, 22.375], "uv_size": [0.125, 0.125]},
								"up": {"uv": [1.3125, 22.5625], "uv_size": [0.0625, 0.125]},
								"down": {"uv": [1.375, 22.6875], "uv_size": [0.0625, -0.125]}
							}
						},
						{
							"origin": [-38.12461, 17.58366, -1.93417],
							"size": [4.07178, 2.33924, 2.156],
							"pivot": [-29.1097, 11.476, -5.70057],
							"rotation": [-112.2182, 54.07126, -105.00823],
							"uv": {
								"north": {"uv": [8.6875, 16.9375], "uv_size": [0.25, 0.125]},
								"east": {"uv": [22.375, 17.6875], "uv_size": [0.125, 0.125]},
								"south": {"uv": [20.375, 10.4375], "uv_size": [0.25, 0.125]},
								"west": {"uv": [22.375, 17.9375], "uv_size": [0.125, 0.125]},
								"up": {"uv": [21.75, 11.8125], "uv_size": [0.25, 0.125]},
								"down": {"uv": [21.75, 12.875], "uv_size": [0.25, -0.125]}
							}
						},
						{
							"origin": [-17.37991, 7.18641, 3.07905],
							"size": [2.03589, 2.74641, 2.56319],
							"pivot": [-21.19363, 11.81704, 5.1241],
							"rotation": [-89.41882, 55.90888, -83.36403],
							"uv": {
								"north": {"uv": [14.8125, 22.25], "uv_size": [0.125, 0.1875]},
								"east": {"uv": [21.75, 20.625], "uv_size": [0.1875, 0.1875]},
								"south": {"uv": [14.9375, 22.25], "uv_size": [0.125, 0.1875]},
								"west": {"uv": [21.75, 20.8125], "uv_size": [0.1875, 0.1875]},
								"up": {"uv": [15.5625, 22.25], "uv_size": [0.125, 0.1875]},
								"down": {"uv": [22.25, 15.875], "uv_size": [0.125, -0.1875]}
							}
						},
						{
							"origin": [-26.26788, 13.28421, 1.4532],
							"size": [2.03589, 2.74641, 2.56319],
							"pivot": [-20.92011, 11.60358, 4.92338],
							"rotation": [-129.95665, 44.87389, -128.13851],
							"uv": {
								"north": {"uv": [14.5625, 22.25], "uv_size": [0.125, 0.1875]},
								"east": {"uv": [21.75, 20.4375], "uv_size": [0.1875, 0.1875]},
								"south": {"uv": [22.25, 14.5625], "uv_size": [0.125, 0.1875]},
								"west": {"uv": [20.625, 21.75], "uv_size": [0.1875, 0.1875]},
								"up": {"uv": [14.6875, 22.25], "uv_size": [0.125, 0.1875]},
								"down": {"uv": [22.25, 14.9375], "uv_size": [0.125, -0.1875]}
							}
						},
						{
							"origin": [-40.16052, 17.38008, -2.13777],
							"size": [2.03589, 2.74641, 2.56319],
							"pivot": [-29.1097, 11.476, -5.70057],
							"rotation": [-112.2182, 54.07126, -105.00823],
							"uv": {
								"north": {"uv": [22.25, 13], "uv_size": [0.125, 0.1875]},
								"east": {"uv": [20.25, 21.75], "uv_size": [0.1875, 0.1875]},
								"south": {"uv": [22.25, 13.1875], "uv_size": [0.125, 0.1875]},
								"west": {"uv": [20.4375, 21.75], "uv_size": [0.1875, 0.1875]},
								"up": {"uv": [22.25, 13.6875], "uv_size": [0.125, 0.1875]},
								"down": {"uv": [13.8125, 22.4375], "uv_size": [0.125, -0.1875]}
							}
						},
						{
							"origin": [-19.75492, 8.48018, -6.23866],
							"size": [1.41338, 2.34127, 1.01794],
							"pivot": [-17.88347, 12.75555, 1.85401],
							"rotation": [0, 0, 22.5],
							"uv": {
								"north": {"uv": [21.25, 22.5], "uv_size": [0.0625, 0.125]},
								"east": {"uv": [21.4375, 22.5], "uv_size": [0.0625, 0.125]},
								"south": {"uv": [22.5, 21.4375], "uv_size": [0.0625, 0.125]},
								"west": {"uv": [21.5, 22.5], "uv_size": [0.0625, 0.125]},
								"up": {"uv": [22.25, 22.5625], "uv_size": [0.0625, 0.0625]},
								"down": {"uv": [22.3125, 22.625], "uv_size": [0.0625, -0.0625]}
							}
						},
						{
							"origin": [-19.73137, 9.01218, -6.63685],
							"size": [1.3155, 7.73639, 1.9341],
							"pivot": [-18.97575, 12.77858, -5.6698],
							"rotation": [-20, 0, 22.5],
							"uv": {
								"north": {"uv": [9.5, 21.8125], "uv_size": [0.0625, 0.5]},
								"east": {"uv": [10.4375, 20.4375], "uv_size": [0.125, 0.5]},
								"south": {"uv": [9.5625, 21.8125], "uv_size": [0.0625, 0.5]},
								"west": {"uv": [8.25, 20.5], "uv_size": [0.125, 0.5]},
								"up": {"uv": [21.125, 22.5], "uv_size": [0.0625, 0.125]},
								"down": {"uv": [21.1875, 22.625], "uv_size": [0.0625, -0.125]}
							}
						},
						{
							"origin": [-19.75492, 8.48018, -7.86736],
							"size": [1.41338, 0.71256, 1.6287],
							"pivot": [-17.88347, 12.75555, 1.85401],
							"rotation": [0, 0, 22.5],
							"uv": {
								"north": {"uv": [22.125, 22.5625], "uv_size": [0.0625, 0.0625]},
								"east": {"uv": [20.8125, 22.5], "uv_size": [0.125, 0.0625]},
								"south": {"uv": [22.1875, 22.5625], "uv_size": [0.0625, 0.0625]},
								"west": {"uv": [20.9375, 22.5], "uv_size": [0.125, 0.0625]},
								"up": {"uv": [20.5625, 22.5], "uv_size": [0.0625, 0.125]},
								"down": {"uv": [21.0625, 22.625], "uv_size": [0.0625, -0.125]}
							}
						},
						{
							"origin": [18.29993, 9.01218, -6.56487],
							"size": [1.3155, 7.73639, 1.9341],
							"pivot": [18.8598, 12.77858, -5.59781],
							"rotation": [-20, 0, -22.5],
							"uv": {
								"north": {"uv": [9.375, 21.8125], "uv_size": [0.0625, 0.5]},
								"east": {"uv": [5.3125, 20.4375], "uv_size": [0.125, 0.5]},
								"south": {"uv": [9.4375, 21.8125], "uv_size": [0.0625, 0.5]},
								"west": {"uv": [6, 20.4375], "uv_size": [0.125, 0.5]},
								"up": {"uv": [19.25, 22.5], "uv_size": [0.0625, 0.125]},
								"down": {"uv": [19.5, 22.625], "uv_size": [0.0625, -0.125]}
							}
						},
						{
							"origin": [-7.25514, 16.72087, -13.57787],
							"size": [14.35302, 1.11973, 33.08322],
							"uv": {
								"north": {"uv": [20.375, 2.875], "uv_size": [0.9375, 0.0625]},
								"east": {"uv": [18.9375, 12.6875], "uv_size": [2.125, 0.0625]},
								"south": {"uv": [20.375, 7], "uv_size": [0.9375, 0.0625]},
								"west": {"uv": [19, 6.625], "uv_size": [2.125, 0.0625]},
								"up": {"uv": [6, 9.3125], "uv_size": [0.9375, 2.125]},
								"down": {"uv": [6.9375, 11.4375], "uv_size": [0.9375, -2.125]}
							}
						},
						{
							"origin": [-1.80911, 17.84062, 4.34383],
							"size": [5.677, 0.4894, 5.677],
							"uv": {
								"north": {"uv": [22.125, 1.625], "uv_size": [0.375, 0.0625]},
								"east": {"uv": [22.1875, 3.25], "uv_size": [0.375, 0.0625]},
								"south": {"uv": [22.1875, 4.125], "uv_size": [0.375, 0.0625]},
								"west": {"uv": [22.1875, 5.125], "uv_size": [0.375, 0.0625]},
								"up": {"uv": [19, 6.25], "uv_size": [0.375, 0.375]},
								"down": {"uv": [7.125, 19.375], "uv_size": [0.375, -0.375]}
							}
						},
						{
							"origin": [0.14847, 21.75578, 1.89685],
							"size": [1.76183, 0.4894, 10.57097],
							"uv": {
								"north": {"uv": [22.5625, 7.25], "uv_size": [0.125, 0.0625]},
								"east": {"uv": [21.3125, 18.1875], "uv_size": [0.6875, 0.0625]},
								"south": {"uv": [22.5625, 7.3125], "uv_size": [0.125, 0.0625]},
								"west": {"uv": [21.3125, 19.625], "uv_size": [0.6875, 0.0625]},
								"up": {"uv": [14.6875, 19.625], "uv_size": [0.125, 0.6875]},
								"down": {"uv": [0.375, 20.375], "uv_size": [0.125, -0.6875]}
							}
						},
						{
							"origin": [-0.53669, 18.33001, 2.87564],
							"size": [3.13214, 3.42577, 8.61339],
							"uv": {
								"north": {"uv": [4.5625, 21.375], "uv_size": [0.1875, 0.25]},
								"east": {"uv": [18.875, 14.3125], "uv_size": [0.5625, 0.25]},
								"south": {"uv": [21.375, 5.25], "uv_size": [0.1875, 0.25]},
								"west": {"uv": [19, 8.125], "uv_size": [0.5625, 0.25]},
								"up": {"uv": [7.125, 19.375], "uv_size": [0.1875, 0.5625]},
								"down": {"uv": [7.3125, 19.9375], "uv_size": [0.1875, -0.5625]}
							}
						},
						{
							"origin": [-8.79739, 8.69678, -19.24506],
							"size": [17.40685, 2.85024, 2.33344],
							"pivot": [-0.09396, 9.81652, -17.98046],
							"rotation": [-20, 0, 0],
							"uv": {
								"north": {"uv": [12.625, 10], "uv_size": [1.125, 0.1875]},
								"east": {"uv": [22.25, 11.5625], "uv_size": [0.125, 0.1875]},
								"south": {"uv": [13.875, 11.125], "uv_size": [1.125, 0.1875]},
								"west": {"uv": [22.25, 11.9375], "uv_size": [0.125, 0.1875]},
								"up": {"uv": [18.875, 2.875], "uv_size": [1.125, 0.125]},
								"down": {"uv": [18.875, 3.5625], "uv_size": [1.125, -0.125]}
							}
						},
						{
							"origin": [8.0109, 8.57919, -19.07883],
							"size": [1.11973, 2.85024, 2.23556],
							"pivot": [8.57078, 10.00431, -17.9121],
							"rotation": [-18.88172, -6.71771, -18.88172],
							"uv": {
								"north": {"uv": [22.5, 2.8125], "uv_size": [0.0625, 0.1875]},
								"east": {"uv": [12.5, 22.25], "uv_size": [0.125, 0.1875]},
								"south": {"uv": [2.875, 22.5], "uv_size": [0.0625, 0.1875]},
								"west": {"uv": [12.625, 22.25], "uv_size": [0.125, 0.1875]},
								"up": {"uv": [22.5, 19], "uv_size": [0.0625, 0.125]},
								"down": {"uv": [19.0625, 22.625], "uv_size": [0.0625, -0.125]}
							}
						},
						{
							"origin": [-9.31858, 8.57919, -19.07883],
							"size": [1.11973, 2.85024, 2.23556],
							"pivot": [-8.75871, 10.00431, -17.9121],
							"rotation": [-18.88172, 6.71771, 18.88172],
							"uv": {
								"north": {"uv": [22.5, 3], "uv_size": [0.0625, 0.1875]},
								"east": {"uv": [12.75, 22.25], "uv_size": [0.125, 0.1875]},
								"south": {"uv": [3.125, 22.5], "uv_size": [0.0625, 0.1875]},
								"west": {"uv": [22.25, 12.8125], "uv_size": [0.125, 0.1875]},
								"up": {"uv": [19.125, 22.5], "uv_size": [0.0625, 0.125]},
								"down": {"uv": [19.1875, 22.625], "uv_size": [0.0625, -0.125]}
							}
						},
						{
							"origin": [-8.79739, 12.26956, -15.47503],
							"size": [17.40685, 5.29331, 2.13767],
							"pivot": [-0.09396, 13.38929, -14.40618],
							"rotation": [-25, 0, 0],
							"uv": {
								"north": {"uv": [16.625, 17.1875], "uv_size": [1.125, 0.3125]},
								"east": {"uv": [0.3125, 21.625], "uv_size": [0.125, 0.3125]},
								"south": {"uv": [17.25, 8.0625], "uv_size": [1.125, 0.3125]},
								"west": {"uv": [0.4375, 21.625], "uv_size": [0.125, 0.3125]},
								"up": {"uv": [18.875, 3.5625], "uv_size": [1.125, 0.125]},
								"down": {"uv": [18.875, 6.1875], "uv_size": [1.125, -0.125]}
							}
						},
						{
							"origin": [7.8969, 10.43724, -15.67862],
							"size": [1.73051, 4.07178, 2.13767],
							"pivot": [-0.09396, 13.38929, -14.40618],
							"rotation": [-37.5, 0, 0],
							"uv": {
								"north": {"uv": [5.3125, 20.9375], "uv_size": [0.125, 0.25]},
								"east": {"uv": [21.0625, 4.875], "uv_size": [0.125, 0.25]},
								"south": {"uv": [21.0625, 6.25], "uv_size": [0.125, 0.25]},
								"west": {"uv": [21.8125, 7], "uv_size": [0.125, 0.25]},
								"up": {"uv": [16.6875, 22.375], "uv_size": [0.125, 0.125]},
								"down": {"uv": [22.375, 16.875], "uv_size": [0.125, -0.125]}
							}
						},
						{
							"origin": [-9.81533, 9.45845, -15.44762],
							"size": [1.73051, 4.07178, 2.13767],
							"pivot": [-0.29756, 13.38929, -13.49004],
							"rotation": [-37.5, 0, 0],
							"uv": {
								"north": {"uv": [7.9375, 21.8125], "uv_size": [0.125, 0.25]},
								"east": {"uv": [8.0625, 21.8125], "uv_size": [0.125, 0.25]},
								"south": {"uv": [21.8125, 8.25], "uv_size": [0.125, 0.25]},
								"west": {"uv": [9.25, 21.8125], "uv_size": [0.125, 0.25]},
								"up": {"uv": [22.375, 16.875], "uv_size": [0.125, 0.125]},
								"down": {"uv": [22.375, 17.6875], "uv_size": [0.125, -0.125]}
							}
						},
						{
							"origin": [-8.79739, 10.68849, -18.39297],
							"size": [17.40685, 1.11973, 3.15564],
							"uv": {
								"north": {"uv": [20.125, 0], "uv_size": [1.125, 0.0625]},
								"east": {"uv": [22.5, 2.6875], "uv_size": [0.1875, 0.0625]},
								"south": {"uv": [20.125, 0.0625], "uv_size": [1.125, 0.0625]},
								"west": {"uv": [22.5, 2.75], "uv_size": [0.1875, 0.0625]},
								"up": {"uv": [18.5, 5.4375], "uv_size": [1.125, 0.1875]},
								"down": {"uv": [18.5, 13.25], "uv_size": [1.125, -0.1875]}
							}
						},
						{
							"origin": [-8.79739, 11.80823, -15.84811],
							"size": [17.40685, 1.01794, 0.61076],
							"uv": {
								"north": {"uv": [20.125, 7.0625], "uv_size": [1.125, 0.0625]},
								"east": {"uv": [22.5625, 21.4375], "uv_size": [0.0625, 0.0625]},
								"south": {"uv": [20.125, 7.4375], "uv_size": [1.125, 0.0625]},
								"west": {"uv": [22.5625, 21.5], "uv_size": [0.0625, 0.0625]},
								"up": {"uv": [20.125, 7.5], "uv_size": [1.125, 0.0625]},
								"down": {"uv": [20.125, 8.3125], "uv_size": [1.125, -0.0625]}
							}
						},
						{
							"origin": [6.64309, 16.66751, -5.14873],
							"size": [10.79022, 1.11973, 14.14943],
							"uv": {
								"north": {"uv": [21.1875, 13.625], "uv_size": [0.6875, 0.0625]},
								"east": {"uv": [20.6875, 11.25], "uv_size": [0.875, 0.0625]},
								"south": {"uv": [21.25, 5.9375], "uv_size": [0.6875, 0.0625]},
								"west": {"uv": [20.6875, 15.0625], "uv_size": [0.875, 0.0625]},
								"up": {"uv": [7.875, 9.3125], "uv_size": [0.6875, 0.875]},
								"down": {"uv": [15.25, 5.3125], "uv_size": [0.6875, -0.875]}
							}
						},
						{
							"origin": [4.60719, 17.78725, -3.11283],
							"size": [11.80816, 0.50897, 9.05971],
							"uv": {
								"north": {"uv": [21, 15.5625], "uv_size": [0.75, 0.0625]},
								"east": {"uv": [21.625, 13.6875], "uv_size": [0.5625, 0.0625]},
								"south": {"uv": [21.0625, 1.5625], "uv_size": [0.75, 0.0625]},
								"west": {"uv": [21.6875, 8.9375], "uv_size": [0.5625, 0.0625]},
								"up": {"uv": [16.4375, 10], "uv_size": [0.75, 0.5625]},
								"down": {"uv": [8.9375, 17.0625], "uv_size": [0.75, -0.5625]}
							}
						},
						{
							"origin": [-17.26086, 17.78079, -3.3979],
							"size": [12.39856, 0.53441, 12.39856],
							"uv": {
								"north": {"uv": [20.8125, 8.6875], "uv_size": [0.8125, 0.0625]},
								"east": {"uv": [20.8125, 8.75], "uv_size": [0.8125, 0.0625]},
								"south": {"uv": [20.8125, 8.8125], "uv_size": [0.8125, 0.0625]},
								"west": {"uv": [20.8125, 8.875], "uv_size": [0.8125, 0.0625]},
								"up": {"uv": [11, 15.0625], "uv_size": [0.8125, 0.8125]},
								"down": {"uv": [15.125, 6.75], "uv_size": [0.8125, -0.8125]}
							}
						},
						{
							"origin": [7.95397, 17.58366, -4.07319],
							"size": [2.64667, 1.11973, 2.13767],
							"pivot": [5.20552, 18.24532, 0.35487],
							"rotation": [0, 35, 0],
							"uv": {
								"north": {"uv": [22.5, 4.875], "uv_size": [0.1875, 0.0625]},
								"east": {"uv": [22.5625, 5.125], "uv_size": [0.125, 0.0625]},
								"south": {"uv": [22.5, 4.9375], "uv_size": [0.1875, 0.0625]},
								"west": {"uv": [5.1875, 22.5625], "uv_size": [0.125, 0.0625]},
								"up": {"uv": [22.25, 19.25], "uv_size": [0.1875, 0.125]},
								"down": {"uv": [22.25, 19.5], "uv_size": [0.1875, -0.125]}
							}
						},
						{
							"origin": [12.26033, 17.58366, -7.94511],
							"size": [2.64667, 1.11973, 2.13767],
							"pivot": [10.52982, 18.24532, -3.61886],
							"rotation": [0, -32.5, 0],
							"uv": {
								"north": {"uv": [22.5, 4.75], "uv_size": [0.1875, 0.0625]},
								"east": {"uv": [4.5, 22.5625], "uv_size": [0.125, 0.0625]},
								"south": {"uv": [22.5, 4.8125], "uv_size": [0.1875, 0.0625]},
								"west": {"uv": [5.0625, 22.5625], "uv_size": [0.125, 0.0625]},
								"up": {"uv": [19.125, 22.25], "uv_size": [0.1875, 0.125]},
								"down": {"uv": [22.25, 19.25], "uv_size": [0.1875, -0.125]}
							}
						},
						{
							"origin": [-16.19201, 18.3152, -0.19137],
							"size": [10.26089, 0.6413, 8.12319],
							"uv": {
								"north": {"uv": [21.4375, 5.875], "uv_size": [0.625, 0.0625]},
								"east": {"uv": [21.75, 7.9375], "uv_size": [0.5, 0.0625]},
								"south": {"uv": [21.5, 1.625], "uv_size": [0.625, 0.0625]},
								"west": {"uv": [21.75, 15.5625], "uv_size": [0.5, 0.0625]},
								"up": {"uv": [17.5625, 16.5625], "uv_size": [0.625, 0.5]},
								"down": {"uv": [17.625, 7.6875], "uv_size": [0.625, -0.5]}
							}
						},
						{
							"origin": [-12.98549, 18.3152, -2.86346],
							"size": [3.84783, 1.17572, 3.31341],
							"uv": {
								"north": {"uv": [22.375, 3.625], "uv_size": [0.25, 0.0625]},
								"east": {"uv": [22.5, 3.5], "uv_size": [0.1875, 0.0625]},
								"south": {"uv": [22.375, 4.5], "uv_size": [0.25, 0.0625]},
								"west": {"uv": [22.5, 4.375], "uv_size": [0.1875, 0.0625]},
								"up": {"uv": [21.3125, 10.1875], "uv_size": [0.25, 0.1875]},
								"down": {"uv": [21.3125, 12.375], "uv_size": [0.25, -0.1875]}
							}
						},
						{
							"origin": [-13.44434, 20.27278, -1.88467],
							"size": [4.89397, 4.89397, 1.95758],
							"uv": {
								"north": {"uv": [0, 19.4375], "uv_size": [0.3125, 0.3125]},
								"east": {"uv": [2.3125, 21.625], "uv_size": [0.125, 0.3125]},
								"south": {"uv": [19.4375, 7.125], "uv_size": [0.3125, 0.3125]},
								"west": {"uv": [7.125, 21.625], "uv_size": [0.125, 0.3125]},
								"up": {"uv": [21.375, 21.6875], "uv_size": [0.3125, 0.125]},
								"down": {"uv": [21.6875, 21.5625], "uv_size": [0.3125, -0.125]}
							}
						},
						{
							"origin": [-12.0067, 18.3152, 0.07291],
							"size": [1.49873, 4.11211, 1.35583],
							"uv": {
								"north": {"uv": [13.8125, 21.8125], "uv_size": [0.125, 0.25]},
								"east": {"uv": [6.0625, 22.4375], "uv_size": [0.0625, 0.25]},
								"south": {"uv": [15.5, 21.8125], "uv_size": [0.125, 0.25]},
								"west": {"uv": [6.1875, 22.4375], "uv_size": [0.0625, 0.25]},
								"up": {"uv": [10.6875, 22.5625], "uv_size": [0.125, 0.0625]},
								"down": {"uv": [10.8125, 22.625], "uv_size": [0.125, -0.0625]}
							}
						},
						{
							"origin": [8.71421, 18.29623, 4.55112],
							"size": [3.66461, 1.11973, 1.68744],
							"uv": {
								"north": {"uv": [22.375, 5], "uv_size": [0.25, 0.0625]},
								"east": {"uv": [22.5625, 6], "uv_size": [0.125, 0.0625]},
								"south": {"uv": [22.375, 6.9375], "uv_size": [0.25, 0.0625]},
								"west": {"uv": [22.5625, 6.0625], "uv_size": [0.125, 0.0625]},
								"up": {"uv": [21.8125, 11.9375], "uv_size": [0.25, 0.125]},
								"down": {"uv": [21.8125, 12.1875], "uv_size": [0.25, -0.125]}
							}
						},
						{
							"origin": [8.71421, 17.80684, -8.47662],
							"size": [3.66461, 2.97945, 2.66624],
							"uv": {
								"north": {"uv": [21.3125, 14.0625], "uv_size": [0.25, 0.1875]},
								"east": {"uv": [1.6875, 21.8125], "uv_size": [0.1875, 0.1875]},
								"south": {"uv": [21.375, 2.9375], "uv_size": [0.25, 0.1875]},
								"west": {"uv": [21.8125, 1.75], "uv_size": [0.1875, 0.1875]},
								"up": {"uv": [21.375, 3.125], "uv_size": [0.25, 0.1875]},
								"down": {"uv": [21.375, 5], "uv_size": [0.25, -0.1875]}
							}
						},
						{
							"origin": [8.22482, 17.61107, -9.45542],
							"size": [4.6434, 0.19576, 4.62382],
							"uv": {
								"north": {"uv": [22.3125, 10.375], "uv_size": [0.3125, 0.0625]},
								"east": {"uv": [22.3125, 10.4375], "uv_size": [0.3125, 0.0625]},
								"south": {"uv": [22.3125, 10.9375], "uv_size": [0.3125, 0.0625]},
								"west": {"uv": [22.3125, 11], "uv_size": [0.3125, 0.0625]},
								"up": {"uv": [11.4375, 19.375], "uv_size": [0.3125, 0.3125]},
								"down": {"uv": [11.75, 19.6875], "uv_size": [0.3125, -0.3125]}
							}
						},
						{
							"origin": [-10.03038, 18.31521, -3.22095],
							"size": [2.779, 1.17572, 2.24457],
							"pivot": [-11.84741, 19.00995, 1.32163],
							"rotation": [0, -32.5, 0],
							"uv": {
								"north": {"uv": [22.5, 4.4375], "uv_size": [0.1875, 0.0625]},
								"east": {"uv": [22.5625, 0.8125], "uv_size": [0.125, 0.0625]},
								"south": {"uv": [4.5, 22.5], "uv_size": [0.1875, 0.0625]},
								"west": {"uv": [3.6875, 22.5625], "uv_size": [0.125, 0.0625]},
								"up": {"uv": [22.25, 15.5], "uv_size": [0.1875, 0.125]},
								"down": {"uv": [18.25, 22.375], "uv_size": [0.1875, -0.125]}
							}
						},
						{
							"origin": [-13.48322, 18.31521, 0.84458],
							"size": [2.779, 1.17572, 2.24457],
							"pivot": [-16.36909, 19.00995, 5.49404],
							"rotation": [0, 35, 0],
							"uv": {
								"north": {"uv": [22.5, 4.625], "uv_size": [0.1875, 0.0625]},
								"east": {"uv": [4.125, 22.5625], "uv_size": [0.125, 0.0625]},
								"south": {"uv": [22.5, 4.6875], "uv_size": [0.1875, 0.0625]},
								"west": {"uv": [22.5625, 4.125], "uv_size": [0.125, 0.0625]},
								"up": {"uv": [18.6875, 22.25], "uv_size": [0.1875, 0.125]},
								"down": {"uv": [18.9375, 22.375], "uv_size": [0.1875, -0.125]}
							}
						},
						{
							"origin": [-17.54925, 16.66751, -5.2207],
							"size": [10.79022, 1.11973, 14.14943],
							"uv": {
								"north": {"uv": [21.25, 8], "uv_size": [0.6875, 0.0625]},
								"east": {"uv": [20.6875, 15.125], "uv_size": [0.875, 0.0625]},
								"south": {"uv": [21.3125, 3.625], "uv_size": [0.6875, 0.0625]},
								"west": {"uv": [20.6875, 15.1875], "uv_size": [0.875, 0.0625]},
								"up": {"uv": [15.3125, 13.9375], "uv_size": [0.6875, 0.875]},
								"down": {"uv": [15.375, 15.6875], "uv_size": [0.6875, -0.875]}
							}
						},
						{
							"origin": [-8.86327, 8.39875, -20.58918],
							"size": [17.40685, 1.01794, 5.11322],
							"pivot": [-0.15985, 8.90772, 0.32959],
							"rotation": [0, 45, 0],
							"uv": {
								"north": {"uv": [20.125, 14.4375], "uv_size": [1.125, 0.0625]},
								"east": {"uv": [15.125, 22.3125], "uv_size": [0.3125, 0.0625]},
								"south": {"uv": [20.125, 14.5], "uv_size": [1.125, 0.0625]},
								"west": {"uv": [22.3125, 15.125], "uv_size": [0.3125, 0.0625]},
								"up": {"uv": [17.4375, 3.6875], "uv_size": [1.125, 0.3125]},
								"down": {"uv": [17.5, 1.25], "uv_size": [1.125, -0.3125]}
							}
						},
						{
							"origin": [-21.10591, 8.39875, -8.30796],
							"size": [5.11322, 1.01794, 17.40685],
							"uv": {
								"north": {"uv": [22.3125, 14.375], "uv_size": [0.3125, 0.0625]},
								"east": {"uv": [20.125, 14.3125], "uv_size": [1.125, 0.0625]},
								"south": {"uv": [22.3125, 15.0625], "uv_size": [0.3125, 0.0625]},
								"west": {"uv": [20.125, 14.375], "uv_size": [1.125, 0.0625]},
								"up": {"uv": [6.25, 17.4375], "uv_size": [0.3125, 1.125]},
								"down": {"uv": [10.4375, 18.5625], "uv_size": [0.3125, -1.125]}
							}
						},
						{
							"origin": [-21.07861, 8.39875, -8.24209],
							"size": [5.11322, 1.01794, 17.40685],
							"pivot": [-0.15985, 8.90772, 0.46135],
							"rotation": [0, 45, 0],
							"uv": {
								"north": {"uv": [22.3125, 14.25], "uv_size": [0.3125, 0.0625]},
								"east": {"uv": [20.125, 12.9375], "uv_size": [1.125, 0.0625]},
								"south": {"uv": [22.3125, 14.3125], "uv_size": [0.3125, 0.0625]},
								"west": {"uv": [20.125, 13], "uv_size": [1.125, 0.0625]},
								"up": {"uv": [5.625, 17.4375], "uv_size": [0.3125, 1.125]},
								"down": {"uv": [5.9375, 18.5625], "uv_size": [0.3125, -1.125]}
							}
						},
						{
							"origin": [-8.79739, 8.39875, 16.29419],
							"size": [17.40685, 1.01794, 5.11322],
							"uv": {
								"north": {"uv": [20.125, 12.8125], "uv_size": [1.125, 0.0625]},
								"east": {"uv": [14.1875, 22.3125], "uv_size": [0.3125, 0.0625]},
								"south": {"uv": [20.125, 12.875], "uv_size": [1.125, 0.0625]},
								"west": {"uv": [22.3125, 14.1875], "uv_size": [0.3125, 0.0625]},
								"up": {"uv": [17.4375, 3.0625], "uv_size": [1.125, 0.3125]},
								"down": {"uv": [17.4375, 3.6875], "uv_size": [1.125, -0.3125]}
							}
						},
						{
							"origin": [-7.8186, 11.33512, 20.20935],
							"size": [15.44927, 1.01794, 3.15564],
							"uv": {
								"north": {"uv": [20.1875, 5.125], "uv_size": [1, 0.0625]},
								"east": {"uv": [22.5, 10.6875], "uv_size": [0.1875, 0.0625]},
								"south": {"uv": [20.1875, 6.5], "uv_size": [1, 0.0625]},
								"west": {"uv": [10.75, 22.5], "uv_size": [0.1875, 0.0625]},
								"up": {"uv": [18.6875, 17.1875], "uv_size": [1, 0.1875]},
								"down": {"uv": [18.6875, 17.5625], "uv_size": [1, -0.1875]}
							}
						},
						{
							"origin": [-9.77618, 9.37754, 23.36499],
							"size": [19.5602, 7.86949, 0.97879],
							"uv": {
								"north": {"uv": [11.5625, 8.4375], "uv_size": [1.25, 0.5]},
								"east": {"uv": [9, 21.875], "uv_size": [0.0625, 0.5]},
								"south": {"uv": [15.125, 8.125], "uv_size": [1.25, 0.5]},
								"west": {"uv": [9.0625, 21.875], "uv_size": [0.0625, 0.5]},
								"up": {"uv": [19.5625, 13.6875], "uv_size": [1.25, 0.0625]},
								"down": {"uv": [19.625, 13.25], "uv_size": [1.25, -0.0625]}
							}
						},
						{
							"origin": [-8.73151, 8.39875, 16.2669],
							"size": [17.40685, 1.01794, 5.11322],
							"pivot": [-0.02808, 8.90772, 0.46135],
							"rotation": [0, 45, 0],
							"uv": {
								"north": {"uv": [20.125, 11.1875], "uv_size": [1.125, 0.0625]},
								"east": {"uv": [22.3125, 14.0625], "uv_size": [0.3125, 0.0625]},
								"south": {"uv": [20.125, 12.75], "uv_size": [1.125, 0.0625]},
								"west": {"uv": [22.3125, 14.125], "uv_size": [0.3125, 0.0625]},
								"up": {"uv": [17.3125, 0.625], "uv_size": [1.125, 0.3125]},
								"down": {"uv": [17.3125, 9.9375], "uv_size": [1.125, -0.3125]}
							}
						},
						{
							"origin": [-7.75272, 11.33512, 20.40133],
							"size": [11.53409, 1.01794, 2.93638],
							"pivot": [-0.02808, 8.90772, 0.46135],
							"rotation": [0, 45, 0],
							"uv": {
								"north": {"uv": [21.0625, 11.9375], "uv_size": [0.75, 0.0625]},
								"east": {"uv": [22.5, 10.5625], "uv_size": [0.1875, 0.0625]},
								"south": {"uv": [21.0625, 18.375], "uv_size": [0.75, 0.0625]},
								"west": {"uv": [22.5, 10.625], "uv_size": [0.1875, 0.0625]},
								"up": {"uv": [7.875, 10.1875], "uv_size": [0.75, 0.1875]},
								"down": {"uv": [11.375, 10.375], "uv_size": [0.75, -0.1875]}
							}
						},
						{
							"origin": [-3.78138, 9.41669, 23.33771],
							"size": [13.68744, 7.83035, 0.97879],
							"pivot": [0.02808, 8.90772, 0.46135],
							"rotation": [0, -45, 0],
							"uv": {
								"north": {"uv": [3.9375, 16.375], "uv_size": [0.875, 0.5]},
								"east": {"uv": [10.3125, 21.875], "uv_size": [0.0625, 0.5]},
								"south": {"uv": [16.375, 8.125], "uv_size": [0.875, 0.5]},
								"west": {"uv": [21.875, 10.6875], "uv_size": [0.0625, 0.5]},
								"up": {"uv": [20.75, 4], "uv_size": [0.875, 0.0625]},
								"down": {"uv": [20.75, 4.125], "uv_size": [0.875, -0.0625]}
							}
						},
						{
							"origin": [-3.78138, 11.33512, 20.40133],
							"size": [11.53409, 1.01794, 2.93638],
							"pivot": [0.02808, 8.90772, 0.46135],
							"rotation": [0, -45, 0],
							"uv": {
								"north": {"uv": [21.125, 2.5625], "uv_size": [0.75, 0.0625]},
								"east": {"uv": [22.5, 10.75], "uv_size": [0.1875, 0.0625]},
								"south": {"uv": [21.125, 6.125], "uv_size": [0.75, 0.0625]},
								"west": {"uv": [22.5, 10.8125], "uv_size": [0.1875, 0.0625]},
								"up": {"uv": [15, 11.125], "uv_size": [0.75, 0.1875]},
								"down": {"uv": [18.875, 9.875], "uv_size": [0.75, -0.1875]}
							}
						},
						{
							"origin": [-9.90607, 9.41669, 23.33771],
							"size": [13.68744, 7.83035, 0.97879],
							"pivot": [-0.02808, 8.90772, 0.46135],
							"rotation": [0, 45, 0],
							"uv": {
								"north": {"uv": [15.25, 16.25], "uv_size": [0.875, 0.5]},
								"east": {"uv": [8.1875, 21.875], "uv_size": [0.0625, 0.5]},
								"south": {"uv": [16.125, 16.25], "uv_size": [0.875, 0.5]},
								"west": {"uv": [8.25, 21.875], "uv_size": [0.0625, 0.5]},
								"up": {"uv": [20.75, 1.0625], "uv_size": [0.875, 0.0625]},
								"down": {"uv": [20.75, 2.4375], "uv_size": [0.875, -0.0625]}
							}
						},
						{
							"origin": [15.80476, 8.39875, -8.30796],
							"size": [5.11322, 1.01794, 17.40685],
							"uv": {
								"north": {"uv": [22.3125, 13.625], "uv_size": [0.3125, 0.0625]},
								"east": {"uv": [20.125, 10.8125], "uv_size": [1.125, 0.0625]},
								"south": {"uv": [22.3125, 14], "uv_size": [0.3125, 0.0625]},
								"west": {"uv": [20.125, 11.125], "uv_size": [1.125, 0.0625]},
								"up": {"uv": [0, 17.4375], "uv_size": [0.3125, 1.125]},
								"down": {"uv": [0.3125, 18.5625], "uv_size": [0.3125, -1.125]}
							}
						},
						{
							"origin": [-8.79739, 8.39875, -20.61646],
							"size": [17.40685, 1.01794, 5.15237],
							"uv": {
								"north": {"uv": [20.125, 10.6875], "uv_size": [1.125, 0.0625]},
								"east": {"uv": [22.3125, 13.5], "uv_size": [0.3125, 0.0625]},
								"south": {"uv": [20.125, 10.75], "uv_size": [1.125, 0.0625]},
								"west": {"uv": [22.3125, 13.5625], "uv_size": [0.3125, 0.0625]},
								"up": {"uv": [17.3125, 0], "uv_size": [1.125, 0.3125]},
								"down": {"uv": [17.3125, 0.625], "uv_size": [1.125, -0.3125]}
							}
						},
						{
							"origin": [15.77748, 8.39875, -8.37384],
							"size": [5.11322, 1.01794, 17.40685],
							"pivot": [-0.02808, 8.90772, 0.32959],
							"rotation": [0, 45, 0],
							"uv": {
								"north": {"uv": [22.3125, 13.375], "uv_size": [0.3125, 0.0625]},
								"east": {"uv": [20.125, 10.5625], "uv_size": [1.125, 0.0625]},
								"south": {"uv": [22.3125, 13.4375], "uv_size": [0.3125, 0.0625]},
								"west": {"uv": [20.125, 10.625], "uv_size": [1.125, 0.0625]},
								"up": {"uv": [14.0625, 17.25], "uv_size": [0.3125, 1.125]},
								"down": {"uv": [17.3125, 13.8125], "uv_size": [0.3125, -1.125]}
							}
						},
						{
							"origin": [9.90288, 16.60862, -0.57935],
							"size": [7.53279, 1.01794, 13.13149],
							"pivot": [-3.48311, 17.11759, 3.84871],
							"rotation": [0, 45, 0],
							"uv": {
								"north": {"uv": [20.25, 8.5625], "uv_size": [0.5, 0.0625]},
								"east": {"uv": [20.75, 8.1875], "uv_size": [0.8125, 0.0625]},
								"south": {"uv": [20.25, 15.9375], "uv_size": [0.5, 0.0625]},
								"west": {"uv": [20.75, 13.375], "uv_size": [0.8125, 0.0625]},
								"up": {"uv": [1.3125, 16.9375], "uv_size": [0.5, 0.8125]},
								"down": {"uv": [6.5625, 17.75], "uv_size": [0.5, -0.8125]}
							}
						},
						{
							"origin": [-10.68862, 16.70556, 16.8987],
							"size": [7.53279, 1.01794, 14.86199],
							"pivot": [-24.0746, 17.21454, 21.32675],
							"rotation": [0, 45, 0],
							"uv": {
								"north": {"uv": [20.375, 5.9375], "uv_size": [0.5, 0.0625]},
								"east": {"uv": [20.375, 10.9375], "uv_size": [0.9375, 0.0625]},
								"south": {"uv": [21.75, 5.8125], "uv_size": [0.5, 0.0625]},
								"west": {"uv": [20.375, 11], "uv_size": [0.9375, 0.0625]},
								"up": {"uv": [6.5625, 16], "uv_size": [0.5, 0.9375]},
								"down": {"uv": [3.4375, 17.0625], "uv_size": [0.5, -0.9375]}
							}
						},
						{
							"origin": [14.04095, 8.74623, -20.77924],
							"size": [1.41338, 2.85024, 15.87994],
							"pivot": [14.60082, 11.08752, -12.07582],
							"rotation": [-26.56505, 37.76124, -39.23152],
							"uv": {
								"north": {"uv": [2, 22.5], "uv_size": [0.0625, 0.1875]},
								"east": {"uv": [18.5625, 14.5625], "uv_size": [1, 0.1875]},
								"south": {"uv": [2.3125, 22.5], "uv_size": [0.0625, 0.1875]},
								"west": {"uv": [18.5625, 15.0625], "uv_size": [1, 0.1875]},
								"up": {"uv": [3, 20.375], "uv_size": [0.0625, 1]},
								"down": {"uv": [3.0625, 21.375], "uv_size": [0.0625, -1]}
							}
						},
						{
							"origin": [-15.64226, 11.59649, -18.03079],
							"size": [1.41338, 6.71844, 13.0297],
							"pivot": [-14.78874, 11.08752, -12.07582],
							"rotation": [-26.56505, -37.76124, 39.23152],
							"uv": {
								"north": {"uv": [13.125, 21.9375], "uv_size": [0.0625, 0.4375]},
								"east": {"uv": [0, 17], "uv_size": [0.8125, 0.4375]},
								"south": {"uv": [13.1875, 21.9375], "uv_size": [0.0625, 0.4375]},
								"west": {"uv": [5.625, 17], "uv_size": [0.8125, 0.4375]},
								"up": {"uv": [5.9375, 21.25], "uv_size": [0.0625, 0.8125]},
								"down": {"uv": [6, 22.0625], "uv_size": [0.0625, -0.8125]}
							}
						},
						{
							"origin": [-10.20531, 10.30123, -16.50341],
							"size": [1.3155, 6.31126, 2.54486],
							"pivot": [-9.44967, 13.76224, -15.23098],
							"rotation": [-51.56505, -37.76124, 39.23152],
							"uv": {
								"north": {"uv": [10.6875, 22.1875], "uv_size": [0.0625, 0.375]},
								"east": {"uv": [15.25, 20.125], "uv_size": [0.1875, 0.375]},
								"south": {"uv": [15.9375, 22.1875], "uv_size": [0.0625, 0.375]},
								"west": {"uv": [15.4375, 20.125], "uv_size": [0.1875, 0.375]},
								"up": {"uv": [3.3125, 22.5], "uv_size": [0.0625, 0.1875]},
								"down": {"uv": [22.5, 3.5], "uv_size": [0.0625, -0.1875]}
							}
						},
						{
							"origin": [-15.64226, 8.74623, -20.77924],
							"size": [1.41338, 2.85024, 15.77815],
							"pivot": [-14.78874, 11.08752, -12.07582],
							"rotation": [-26.56505, -37.76124, 39.23152],
							"uv": {
								"north": {"uv": [3.1875, 22.5], "uv_size": [0.0625, 0.1875]},
								"east": {"uv": [18.625, 0.9375], "uv_size": [1, 0.1875]},
								"south": {"uv": [3.25, 22.5], "uv_size": [0.0625, 0.1875]},
								"west": {"uv": [18.6875, 16.25], "uv_size": [1, 0.1875]},
								"up": {"uv": [10.1875, 20.375], "uv_size": [0.0625, 1]},
								"down": {"uv": [10.25, 21.375], "uv_size": [0.0625, -1]}
							}
						},
						{
							"origin": [14.04095, 11.59649, -18.03079],
							"size": [1.41338, 6.71844, 13.13149],
							"pivot": [14.60082, 11.08752, -12.07582],
							"rotation": [-26.56505, 37.76124, -39.23152],
							"uv": {
								"north": {"uv": [12.0625, 21.9375], "uv_size": [0.0625, 0.4375]},
								"east": {"uv": [16.9375, 13.9375], "uv_size": [0.8125, 0.4375]},
								"south": {"uv": [13.0625, 21.9375], "uv_size": [0.0625, 0.4375]},
								"west": {"uv": [16.9375, 15.0625], "uv_size": [0.8125, 0.4375]},
								"up": {"uv": [3.4375, 21.25], "uv_size": [0.0625, 0.8125]},
								"down": {"uv": [3.5, 22.0625], "uv_size": [0.0625, -0.8125]}
							}
						},
						{
							"origin": [8.70188, 10.30123, -16.50341],
							"size": [1.3155, 6.31126, 2.54486],
							"pivot": [9.26176, 13.76224, -15.23098],
							"rotation": [-51.56505, 37.76124, -39.23152],
							"uv": {
								"north": {"uv": [14.125, 22.125], "uv_size": [0.0625, 0.375]},
								"east": {"uv": [14.875, 20.125], "uv_size": [0.1875, 0.375]},
								"south": {"uv": [9.3125, 22.1875], "uv_size": [0.0625, 0.375]},
								"west": {"uv": [15.0625, 20.125], "uv_size": [0.1875, 0.375]},
								"up": {"uv": [2.375, 22.5], "uv_size": [0.0625, 0.1875]},
								"down": {"uv": [2.8125, 22.6875], "uv_size": [0.0625, -0.1875]}
							}
						},
						{
							"origin": [-22.05741, 13.33185, -0.41174],
							"size": [2.56836, 0.97879, 3.70374],
							"pivot": [-0.15985, 8.90772, 0.46135],
							"rotation": [0, 45, 0],
							"uv": {
								"north": {"uv": [22.5, 6.875], "uv_size": [0.1875, 0.0625]},
								"east": {"uv": [22.4375, 1.6875], "uv_size": [0.25, 0.0625]},
								"south": {"uv": [22.5, 7.625], "uv_size": [0.1875, 0.0625]},
								"west": {"uv": [22.4375, 5.875], "uv_size": [0.25, 0.0625]},
								"up": {"uv": [21.375, 6.25], "uv_size": [0.1875, 0.25]},
								"down": {"uv": [7.125, 21.625], "uv_size": [0.1875, -0.25]}
							}
						},
						{
							"origin": [-21.56801, 14.31065, 0.07766],
							"size": [1.58957, 0.97879, 1.74616],
							"pivot": [-0.15985, 8.90772, 0.46135],
							"rotation": [0, 45, 0],
							"uv": {
								"north": {"uv": [10.9375, 22.5625], "uv_size": [0.125, 0.0625]},
								"east": {"uv": [22.5625, 11.375], "uv_size": [0.125, 0.0625]},
								"south": {"uv": [22.5625, 11.4375], "uv_size": [0.125, 0.0625]},
								"west": {"uv": [22.5625, 11.5], "uv_size": [0.125, 0.0625]},
								"up": {"uv": [22.4375, 6], "uv_size": [0.125, 0.125]},
								"down": {"uv": [6.25, 22.5625], "uv_size": [0.125, -0.125]}
							}
						},
						{
							"origin": [-21.07861, 15.28944, 0.56705],
							"size": [0.61076, 2.93638, 0.76737],
							"pivot": [-0.15985, 8.90772, 0.46135],
							"rotation": [0, 45, 0],
							"uv": {
								"north": {"uv": [4.6875, 22.5], "uv_size": [0.0625, 0.1875]},
								"east": {"uv": [4.875, 22.5], "uv_size": [0.0625, 0.1875]},
								"south": {"uv": [4.9375, 22.5], "uv_size": [0.0625, 0.1875]},
								"west": {"uv": [5.3125, 22.5], "uv_size": [0.0625, 0.1875]},
								"up": {"uv": [22.625, 1.75], "uv_size": [0.0625, 0.0625]},
								"down": {"uv": [22.625, 1.875], "uv_size": [0.0625, -0.0625]}
							}
						},
						{
							"origin": [-20.88285, 18.22582, 0.76281],
							"size": [0.21925, 42.08811, 0.37585],
							"pivot": [-0.15985, 8.90772, 0.46135],
							"rotation": [0, 45, 0],
							"uv": {
								"north": {"uv": [10.125, 18.5], "uv_size": [0.0625, 2.6875]},
								"east": {"uv": [0.5625, 18.5625], "uv_size": [0.0625, 2.6875]},
								"south": {"uv": [4.5625, 18.6875], "uv_size": [0.0625, 2.6875]},
								"west": {"uv": [4.625, 18.6875], "uv_size": [0.0625, 2.6875]},
								"up": {"uv": [1.875, 22.625], "uv_size": [0.0625, 0.0625]},
								"down": {"uv": [22.625, 1.9375], "uv_size": [0.0625, -0.0625]}
							}
						},
						{
							"origin": [-5.33628, 16.60862, -17.14203],
							"size": [13.0297, 1.01794, 7.12561],
							"pivot": [3.36716, 17.11759, 3.77674],
							"rotation": [0, 45, 0],
							"uv": {
								"north": {"uv": [20.75, 14.25], "uv_size": [0.8125, 0.0625]},
								"east": {"uv": [21.875, 14.1875], "uv_size": [0.4375, 0.0625]},
								"south": {"uv": [20.8125, 3.8125], "uv_size": [0.8125, 0.0625]},
								"west": {"uv": [21.875, 15.0625], "uv_size": [0.4375, 0.0625]},
								"up": {"uv": [17, 6.3125], "uv_size": [0.8125, 0.4375]},
								"down": {"uv": [17, 7.1875], "uv_size": [0.8125, -0.4375]}
							}
						},
						{
							"origin": [14.10354, 16.70556, 2.00389],
							"size": [14.86199, 1.01794, 7.3292],
							"pivot": [22.80697, 17.21454, 23.12624],
							"rotation": [0, 45, 0],
							"uv": {
								"north": {"uv": [20.375, 11.0625], "uv_size": [0.9375, 0.0625]},
								"east": {"uv": [21.875, 15.125], "uv_size": [0.4375, 0.0625]},
								"south": {"uv": [20.375, 12.1875], "uv_size": [0.9375, 0.0625]},
								"west": {"uv": [21.875, 17.5625], "uv_size": [0.4375, 0.0625]},
								"up": {"uv": [9.6875, 16.5], "uv_size": [0.9375, 0.4375]},
								"down": {"uv": [5.625, 17], "uv_size": [0.9375, -0.4375]}
							}
						},
						{
							"origin": [10.30264, -14.1135, -6.8189],
							"size": [7.0708, 8.94617, 14.47048],
							"uv": {
								"north": {"uv": [12.125, 18.5], "uv_size": [0.4375, 0.5625]},
								"east": {"uv": [16.0625, 7.5625], "uv_size": [0.9375, 0.5625]},
								"south": {"uv": [18.5, 12.1875], "uv_size": [0.4375, 0.5625]},
								"west": {"uv": [16.0625, 14.5], "uv_size": [0.9375, 0.5625]},
								"up": {"uv": [4.375, 16.875], "uv_size": [0.4375, 0.9375]},
								"down": {"uv": [11.0625, 17.8125], "uv_size": [0.4375, -0.9375]}
							}
						},
						{
							"origin": [10.96747, -14.1135, -4.2351],
							"size": [7.0708, 8.84829, 14.47048],
							"pivot": [-2.88049, -13.60453, 2.51075],
							"rotation": [0, 45, 0],
							"uv": {
								"north": {"uv": [11.25, 18.5], "uv_size": [0.4375, 0.5625]},
								"east": {"uv": [16.0625, 6.4375], "uv_size": [0.9375, 0.5625]},
								"south": {"uv": [11.6875, 18.5], "uv_size": [0.4375, 0.5625]},
								"west": {"uv": [16.0625, 7], "uv_size": [0.9375, 0.5625]},
								"up": {"uv": [16.875, 0], "uv_size": [0.4375, 0.9375]},
								"down": {"uv": [3.9375, 17.8125], "uv_size": [0.4375, -0.9375]}
							}
						},
						{
							"origin": [-7.3292, -14.1135, -17.05109],
							"size": [14.47048, 8.94617, 7.10995],
							"uv": {
								"north": {"uv": [5.625, 16], "uv_size": [0.9375, 0.5625]},
								"east": {"uv": [8.75, 18.5], "uv_size": [0.4375, 0.5625]},
								"south": {"uv": [16, 13.9375], "uv_size": [0.9375, 0.5625]},
								"west": {"uv": [9.6875, 18.5], "uv_size": [0.4375, 0.5625]},
								"up": {"uv": [16.8125, 11.5625], "uv_size": [0.9375, 0.4375]},
								"down": {"uv": [13.4375, 17.25], "uv_size": [0.9375, -0.4375]}
							}
						},
						{
							"origin": [-5.03206, -14.1135, -18.40802],
							"size": [14.47048, 8.84829, 7.0708],
							"pivot": [2.69257, -13.60453, 2.51075],
							"rotation": [0, 45, 0],
							"uv": {
								"north": {"uv": [9.375, 15.9375], "uv_size": [0.9375, 0.5625]},
								"east": {"uv": [18.5, 4.875], "uv_size": [0.4375, 0.5625]},
								"south": {"uv": [10.3125, 15.9375], "uv_size": [0.9375, 0.5625]},
								"west": {"uv": [6.5625, 18.5], "uv_size": [0.4375, 0.5625]},
								"up": {"uv": [16.625, 16.75], "uv_size": [0.9375, 0.4375]},
								"down": {"uv": [16.8125, 11.5625], "uv_size": [0.9375, -0.4375]}
							}
						},
						{
							"origin": [0.8407, -5.2652, -16.45042],
							"size": [2.72495, 17.61828, 5.11322],
							"pivot": [2.69257, -13.60453, 2.51075],
							"rotation": [0, 45, 0],
							"uv": {
								"north": {"uv": [12.5625, 18.5], "uv_size": [0.1875, 1.125]},
								"east": {"uv": [13.4375, 17.25], "uv_size": [0.3125, 1.125]},
								"south": {"uv": [0.375, 18.5625], "uv_size": [0.1875, 1.125]},
								"west": {"uv": [13.75, 17.25], "uv_size": [0.3125, 1.125]},
								"up": {"uv": [21.1875, 6.25], "uv_size": [0.1875, 0.3125]},
								"down": {"uv": [21.1875, 9.3125], "uv_size": [0.1875, -0.3125]}
							}
						},
						{
							"origin": [0.8407, 12.35307, -16.45042],
							"size": [3.70374, 2.64274, 5.11322],
							"pivot": [2.69257, -10.66815, 2.51075],
							"rotation": [0, 45, 0],
							"uv": {
								"north": {"uv": [21.375, 5], "uv_size": [0.25, 0.1875]},
								"east": {"uv": [20.4375, 5.4375], "uv_size": [0.3125, 0.1875]},
								"south": {"uv": [21.375, 9], "uv_size": [0.25, 0.1875]},
								"west": {"uv": [20.4375, 14.125], "uv_size": [0.3125, 0.1875]},
								"up": {"uv": [5, 20.125], "uv_size": [0.25, 0.3125]},
								"down": {"uv": [20.125, 6], "uv_size": [0.25, -0.3125]}
							}
						},
						{
							"origin": [-9.40554, 12.35307, -12.2063],
							"size": [6.64013, 2.64274, 5.11322],
							"uv": {
								"north": {"uv": [19.625, 5.4375], "uv_size": [0.4375, 0.1875]},
								"east": {"uv": [20.5, 18.0625], "uv_size": [0.3125, 0.1875]},
								"south": {"uv": [19.625, 9.6875], "uv_size": [0.4375, 0.1875]},
								"west": {"uv": [20.6875, 1.25], "uv_size": [0.3125, 0.1875]},
								"up": {"uv": [19, 10.6875], "uv_size": [0.4375, 0.3125]},
								"down": {"uv": [19, 11.3125], "uv_size": [0.4375, -0.3125]}
							}
						},
						{
							"origin": [-17.56138, -14.1135, -6.8189],
							"size": [7.0708, 8.94617, 14.47048],
							"uv": {
								"north": {"uv": [15.6875, 18.4375], "uv_size": [0.4375, 0.5625]},
								"east": {"uv": [15.9375, 4.4375], "uv_size": [0.9375, 0.5625]},
								"south": {"uv": [3, 18.5], "uv_size": [0.4375, 0.5625]},
								"west": {"uv": [15.9375, 5.875], "uv_size": [0.9375, 0.5625]},
								"up": {"uv": [13, 16.6875], "uv_size": [0.4375, 0.9375]},
								"down": {"uv": [16.1875, 17.6875], "uv_size": [0.4375, -0.9375]}
							}
						},
						{
							"origin": [-16.09319, -1.25215, -2.90374],
							"size": [10.00718, 1.95758, 10.5553],
							"uv": {
								"north": {"uv": [19.625, 13.0625], "uv_size": [0.625, 0.125]},
								"east": {"uv": [19.5625, 3.6875], "uv_size": [0.6875, 0.125]},
								"south": {"uv": [19.6875, 13.8125], "uv_size": [0.625, 0.125]},
								"west": {"uv": [19.5625, 11.625], "uv_size": [0.6875, 0.125]},
								"up": {"uv": [12.625, 8.9375], "uv_size": [0.625, 0.6875]},
								"down": {"uv": [1.8125, 17.0625], "uv_size": [0.625, -0.6875]}
							}
						},
						{
							"origin": [-18.05078, -5.16732, -2.90374],
							"size": [1.95758, 14.6819, 1.74616],
							"uv": {
								"north": {"uv": [6.1875, 19.1875], "uv_size": [0.125, 0.9375]},
								"east": {"uv": [10.625, 19.1875], "uv_size": [0.125, 0.9375]},
								"south": {"uv": [13.875, 19.25], "uv_size": [0.125, 0.9375]},
								"west": {"uv": [14, 19.25], "uv_size": [0.125, 0.9375]},
								"up": {"uv": [16, 22.4375], "uv_size": [0.125, 0.125]},
								"down": {"uv": [16.375, 22.5625], "uv_size": [0.125, -0.125]}
							}
						},
						{
							"origin": [15.91335, -5.16732, -2.90374],
							"size": [1.95758, 14.6819, 1.74616],
							"uv": {
								"north": {"uv": [14.125, 19.25], "uv_size": [0.125, 0.9375]},
								"east": {"uv": [14.375, 19.25], "uv_size": [0.125, 0.9375]},
								"south": {"uv": [14.5, 19.25], "uv_size": [0.125, 0.9375]},
								"west": {"uv": [16.625, 19.25], "uv_size": [0.125, 0.9375]},
								"up": {"uv": [16.8125, 22.4375], "uv_size": [0.125, 0.125]},
								"down": {"uv": [16.9375, 22.5625], "uv_size": [0.125, -0.125]}
							}
						},
						{
							"origin": [-16.09319, 0.56714, 6.33527],
							"size": [10.00718, 9.78793, 1.74616],
							"pivot": [-11.08959, 3.69927, 7.20834],
							"rotation": [-5, 0, 0],
							"uv": {
								"north": {"uv": [16.875, 0.9375], "uv_size": [0.625, 0.625]},
								"east": {"uv": [20.0625, 16.5625], "uv_size": [0.125, 0.625]},
								"south": {"uv": [16.875, 4.375], "uv_size": [0.625, 0.625]},
								"west": {"uv": [20.0625, 18.9375], "uv_size": [0.125, 0.625]},
								"up": {"uv": [19.6875, 13.9375], "uv_size": [0.625, 0.125]},
								"down": {"uv": [19.9375, 8.8125], "uv_size": [0.625, -0.125]}
							}
						},
						{
							"origin": [5.92966, -1.25215, -2.90374],
							"size": [10.00718, 1.95758, 10.5553],
							"uv": {
								"north": {"uv": [20, 0.125], "uv_size": [0.625, 0.125]},
								"east": {"uv": [19.5625, 13.5625], "uv_size": [0.6875, 0.125]},
								"south": {"uv": [20, 0.25], "uv_size": [0.625, 0.125]},
								"west": {"uv": [19.5625, 14.625], "uv_size": [0.6875, 0.125]},
								"up": {"uv": [11.75, 16.375], "uv_size": [0.625, 0.6875]},
								"down": {"uv": [12.375, 17.0625], "uv_size": [0.625, -0.6875]}
							}
						},
						{
							"origin": [5.92966, 0.56714, 6.33527],
							"size": [10.00718, 9.78793, 1.74616],
							"pivot": [10.93325, 3.69927, 7.20834],
							"rotation": [-5, 0, 0],
							"uv": {
								"north": {"uv": [16.875, 5.6875], "uv_size": [0.625, 0.625]},
								"east": {"uv": [20.0625, 19.5625], "uv_size": [0.125, 0.625]},
								"south": {"uv": [16.9375, 1.75], "uv_size": [0.625, 0.625]},
								"west": {"uv": [4.4375, 20.125], "uv_size": [0.125, 0.625]},
								"up": {"uv": [19.9375, 8.8125], "uv_size": [0.625, 0.125]},
								"down": {"uv": [19.9375, 15.625], "uv_size": [0.625, -0.125]}
							}
						},
						{
							"origin": [-18.91831, -14.1135, -9.11604],
							"size": [7.0708, 8.84829, 14.47048],
							"pivot": [2.00045, -13.60453, -2.3702],
							"rotation": [0, 45, 0],
							"uv": {
								"north": {"uv": [18.4375, 2.0625], "uv_size": [0.4375, 0.5625]},
								"east": {"uv": [15.9375, 0.5625], "uv_size": [0.9375, 0.5625]},
								"south": {"uv": [18.4375, 9.3125], "uv_size": [0.4375, 0.5625]},
								"west": {"uv": [15.9375, 1.125], "uv_size": [0.9375, 0.5625]},
								"up": {"uv": [10.625, 16.5], "uv_size": [0.4375, 0.9375]},
								"down": {"uv": [7.125, 17.5625], "uv_size": [0.4375, -0.9375]}
							}
						},
						{
							"origin": [-7.3292, -14.1135, 10.81295],
							"size": [14.47048, 10.80587, 7.0708],
							"uv": {
								"north": {"uv": [15.125, 6.75], "uv_size": [0.9375, 0.6875]},
								"east": {"uv": [13, 17.625], "uv_size": [0.4375, 0.6875]},
								"south": {"uv": [15.125, 7.4375], "uv_size": [0.9375, 0.6875]},
								"west": {"uv": [17.625, 14.375], "uv_size": [0.4375, 0.6875]},
								"up": {"uv": [16.75, 12.25], "uv_size": [0.9375, 0.4375]},
								"down": {"uv": [15.25, 17.1875], "uv_size": [0.9375, -0.4375]}
							}
						},
						{
							"origin": [-9.91302, -14.1135, 11.47777],
							"size": [14.47048, 8.84829, 7.0708],
							"pivot": [-2.18838, -13.60453, -2.3702],
							"rotation": [0, 45, 0],
							"uv": {
								"north": {"uv": [15.875, 11.6875], "uv_size": [0.9375, 0.5625]},
								"east": {"uv": [5.0625, 18.1875], "uv_size": [0.4375, 0.5625]},
								"south": {"uv": [15.9375, 0], "uv_size": [0.9375, 0.5625]},
								"west": {"uv": [9.25, 18.25], "uv_size": [0.4375, 0.5625]},
								"up": {"uv": [16.625, 15.6875], "uv_size": [0.9375, 0.4375]},
								"down": {"uv": [2.5, 17.125], "uv_size": [0.9375, -0.4375]}
							}
						},
						{
							"origin": [5.50116, 8.9476, 15.90955],
							"size": [15.16737, 8.65252, 1.21762],
							"pivot": [11.96511, 9.55837, 15.45148],
							"rotation": [16, 45, 0],
							"uv": {
								"north": {"uv": [15.25, 5.3125], "uv_size": [0.9375, 0.5625]},
								"east": {"uv": [5.8125, 21.6875], "uv_size": [0.0625, 0.5625]},
								"south": {"uv": [15.5, 10], "uv_size": [0.9375, 0.5625]},
								"west": {"uv": [6.875, 21.6875], "uv_size": [0.0625, 0.5625]},
								"up": {"uv": [20.25, 11.625], "uv_size": [0.9375, 0.0625]},
								"down": {"uv": [20.25, 11.75], "uv_size": [0.9375, -0.0625]}
							}
						},
						{
							"origin": [20.66855, 8.9476, 15.90955],
							"size": [1.73051, 0.50897, 1.21762],
							"pivot": [11.96511, 9.55837, 15.45148],
							"rotation": [16, 45, 0],
							"uv": {
								"north": {"uv": [22, 22.5], "uv_size": [0.125, 0.0625]},
								"east": {"uv": [22.5, 22.5625], "uv_size": [0.0625, 0.0625]},
								"south": {"uv": [22.125, 22.5], "uv_size": [0.125, 0.0625]},
								"west": {"uv": [22.5625, 22.5625], "uv_size": [0.0625, 0.0625]},
								"up": {"uv": [22.25, 22.5], "uv_size": [0.125, 0.0625]},
								"down": {"uv": [22.5, 22.375], "uv_size": [0.125, -0.0625]}
							}
						},
						{
							"origin": [20.52019, 7.31769, 14.8068],
							"size": [2.03589, 7.3292, 1.11973],
							"pivot": [13.85265, 7.62308, 14.34872],
							"rotation": [0.44263, 47.17707, -21.47003],
							"uv": {
								"north": {"uv": [20.875, 21.1875], "uv_size": [0.125, 0.4375]},
								"east": {"uv": [13.25, 21.9375], "uv_size": [0.0625, 0.4375]},
								"south": {"uv": [21.25, 0.4375], "uv_size": [0.125, 0.4375]},
								"west": {"uv": [13.3125, 21.9375], "uv_size": [0.0625, 0.4375]},
								"up": {"uv": [21.5625, 22.5], "uv_size": [0.125, 0.0625]},
								"down": {"uv": [21.875, 22.5625], "uv_size": [0.125, -0.0625]}
							}
						},
						{
							"origin": [-20.78449, 8.9476, 15.83757],
							"size": [15.16737, 8.65252, 1.21762],
							"pivot": [-12.08106, 9.55837, 15.3795],
							"rotation": [16, -45, 0],
							"uv": {
								"north": {"uv": [14.75, 15.6875], "uv_size": [0.9375, 0.5625]},
								"east": {"uv": [20.1875, 21.6875], "uv_size": [0.0625, 0.5625]},
								"south": {"uv": [15.6875, 15.6875], "uv_size": [0.9375, 0.5625]},
								"west": {"uv": [0.1875, 21.75], "uv_size": [0.0625, 0.5625]},
								"up": {"uv": [20.25, 13.5625], "uv_size": [0.9375, 0.0625]},
								"down": {"uv": [20.25, 13.6875], "uv_size": [0.9375, -0.0625]}
							}
						},
						{
							"origin": [-22.515, 8.9476, 15.83757],
							"size": [1.73051, 0.50897, 1.21762],
							"pivot": [-12.08106, 9.55837, 15.3795],
							"rotation": [16, -45, 0],
							"uv": {
								"north": {"uv": [22.5625, 0.3125], "uv_size": [0.125, 0.0625]},
								"east": {"uv": [22.625, 0], "uv_size": [0.0625, 0.0625]},
								"south": {"uv": [22.5625, 0.375], "uv_size": [0.125, 0.0625]},
								"west": {"uv": [22.625, 0.0625], "uv_size": [0.0625, 0.0625]},
								"up": {"uv": [22.5625, 0.4375], "uv_size": [0.125, 0.0625]},
								"down": {"uv": [22.5625, 0.5625], "uv_size": [0.125, -0.0625]}
							}
						},
						{
							"origin": [-22.67203, 7.31769, 14.73482],
							"size": [2.03589, 7.3292, 1.11973],
							"pivot": [-13.96861, 7.62308, 14.27675],
							"rotation": [0.44263, -47.17707, 21.47003],
							"uv": {
								"north": {"uv": [0.75, 21.25], "uv_size": [0.125, 0.4375]},
								"east": {"uv": [13.375, 21.9375], "uv_size": [0.0625, 0.4375]},
								"south": {"uv": [21.25, 2.9375], "uv_size": [0.125, 0.4375]},
								"west": {"uv": [13.4375, 21.9375], "uv_size": [0.0625, 0.4375]},
								"up": {"uv": [22.5, 22.4375], "uv_size": [0.125, 0.0625]},
								"down": {"uv": [22.5, 22.5625], "uv_size": [0.125, -0.0625]}
							}
						},
						{
							"origin": [-7.25514, 9.00129, 18.72935],
							"size": [14.35302, 8.65252, 1.21762],
							"pivot": [-0.07862, 16.12692, 19.28923],
							"rotation": [12.5, 0, 0],
							"uv": {
								"north": {"uv": [4.0625, 15.8125], "uv_size": [0.9375, 0.5625]},
								"east": {"uv": [0.25, 21.75], "uv_size": [0.0625, 0.5625]},
								"south": {"uv": [15.875, 11.125], "uv_size": [0.9375, 0.5625]},
								"west": {"uv": [14.4375, 21.75], "uv_size": [0.0625, 0.5625]},
								"up": {"uv": [20.375, 2.75], "uv_size": [0.9375, 0.0625]},
								"down": {"uv": [20.375, 2.875], "uv_size": [0.9375, -0.0625]}
							}
						},
						{
							"origin": [-7.96016, 9.04251, 19.45365],
							"size": [1.42513, 7.63458, 1.11973],
							"pivot": [-7.40028, 12.85981, 20.01353],
							"rotation": [12.29711, -2.2605, 10.25645],
							"uv": {
								"north": {"uv": [9.625, 21.8125], "uv_size": [0.0625, 0.5]},
								"east": {"uv": [9.6875, 21.8125], "uv_size": [0.0625, 0.5]},
								"south": {"uv": [9.75, 21.8125], "uv_size": [0.0625, 0.5]},
								"west": {"uv": [9.8125, 21.8125], "uv_size": [0.0625, 0.5]},
								"up": {"uv": [0.125, 22.625], "uv_size": [0.0625, 0.0625]},
								"down": {"uv": [22.625, 0.1875], "uv_size": [0.0625, -0.0625]}
							}
						},
						{
							"origin": [6.3778, 9.04251, 19.45365],
							"size": [1.42513, 7.63458, 1.11973],
							"pivot": [7.24305, 12.85981, 20.01353],
							"rotation": [12.29711, 2.2605, -10.25645],
							"uv": {
								"north": {"uv": [21.8125, 10.6875], "uv_size": [0.0625, 0.5]},
								"east": {"uv": [11.1875, 21.8125], "uv_size": [0.0625, 0.5]},
								"south": {"uv": [11.25, 21.8125], "uv_size": [0.0625, 0.5]},
								"west": {"uv": [11.3125, 21.8125], "uv_size": [0.0625, 0.5]},
								"up": {"uv": [22.625, 0.1875], "uv_size": [0.0625, 0.0625]},
								"down": {"uv": [22.625, 0.3125], "uv_size": [0.0625, -0.0625]}
							}
						}
					]
				},
				{
					"name": "pturi",
					"parent": "bashnya2",
					"pivot": [-0.19576, -43.12043, -39.08609]
				},
				{
					"name": "bone13",
					"parent": "bashnya2",
					"pivot": [-0.19576, 3.95953, -17.45476]
				},
				{
					"name": "bone4",
					"parent": "bashnya2",
					"pivot": [-0.19576, -43.12043, -39.08609]
				},
				{
					"name": "bone5",
					"parent": "bashnya2",
					"pivot": [-0.19576, -43.12043, -39.08609]
				},
				{
					"name": "bone8",
					"parent": "bashnya2",
					"pivot": [0.44046, -43.12043, 28.35276]
				},
				{
					"name": "pushka",
					"parent": "bashnya2",
					"pivot": [0.91093, 13.94199, -13.01826],
					"cubes": [
						{
							"origin": [-14.48422, 3.6333, -16.25846],
							"size": [1.07667, 8.22304, 1.35583],
							"pivot": [-10.99422, 10.9259, -17.5943],
							"rotation": [90, 0, 0],
							"uv": {
								"north": {"uv": [13.9375, 21.8125], "uv_size": [0.0625, 0.5]},
								"east": {"uv": [18.0625, 21.8125], "uv_size": [0.0625, 0.5]},
								"south": {"uv": [18.875, 21.8125], "uv_size": [0.0625, 0.5]},
								"west": {"uv": [20.0625, 21.8125], "uv_size": [0.0625, 0.5]},
								"up": {"uv": [22.625, 3.5625], "uv_size": [0.0625, 0.0625]},
								"down": {"uv": [22.625, 3.6875], "uv_size": [0.0625, -0.0625]}
							}
						},
						{
							"origin": [-13.40755, 8.52727, -16.25846],
							"size": [4.82663, 1.37149, 1.35583],
							"pivot": [-10.99422, 10.9259, -17.5943],
							"rotation": [90, 0, 0],
							"uv": {
								"north": {"uv": [22.3125, 11.0625], "uv_size": [0.3125, 0.0625]},
								"east": {"uv": [1.5625, 22.625], "uv_size": [0.0625, 0.0625]},
								"south": {"uv": [22.3125, 11.125], "uv_size": [0.3125, 0.0625]},
								"west": {"uv": [22.625, 1.5625], "uv_size": [0.0625, 0.0625]},
								"up": {"uv": [22.3125, 12.1875], "uv_size": [0.3125, 0.0625]},
								"down": {"uv": [22.3125, 12.3125], "uv_size": [0.3125, -0.0625]}
							}
						},
						{
							"origin": [-8.58091, 8.52727, -16.25846],
							"size": [1.07667, 3.32907, 1.35583],
							"pivot": [-10.99422, 10.9259, -17.5943],
							"rotation": [90, 0, 0],
							"uv": {
								"north": {"uv": [6.5, 22.5], "uv_size": [0.0625, 0.1875]},
								"east": {"uv": [7.125, 22.5], "uv_size": [0.0625, 0.1875]},
								"south": {"uv": [7.1875, 22.5], "uv_size": [0.0625, 0.1875]},
								"west": {"uv": [7.375, 22.5], "uv_size": [0.0625, 0.1875]},
								"up": {"uv": [3.6875, 22.625], "uv_size": [0.0625, 0.0625]},
								"down": {"uv": [22.625, 3.75], "uv_size": [0.0625, -0.0625]}
							}
						},
						{
							"origin": [-13.44434, 11.46365, -19.79659],
							"size": [4.89397, 4.89397, 2.93638],
							"uv": {
								"north": {"uv": [12.0625, 19.375], "uv_size": [0.3125, 0.3125]},
								"east": {"uv": [21.1875, 4.875], "uv_size": [0.1875, 0.3125]},
								"south": {"uv": [19.375, 19.1875], "uv_size": [0.3125, 0.3125]},
								"west": {"uv": [5.3125, 21.1875], "uv_size": [0.1875, 0.3125]},
								"up": {"uv": [17.6875, 12.5], "uv_size": [0.3125, 0.1875]},
								"down": {"uv": [20.375, 15.25], "uv_size": [0.3125, -0.1875]}
							}
						},
						{
							"origin": [-0.09253, 13.48194, -27.76729],
							"size": [1.8323, 1.52692, 10.17944],
							"uv": {
								"north": {"uv": [16.875, 6.3125], "uv_size": [0.125, 0.125]},
								"east": {"uv": [17, 14.9375], "uv_size": [0.625, 0.125]},
								"south": {"uv": [18.875, 8.125], "uv_size": [0.125, 0.125]},
								"west": {"uv": [19.625, 12.4375], "uv_size": [0.625, 0.125]},
								"up": {"uv": [9, 19.6875], "uv_size": [0.125, 0.625]},
								"down": {"uv": [12.25, 20.3125], "uv_size": [0.125, -0.625]}
							}
						},
						{
							"origin": [-1.41587, 13.48194, -27.76729],
							"size": [1.32332, 1.52692, 1.01794],
							"uv": {
								"north": {"uv": [1.625, 22.5625], "uv_size": [0.0625, 0.125]},
								"east": {"uv": [1.6875, 22.5625], "uv_size": [0.0625, 0.125]},
								"south": {"uv": [1.75, 22.5625], "uv_size": [0.0625, 0.125]},
								"west": {"uv": [1.8125, 22.5625], "uv_size": [0.0625, 0.125]},
								"up": {"uv": [22.625, 0.5625], "uv_size": [0.0625, 0.0625]},
								"down": {"uv": [22.625, 0.6875], "uv_size": [0.0625, -0.0625]}
							}
						},
						{
							"origin": [-3.14636, 13.48194, -17.58785],
							"size": [4.88613, 1.52692, 2.03589],
							"uv": {
								"north": {"uv": [13.375, 21.6875], "uv_size": [0.3125, 0.125]},
								"east": {"uv": [16.5625, 22.375], "uv_size": [0.125, 0.125]},
								"south": {"uv": [13.6875, 21.6875], "uv_size": [0.3125, 0.125]},
								"west": {"uv": [22.375, 16.625], "uv_size": [0.125, 0.125]},
								"up": {"uv": [21.6875, 15.9375], "uv_size": [0.3125, 0.125]},
								"down": {"uv": [17.8125, 21.8125], "uv_size": [0.3125, -0.125]}
							}
						},
						{
							"origin": [3.1649, 13.68553, -16.4681],
							"size": [1.22154, 1.22154, 0.91616],
							"uv": {
								"north": {"uv": [21.5625, 22.5625], "uv_size": [0.0625, 0.0625]},
								"east": {"uv": [22.5625, 21.5625], "uv_size": [0.0625, 0.0625]},
								"south": {"uv": [21.625, 22.5625], "uv_size": [0.0625, 0.0625]},
								"west": {"uv": [22.5625, 21.625], "uv_size": [0.0625, 0.0625]},
								"up": {"uv": [22.5625, 21.6875], "uv_size": [0.0625, 0.0625]},
								"down": {"uv": [22.5625, 21.8125], "uv_size": [0.0625, -0.0625]}
							}
						},
						{
							"origin": [3.47028, 13.99091, -17.48604],
							"size": [0.61076, 0.61076, 8.84829],
							"pivot": [3.77566, 14.24541, -16.56989],
							"rotation": [0, 0, -45],
							"uv": {
								"north": {"uv": [21.8125, 22.5625], "uv_size": [0.0625, 0.0625]},
								"east": {"uv": [21.625, 3.25], "uv_size": [0.5625, 0.0625]},
								"south": {"uv": [22.5625, 21.8125], "uv_size": [0.0625, 0.0625]},
								"west": {"uv": [21.625, 5.125], "uv_size": [0.5625, 0.0625]},
								"up": {"uv": [5.1875, 21.5625], "uv_size": [0.0625, 0.5625]},
								"down": {"uv": [8.3125, 22.125], "uv_size": [0.0625, -0.5625]}
							}
						},
						{
							"origin": [3.36848, 13.88912, -19.01296],
							"size": [0.81435, 0.81435, 1.52692],
							"pivot": [3.77566, 14.24541, -18.3004],
							"rotation": [0, 0, -45],
							"uv": {
								"north": {"uv": [21.875, 22.5625], "uv_size": [0.0625, 0.0625]},
								"east": {"uv": [22.125, 11.25], "uv_size": [0.125, 0.0625]},
								"south": {"uv": [22.5625, 21.875], "uv_size": [0.0625, 0.0625]},
								"west": {"uv": [22.5, 11.625], "uv_size": [0.125, 0.0625]},
								"up": {"uv": [18.9375, 22.5], "uv_size": [0.0625, 0.125]},
								"down": {"uv": [19, 22.625], "uv_size": [0.0625, -0.125]}
							}
						},
						{
							"origin": [-8.72941, 13.15819, -15.88267],
							"size": [17.2111, 2.01632, 4.83915],
							"uv": {
								"north": {"uv": [19, 18.3125], "uv_size": [0.8125, 0.125]},
								"east": {"uv": [21.6875, 8.5], "uv_size": [0.3125, 0.125]},
								"south": {"uv": [19.0625, 0.75], "uv_size": [0.8125, 0.125]},
								"west": {"uv": [21.6875, 9.125], "uv_size": [0.3125, 0.125]},
								"up": {"uv": [17.5, 9.3125], "uv_size": [0.8125, 0.3125]},
								"down": {"uv": [17.5625, 16], "uv_size": [0.8125, -0.3125]}
							}
						},
						{
							"origin": [-3.15029, 12.96243, -11.63078],
							"size": [5.36769, 2.50571, 5.48125],
							"uv": {
								"north": {"uv": [20.4375, 0.9375], "uv_size": [0.3125, 0.1875]},
								"east": {"uv": [20.125, 18.0625], "uv_size": [0.375, 0.1875]},
								"south": {"uv": [20.4375, 4], "uv_size": [0.3125, 0.1875]},
								"west": {"uv": [18.625, 20.125], "uv_size": [0.375, 0.1875]},
								"up": {"uv": [7.5625, 15.875], "uv_size": [0.3125, 0.375]},
								"down": {"uv": [1.8125, 16.3125], "uv_size": [0.3125, -0.375]}
							}
						},
						{
							"origin": [3.19622, 13.51056, -9.6732],
							"size": [0.97879, 0.97879, 6.46004],
							"uv": {
								"north": {"uv": [2.625, 22.625], "uv_size": [0.0625, 0.0625]},
								"east": {"uv": [21.875, 17.625], "uv_size": [0.4375, 0.0625]},
								"south": {"uv": [2.6875, 22.625], "uv_size": [0.0625, 0.0625]},
								"west": {"uv": [21.875, 17.6875], "uv_size": [0.4375, 0.0625]},
								"up": {"uv": [13.625, 21.9375], "uv_size": [0.0625, 0.4375]},
								"down": {"uv": [13.6875, 22.375], "uv_size": [0.0625, -0.4375]}
							}
						},
						{
							"origin": [-1.1927, 12.96243, -6.14955],
							"size": [3.41011, 2.50571, 1.95758],
							"uv": {
								"north": {"uv": [4.9375, 21.8125], "uv_size": [0.1875, 0.1875]},
								"east": {"uv": [22.25, 22.125], "uv_size": [0.125, 0.1875]},
								"south": {"uv": [21.8125, 6.8125], "uv_size": [0.1875, 0.1875]},
								"west": {"uv": [0.1875, 22.3125], "uv_size": [0.125, 0.1875]},
								"up": {"uv": [22.3125, 0.3125], "uv_size": [0.1875, 0.125]},
								"down": {"uv": [22.3125, 0.5625], "uv_size": [0.1875, -0.125]}
							}
						},
						{
							"origin": [3.7075, 13.0603, -4.93635],
							"size": [2.72495, 2.30996, 1.95758],
							"pivot": [4.08433, 13.91435, -12.78973],
							"rotation": [0, -45, 0],
							"uv": {
								"north": {"uv": [22.3125, 0.5625], "uv_size": [0.1875, 0.125]},
								"east": {"uv": [17.3125, 22.4375], "uv_size": [0.125, 0.125]},
								"south": {"uv": [22.3125, 0.6875], "uv_size": [0.1875, 0.125]},
								"west": {"uv": [17.4375, 22.4375], "uv_size": [0.125, 0.125]},
								"up": {"uv": [0.75, 22.3125], "uv_size": [0.1875, 0.125]},
								"down": {"uv": [22.3125, 0.9375], "uv_size": [0.1875, -0.125]}
							}
						},
						{
							"origin": [-8.72941, 12.82051, -15.51437],
							"size": [17.2111, 2.01632, 4.83915],
							"pivot": [-0.1307, 13.55294, -13.67221],
							"rotation": [45, 0, 0],
							"uv": {
								"north": {"uv": [19.25, 14.1875], "uv_size": [0.8125, 0.125]},
								"east": {"uv": [11.8125, 21.6875], "uv_size": [0.3125, 0.125]},
								"south": {"uv": [19.3125, 0], "uv_size": [0.8125, 0.125]},
								"west": {"uv": [13.0625, 21.6875], "uv_size": [0.3125, 0.125]},
								"up": {"uv": [17.75, 15.0625], "uv_size": [0.8125, 0.3125]},
								"down": {"uv": [17.9375, 2.0625], "uv_size": [0.8125, -0.3125]}
							}
						},
						{
							"origin": [-8.72941, 13.61959, -15.87711],
							"size": [17.2111, 2.01632, 4.83915],
							"pivot": [-0.1307, 14.40374, -14.00292],
							"rotation": [-45, 0, 0],
							"uv": {
								"north": {"uv": [19.125, 1.5], "uv_size": [0.8125, 0.125]},
								"east": {"uv": [9.25, 21.6875], "uv_size": [0.3125, 0.125]},
								"south": {"uv": [19.125, 15.5], "uv_size": [0.8125, 0.125]},
								"west": {"uv": [9.5625, 21.6875], "uv_size": [0.3125, 0.125]},
								"up": {"uv": [17.6875, 9], "uv_size": [0.8125, 0.3125]},
								"down": {"uv": [17.6875, 12.5], "uv_size": [0.8125, -0.3125]}
							}
						},
						{
							"origin": [-8.72941, 13.94975, -15.50732],
							"size": [17.2111, 2.01632, 4.83915],
							"pivot": [-0.1307, 14.74979, -13.65686],
							"rotation": [-90, 0, 0],
							"uv": {
								"north": {"uv": [19.25, 9.5625], "uv_size": [0.8125, 0.125]},
								"east": {"uv": [11.1875, 21.6875], "uv_size": [0.3125, 0.125]},
								"south": {"uv": [19.25, 14.0625], "uv_size": [0.8125, 0.125]},
								"west": {"uv": [11.5, 21.6875], "uv_size": [0.3125, 0.125]},
								"up": {"uv": [17.75, 11.625], "uv_size": [0.8125, 0.3125]},
								"down": {"uv": [17.75, 14.25], "uv_size": [0.8125, -0.3125]}
							}
						}
					]
				},
				{
					"name": "stvol",
					"parent": "pushka",
					"pivot": [0, -8.8, 0],
					"cubes": [
						{
							"origin": [-1.11047, 13.68553, -60.34153],
							"size": [1.06885, 1.06885, 42.75369],
							"pivot": [-0.57606, 14.21995, -44.05441],
							"rotation": [0, 0, 45],
							"uv": {
								"north": {"uv": [18.0625, 10.8125], "uv_size": [0.0625, 0.0625]},
								"east": {"uv": [18.6875, 18.5], "uv_size": [2.75, 0.0625]},
								"south": {"uv": [19.0625, 1.5], "uv_size": [0.0625, 0.0625]},
								"west": {"uv": [18.6875, 18.5625], "uv_size": [2.75, 0.0625]},
								"up": {"uv": [16.375, 18.4375], "uv_size": [0.0625, 2.75]},
								"down": {"uv": [9.1875, 21.25], "uv_size": [0.0625, -2.75]}
							}
						},
						{
							"origin": [-1.97573, 13.43104, -63.34446],
							"size": [2.79936, 1.47601, 3.05383],
							"uv": {
								"north": {"uv": [21.9375, 7.125], "uv_size": [0.1875, 0.125]},
								"east": {"uv": [21.9375, 7.75], "uv_size": [0.1875, 0.125]},
								"south": {"uv": [21.9375, 8.25], "uv_size": [0.1875, 0.125]},
								"west": {"uv": [21.9375, 8.375], "uv_size": [0.1875, 0.125]},
								"up": {"uv": [21.6875, 21.5625], "uv_size": [0.1875, 0.1875]},
								"down": {"uv": [0, 21.9375], "uv_size": [0.1875, -0.1875]}
							}
						}
					],
					"locators": {
						"stvol": [-0.6325, 14.165, -61.6]
					}
				},
				{
					"name": "gilza",
					"parent": "pushka",
					"pivot": [-2.64117, 13.14507, -15.51472],
					"cubes": [
						{
							"origin": [-3.02617, 13.56007, -14.61409],
							"size": [0.77, 0.77, 0.11],
							"uv": {
								"north": {"uv": [31.88125, 0], "uv_size": [0.03125, 0.03125]},
								"east": {"uv": [31.88125, 0], "uv_size": [0.00625, 0.03125]},
								"south": {"uv": [31.88125, 0], "uv_size": [0.03125, 0.03125]},
								"west": {"uv": [31.88125, 0], "uv_size": [0.00625, 0.03125]},
								"up": {"uv": [31.9125, 0.00625], "uv_size": [-0.03125, -0.00625]},
								"down": {"uv": [31.9125, 0.00625], "uv_size": [-0.03125, -0.00625]}
							}
						},
						{
							"origin": [-3.02617, 13.56007, -16.75909],
							"size": [0.77, 0.77, 2.09],
							"uv": {
								"north": {"uv": [31.88125, 0], "uv_size": [0.03125, 0.03125]},
								"east": {"uv": [31.88125, 0], "uv_size": [0.11875, 0.03125]},
								"south": {"uv": [31.88125, 0], "uv_size": [0.03125, 0.03125]},
								"west": {"uv": [31.88125, 0], "uv_size": [0.11875, 0.03125]},
								"up": {"uv": [31.9125, 0.11875], "uv_size": [-0.03125, -0.11875]},
								"down": {"uv": [31.9125, 0.11875], "uv_size": [-0.03125, -0.11875]}
							}
						},
						{
							"origin": [-2.99867, 13.58757, -17.52909],
							"size": [0.715, 0.715, 0.77],
							"uv": {
								"north": {"uv": [31.88125, 0], "uv_size": [0.02812, 0.02813]},
								"east": {"uv": [31.88125, 0], "uv_size": [0.04375, 0.02813]},
								"south": {"uv": [31.88125, 0], "uv_size": [0.02812, 0.02813]},
								"west": {"uv": [31.88125, 0], "uv_size": [0.04375, 0.02813]},
								"up": {"uv": [31.90938, 0.04375], "uv_size": [-0.02812, -0.04375]},
								"down": {"uv": [31.90938, 0.04375], "uv_size": [-0.02812, -0.04375]}
							}
						},
						{
							"origin": [-2.97117, 13.61507, -14.66909],
							"size": [0.66, 0.66, 0.055],
							"uv": {
								"north": {"uv": [31.88125, 0], "uv_size": [0.025, 0.025]},
								"east": {"uv": [31.88125, 0], "uv_size": [0.00156, 0.025]},
								"south": {"uv": [31.88125, 0], "uv_size": [0.025, 0.025]},
								"west": {"uv": [31.88125, 0], "uv_size": [0.00156, 0.025]},
								"up": {"uv": [31.90625, 0.00156], "uv_size": [-0.025, -0.00156]},
								"down": {"uv": [31.90625, 0.00156], "uv_size": [-0.025, -0.00156]}
							}
						}
					]
				}
			]
		}
	]
}