{
	"format_version": "1.12.0",
	"minecraft:geometry": [
		{
			"description": {
				"identifier": "geometry.bmp2d_gusla",
				"texture_width": 256,
				"texture_height": 256,
				"visible_bounds_width": 12,
				"visible_bounds_height": 5,
				"visible_bounds_offset": [0, 1.5, 0]
			},
			"bones": [
				{
					"name": "bone2",
					"pivot": [3, 0, 0]
				},
				{
					"name": "bone",
					"parent": "bone2",
					"pivot": [3.3, -0.99, -17.83477]
				},
				{
					"name": "bone15",
					"parent": "bone",
					"pivot": [28.77072, 26.25877, -46.73127],
					"rotation": [-7.5, 0, 0]
				},
				{
					"name": "bone3",
					"parent": "bone",
					"pivot": [23.38405, 19.69454, 62.92061]
				},
				{
					"name": "bone6",
					"parent": "bone",
					"pivot": [-16.78405, 19.69454, 62.92061]
				},
				{
					"name": "head",
					"parent": "bone2",
					"pivot": [3.72001, 39.28405, 13.71146]
				},
				{
					"name": "pturi",
					"parent": "head",
					"pivot": [3.102, -13.761, -26.20027]
				},
				{
					"name": "bone13",
					"parent": "head",
					"pivot": [3.102, 33.858, -4.32127]
				},
				{
					"name": "bone4",
					"parent": "head",
					"pivot": [3.102, -13.761, -26.20027]
				},
				{
					"name": "bone5",
					"parent": "head",
					"pivot": [3.102, -13.761, -26.20027]
				},
				{
					"name": "bone8",
					"parent": "head",
					"pivot": [3.7455, -13.761, 42.01073]
				},
				{
					"name": "pushka",
					"parent": "head",
					"pivot": [4.22136, 35.86317, 0.16602]
				},
				{
					"name": "katki",
					"parent": "bone2",
					"pivot": [-1.65, 19.87036, 58.14773]
				},
				{
					"name": "gusla",
					"parent": "bone2",
					"pivot": [27.082, 6.36781, 52.1889],
					"cubes": [
						{
							"origin": [-26.92055, 5.89756, 40.11364],
							"size": [5.643, 0.9405, 14.1075],
							"pivot": [-24.09905, 6.36781, 49.98889],
							"rotation": [35, 0, 0],
							"uv": {
								"north": {"uv": [48, 70], "uv_size": [6, 1]},
								"east": {"uv": [72, 10], "uv_size": [15, 1]},
								"south": {"uv": [60, 70], "uv_size": [6, 1]},
								"west": {"uv": [72, 11], "uv_size": [15, 1]},
								"up": {"uv": [54, 21], "uv_size": [6, 15]},
								"down": {"uv": [54, 51], "uv_size": [6, -15]}
							}
						},
						{
							"origin": [-26.92055, 0.31839, -30.87071],
							"size": [5.643, 0.9405, 73.04],
							"uv": {
								"north": {"uv": [60, 68], "uv_size": [6, 1]},
								"east": {"uv": [60, 4], "uv_size": [80, 1]},
								"south": {"uv": [60, 69], "uv_size": [6, 1]},
								"west": {"uv": [60, 5], "uv_size": [80, 1]},
								"up": {"uv": [24, 0], "uv_size": [6, 80]},
								"down": {"uv": [30, 80], "uv_size": [6, -80]}
							}
						},
						{
							"origin": [-26.92055, 12.05085, 42.21126],
							"size": [5.643, 4.8906, 0.9405],
							"pivot": [-0.82168, 15.06045, 49.73526],
							"rotation": [135, 0, 0],
							"uv": {
								"north": {"uv": [66, 20], "uv_size": [6, 5]},
								"east": {"uv": [60, 72], "uv_size": [1, 5]},
								"south": {"uv": [66, 25], "uv_size": [6, 5]},
								"west": {"uv": [72, 60], "uv_size": [1, 5]},
								"up": {"uv": [72, 18], "uv_size": [6, 1]},
								"down": {"uv": [72, 20], "uv_size": [6, -1]}
							}
						},
						{
							"origin": [-26.92055, 20.33279, 50.60014],
							"size": [5.643, 0.9405, 5.643],
							"pivot": [-0.82168, 19.39229, 58.12414],
							"rotation": [90, 0, 0],
							"uv": {
								"north": {"uv": [72, 14], "uv_size": [6, 1]},
								"east": {"uv": [72, 15], "uv_size": [6, 1]},
								"south": {"uv": [72, 16], "uv_size": [6, 1]},
								"west": {"uv": [72, 17], "uv_size": [6, 1]},
								"up": {"uv": [60, 8], "uv_size": [6, 6]},
								"down": {"uv": [60, 20], "uv_size": [6, -6]}
							}
						},
						{
							"origin": [-26.92055, 10.51149, 43.00931],
							"size": [5.643, 4.8906, 0.9405],
							"pivot": [-0.82168, 13.52109, 50.53331],
							"rotation": [-135, 0, 0],
							"uv": {
								"north": {"uv": [66, 30], "uv_size": [6, 5]},
								"east": {"uv": [61, 72], "uv_size": [1, 5]},
								"south": {"uv": [66, 35], "uv_size": [6, 5]},
								"west": {"uv": [62, 72], "uv_size": [1, 5]},
								"up": {"uv": [72, 22], "uv_size": [6, 1]},
								"down": {"uv": [72, 24], "uv_size": [6, -1]}
							}
						},
						{
							"origin": [-26.92055, 20.02897, -43.39133],
							"size": [5.643, 0.9405, 99.3168],
							"uv": {
								"north": {"uv": [72, 24], "uv_size": [6, 1]},
								"east": {"uv": [48, 0], "uv_size": [106, 1]},
								"south": {"uv": [72, 25], "uv_size": [6, 1]},
								"west": {"uv": [48, 1], "uv_size": [106, 1]},
								"up": {"uv": [0, 0], "uv_size": [6, 106]},
								"down": {"uv": [6, 106], "uv_size": [6, -106]}
							}
						},
						{
							"origin": [-26.92055, 18.0386, -48.19652],
							"size": [5.643, 0.9405, 5.36085],
							"pivot": [-24.09905, 18.50885, -45.18692],
							"rotation": [-135, 0, 0],
							"uv": {
								"north": {"uv": [72, 32], "uv_size": [6, 1]},
								"east": {"uv": [72, 33], "uv_size": [6, 1]},
								"south": {"uv": [72, 34], "uv_size": [6, 1]},
								"west": {"uv": [72, 35], "uv_size": [6, 1]},
								"up": {"uv": [60, 32], "uv_size": [6, 6]},
								"down": {"uv": [60, 44], "uv_size": [6, -6]}
							}
						},
						{
							"origin": [-26.92055, 13.51083, -49.90948],
							"size": [5.643, 0.9405, 5.54895],
							"pivot": [-24.09905, 13.98108, -46.71178],
							"rotation": [-90, 0, 0],
							"uv": {
								"north": {"uv": [72, 28], "uv_size": [6, 1]},
								"east": {"uv": [72, 29], "uv_size": [6, 1]},
								"south": {"uv": [72, 30], "uv_size": [6, 1]},
								"west": {"uv": [72, 31], "uv_size": [6, 1]},
								"up": {"uv": [60, 20], "uv_size": [6, 6]},
								"down": {"uv": [60, 32], "uv_size": [6, -6]}
							}
						},
						{
							"origin": [-26.92055, 9.49699, -47.6759],
							"size": [5.643, 0.9405, 3.52687],
							"pivot": [-24.09905, 9.96724, -44.8544],
							"rotation": [-45, 0, 0],
							"uv": {
								"north": {"uv": [72, 26], "uv_size": [6, 1]},
								"east": {"uv": [66, 72], "uv_size": [4, 1]},
								"south": {"uv": [72, 27], "uv_size": [6, 1]},
								"west": {"uv": [70, 72], "uv_size": [4, 1]},
								"up": {"uv": [66, 55], "uv_size": [6, 4]},
								"down": {"uv": [66, 63], "uv_size": [6, -4]}
							}
						},
						{
							"origin": [-26.92055, 6.30871, -45.26229],
							"size": [5.643, 0.9405, 16.41172],
							"pivot": [-23.15855, 6.77896, -40.13656],
							"rotation": [-32.5, 0, 0],
							"uv": {
								"north": {"uv": [72, 20], "uv_size": [6, 1]},
								"east": {"uv": [48, 71], "uv_size": [17, 1]},
								"south": {"uv": [72, 21], "uv_size": [6, 1]},
								"west": {"uv": [65, 71], "uv_size": [17, 1]},
								"up": {"uv": [48, 4], "uv_size": [6, 17]},
								"down": {"uv": [48, 38], "uv_size": [6, -17]}
							}
						},
						{
							"origin": [20.67755, 5.89756, 40.11364],
							"size": [5.643, 0.9405, 14.1075],
							"pivot": [23.49905, 6.36781, 49.98889],
							"rotation": [35, 0, 0],
							"uv": {
								"north": {"uv": [54, 70], "uv_size": [-6, 1]},
								"east": {"uv": [87, 11], "uv_size": [-15, 1]},
								"south": {"uv": [66, 70], "uv_size": [-6, 1]},
								"west": {"uv": [87, 10], "uv_size": [-15, 1]},
								"up": {"uv": [60, 21], "uv_size": [-6, 15]},
								"down": {"uv": [60, 51], "uv_size": [-6, -15]}
							}
						},
						{
							"origin": [20.67755, 0.31839, -30.87071],
							"size": [5.643, 0.9405, 73.04],
							"uv": {
								"north": {"uv": [66, 68], "uv_size": [-6, 1]},
								"east": {"uv": [140, 5], "uv_size": [-80, 1]},
								"south": {"uv": [66, 69], "uv_size": [-6, 1]},
								"west": {"uv": [140, 4], "uv_size": [-80, 1]},
								"up": {"uv": [30, 0], "uv_size": [-6, 80]},
								"down": {"uv": [36, 80], "uv_size": [-6, -80]}
							}
						},
						{
							"origin": [20.67755, 12.05085, 42.21126],
							"size": [5.643, 4.8906, 0.9405],
							"pivot": [0.22168, 15.06045, 49.73526],
							"rotation": [135, 0, 0],
							"uv": {
								"north": {"uv": [72, 20], "uv_size": [-6, 5]},
								"east": {"uv": [73, 60], "uv_size": [-1, 5]},
								"south": {"uv": [72, 25], "uv_size": [-6, 5]},
								"west": {"uv": [61, 72], "uv_size": [-1, 5]},
								"up": {"uv": [78, 18], "uv_size": [-6, 1]},
								"down": {"uv": [78, 20], "uv_size": [-6, -1]}
							}
						},
						{
							"origin": [20.67755, 20.33279, 50.60014],
							"size": [5.643, 0.9405, 5.643],
							"pivot": [0.22168, 19.39229, 58.12414],
							"rotation": [90, 0, 0],
							"uv": {
								"north": {"uv": [78, 14], "uv_size": [-6, 1]},
								"east": {"uv": [78, 17], "uv_size": [-6, 1]},
								"south": {"uv": [78, 16], "uv_size": [-6, 1]},
								"west": {"uv": [78, 15], "uv_size": [-6, 1]},
								"up": {"uv": [66, 8], "uv_size": [-6, 6]},
								"down": {"uv": [66, 20], "uv_size": [-6, -6]}
							}
						},
						{
							"origin": [20.67755, 10.51149, 43.00931],
							"size": [5.643, 4.8906, 0.9405],
							"pivot": [0.22168, 13.52109, 50.53331],
							"rotation": [-135, 0, 0],
							"uv": {
								"north": {"uv": [72, 30], "uv_size": [-6, 5]},
								"east": {"uv": [63, 72], "uv_size": [-1, 5]},
								"south": {"uv": [72, 35], "uv_size": [-6, 5]},
								"west": {"uv": [62, 72], "uv_size": [-1, 5]},
								"up": {"uv": [78, 22], "uv_size": [-6, 1]},
								"down": {"uv": [78, 24], "uv_size": [-6, -1]}
							}
						},
						{
							"origin": [20.67755, 20.02897, -43.39133],
							"size": [5.643, 0.9405, 99.3168],
							"uv": {
								"north": {"uv": [78, 24], "uv_size": [-6, 1]},
								"east": {"uv": [154, 1], "uv_size": [-106, 1]},
								"south": {"uv": [78, 25], "uv_size": [-6, 1]},
								"west": {"uv": [154, 0], "uv_size": [-106, 1]},
								"up": {"uv": [6, 0], "uv_size": [-6, 106]},
								"down": {"uv": [12, 106], "uv_size": [-6, -106]}
							}
						},
						{
							"origin": [20.67755, 18.0386, -48.19652],
							"size": [5.643, 0.9405, 5.36085],
							"pivot": [23.49905, 18.50885, -45.18692],
							"rotation": [-135, 0, 0],
							"uv": {
								"north": {"uv": [78, 32], "uv_size": [-6, 1]},
								"east": {"uv": [78, 35], "uv_size": [-6, 1]},
								"south": {"uv": [78, 34], "uv_size": [-6, 1]},
								"west": {"uv": [78, 33], "uv_size": [-6, 1]},
								"up": {"uv": [66, 32], "uv_size": [-6, 6]},
								"down": {"uv": [66, 44], "uv_size": [-6, -6]}
							}
						},
						{
							"origin": [20.67755, 13.51083, -49.90948],
							"size": [5.643, 0.9405, 5.54895],
							"pivot": [23.49905, 13.98108, -46.71178],
							"rotation": [-90, 0, 0],
							"uv": {
								"north": {"uv": [78, 28], "uv_size": [-6, 1]},
								"east": {"uv": [78, 31], "uv_size": [-6, 1]},
								"south": {"uv": [78, 30], "uv_size": [-6, 1]},
								"west": {"uv": [78, 29], "uv_size": [-6, 1]},
								"up": {"uv": [66, 20], "uv_size": [-6, 6]},
								"down": {"uv": [66, 32], "uv_size": [-6, -6]}
							}
						},
						{
							"origin": [20.67755, 9.49699, -47.6759],
							"size": [5.643, 0.9405, 3.52687],
							"pivot": [23.49905, 9.96724, -44.8544],
							"rotation": [-45, 0, 0],
							"uv": {
								"north": {"uv": [78, 26], "uv_size": [-6, 1]},
								"east": {"uv": [74, 72], "uv_size": [-4, 1]},
								"south": {"uv": [78, 27], "uv_size": [-6, 1]},
								"west": {"uv": [70, 72], "uv_size": [-4, 1]},
								"up": {"uv": [72, 55], "uv_size": [-6, 4]},
								"down": {"uv": [72, 63], "uv_size": [-6, -4]}
							}
						},
						{
							"origin": [20.67755, 6.30871, -45.26229],
							"size": [5.643, 0.9405, 16.41172],
							"pivot": [22.55855, 6.77896, -40.13656],
							"rotation": [-32.5, 0, 0],
							"uv": {
								"north": {"uv": [78, 20], "uv_size": [-6, 1]},
								"east": {"uv": [82, 71], "uv_size": [-17, 1]},
								"south": {"uv": [78, 21], "uv_size": [-6, 1]},
								"west": {"uv": [65, 71], "uv_size": [-17, 1]},
								"up": {"uv": [54, 4], "uv_size": [-6, 17]},
								"down": {"uv": [54, 38], "uv_size": [-6, -17]}
							}
						}
					]
				}
			]
		}
	]
}