{
	"format_version": "1.12.0",
	"minecraft:geometry": [
		{
			"description": {
				"identifier": "geometry.bmp2d_pkt_flash",
				"texture_width": 32,
				"texture_height": 32,
				"visible_bounds_width": 14,
				"visible_bounds_height": 7,
				"visible_bounds_offset": [0, 2.5, 0]
			},
			"bones": [
				{
					"name": "head",
					"pivot": [0, -8, 0]
				},
				{
					"name": "bashnya2",
					"parent": "head",
					"pivot": [0.41526, 9.32415, 0.37384]
				},
				{
					"name": "pturi",
					"parent": "bashnya2",
					"pivot": [-0.19576, -43.12043, -39.08609]
				},
				{
					"name": "bone13",
					"parent": "bashnya2",
					"pivot": [-0.19576, 3.95953, -17.45476]
				},
				{
					"name": "bone4",
					"parent": "bashnya2",
					"pivot": [-0.19576, -43.12043, -39.08609]
				},
				{
					"name": "bone5",
					"parent": "bashnya2",
					"pivot": [-0.19576, -43.12043, -39.08609]
				},
				{
					"name": "bone8",
					"parent": "bashnya2",
					"pivot": [0.44046, -43.12043, 28.35276]
				},
				{
					"name": "pushka",
					"parent": "bashnya2",
					"pivot": [0.91093, 5.94199, -13.01826]
				},
				{
					"name": "stvol",
					"parent": "pushka",
					"pivot": [0, -8.8, 0]
				},
				{
					"name": "gilza",
					"parent": "pushka",
					"pivot": [-2.64117, 13.14507, -15.51472]
				},
				{
					"name": "flash_pkt",
					"parent": "pushka",
					"pivot": [3.68872, 14.24626, -17.59997],
					"cubes": [
						{
							"origin": [3.45105, 14.03272, -17.92709],
							"size": [0.4752, 0.4752, 0],
							"uv": {
								"north": {"uv": [12, 12], "uv_size": [6, 6]}
							}
						},
						{
							"origin": [3.45105, 14.03272, -17.92684],
							"size": [0.4752, 0.4752, 0],
							"uv": {
								"south": {"uv": [18, 12], "uv_size": [-6, 6]}
							}
						},
						{
							"origin": [3.68939, 14.03272, -18.67157],
							"size": [0, 0.4752, 1.0692],
							"uv": {
								"east": {"uv": [0, 0], "uv_size": [13.5, 6]}
							}
						},
						{
							"origin": [3.68865, 14.03272, -18.67157],
							"size": [0, 0.4752, 1.0692],
							"uv": {
								"west": {"uv": [13.5, 0], "uv_size": [-13.5, 6]}
							}
						},
						{
							"origin": [3.45105, 14.27032, -18.67157],
							"size": [0.4752, 0, 1.0692],
							"uv": {
								"up": {"uv": [0, 6], "uv_size": [6, 13.5]}
							}
						},
						{
							"origin": [3.45105, 14.27007, -18.67157],
							"size": [0.4752, 0, 1.0692],
							"uv": {
								"down": {"uv": [0, 19.5], "uv_size": [6, -13.5]}
							}
						},
						{
							"origin": [3.6884, 14.03272, -18.67157],
							"size": [0, 0.4752, 1.0692],
							"pivot": [3.68865, 14.27032, -18.13697],
							"rotation": [0, 0, -45],
							"uv": {
								"east": {"uv": [12, 6], "uv_size": [13.5, 6]}
							}
						},
						{
							"origin": [3.68865, 14.03272, -18.67157],
							"size": [0, 0.4752, 1.0692],
							"pivot": [3.68865, 14.27032, -18.13697],
							"rotation": [0, 0, -45],
							"uv": {
								"east": {"uv": [12, 6], "uv_size": [13.5, 6]}
							}
						},
						{
							"origin": [3.45105, 14.27007, -18.67157],
							"size": [0.4752, 0, 1.0692],
							"pivot": [3.68865, 14.27032, -18.13697],
							"rotation": [0, 0, -45],
							"uv": {
								"up": {"uv": [6, 6], "uv_size": [6, 13.5]}
							}
						},
						{
							"origin": [3.45105, 14.27032, -18.67157],
							"size": [0.4752, 0, 1.0692],
							"pivot": [3.68865, 14.27032, -18.13697],
							"rotation": [0, 0, -45],
							"uv": {
								"up": {"uv": [6, 6], "uv_size": [6, 13.5]}
							}
						}
					]
				}
			]
		}
	]
}