{
	"format_version": "1.12.0",
	"minecraft:geometry": [
		{
			"description": {
				"identifier": "geometry.player.flash",
				"texture_width": 32,
				"texture_height": 32,
				"visible_bounds_width": 14,
				"visible_bounds_height": 31,
				"visible_bounds_offset": [0, 6.5, 0]
			},
			"bones": [
				{
					"name": "root",
					"pivot": [0, 0, 0]
				},
				{
					"name": "waist",
					"parent": "root",
					"pivot": [0, 12, 0]
				},
				{
					"name": "body",
					"parent": "waist",
					"pivot": [0, 24, 0]
				},
				{
					"name": "leftArm",
					"parent": "body",
					"pivot": [5, 22, 0]
				},
				{
					"name": "leftSleeve",
					"parent": "leftArm",
					"pivot": [5, 22, 0]
				},
				{
					"name": "leftItem",
					"parent": "leftArm",
					"pivot": [6, 15, 1]
				},
				{
					"name": "rightArm",
					"parent": "body",
					"pivot": [-6, 22, 0]
				},
				{
					"name": "rightSleeve",
					"parent": "rightArm",
					"pivot": [-5.7, 22, 0]
				},
				{
					"name": "rightArm2",
					"parent": "rightArm",
					"pivot": [-6, 22, 0]
				},
				{
					"name": "gun",
					"parent": "rightArm2",
					"pivot": [-80.2, 153, -51.6],
					"rotation": [90, 0, 0]
				},
				{
					"name": "flash",
					"parent": "gun",
					"pivot": [-74.125, 147.525, -234.76],
					"cubes": [
						{
							"origin": [-98.125, 123.525, -267.8],
							"size": [48, 48, 0],
							"uv": {
								"north": {"uv": [12, 12], "uv_size": [6, 6]}
							}
						},
						{
							"origin": [-98.125, 123.525, -267.775],
							"size": [48, 48, 0],
							"uv": {
								"south": {"uv": [18, 12], "uv_size": [-6, 6]}
							}
						},
						{
							"origin": [-74.05, 123.525, -343],
							"size": [0, 48, 108],
							"uv": {
								"east": {"uv": [0, 0], "uv_size": [13.5, 6]}
							}
						},
						{
							"origin": [-74.125, 123.525, -343],
							"size": [0, 48, 108],
							"uv": {
								"west": {"uv": [13.5, 0], "uv_size": [-13.5, 6]}
							}
						},
						{
							"origin": [-98.125, 147.525, -343],
							"size": [48, 0, 108],
							"uv": {
								"up": {"uv": [0, 6], "uv_size": [6, 13.5]}
							}
						},
						{
							"origin": [-98.125, 147.5, -343],
							"size": [48, 0, 108],
							"uv": {
								"down": {"uv": [0, 19.5], "uv_size": [6, -13.5]}
							}
						},
						{
							"origin": [-74.15, 123.525, -343],
							"size": [0, 48, 108],
							"pivot": [-74.125, 147.525, -289],
							"rotation": [0, 0, -45],
							"uv": {
								"east": {"uv": [12, 6], "uv_size": [13.5, 6]}
							}
						},
						{
							"origin": [-74.125, 123.525, -343],
							"size": [0, 48, 108],
							"pivot": [-74.125, 147.525, -289],
							"rotation": [0, 0, -45],
							"uv": {
								"east": {"uv": [12, 6], "uv_size": [13.5, 6]}
							}
						},
						{
							"origin": [-98.125, 147.5, -343],
							"size": [48, 0, 108],
							"pivot": [-74.125, 147.525, -289],
							"rotation": [0, 0, -45],
							"uv": {
								"up": {"uv": [6, 6], "uv_size": [6, 13.5]}
							}
						},
						{
							"origin": [-98.125, 147.525, -343],
							"size": [48, 0, 108],
							"pivot": [-74.125, 147.525, -289],
							"rotation": [0, 0, -45],
							"uv": {
								"up": {"uv": [6, 6], "uv_size": [6, 13.5]}
							}
						}
					]
				},
				{
					"name": "head",
					"parent": "body",
					"pivot": [0, 24, 0]
				},
				{
					"name": "leftLeg",
					"parent": "waist",
					"pivot": [1.9, 12, 0]
				},
				{
					"name": "leftPants",
					"parent": "leftLeg",
					"pivot": [1.9, 12, 0]
				}
			]
		}
	]
}