{
	"format_version": "1.12.0",
	"minecraft:geometry": [
		{
			"description": {
				"identifier": "geometry.player.gp25",
				"texture_width": 32,
				"texture_height": 32,
				"visible_bounds_width": 56,
				"visible_bounds_height": 23,
				"visible_bounds_offset": [0, 10.5, 0]
			},
			"bones": [
				{
					"name": "root",
					"pivot": [0, 0, 0]
				},
				{
					"name": "waist",
					"parent": "root",
					"pivot": [0, 12, 0]
				},
				{
					"name": "body",
					"parent": "waist",
					"pivot": [0, 24, 0]
				},
				{
					"name": "leftArm",
					"parent": "body",
					"pivot": [5, 22, 0]
				},
				{
					"name": "leftSleeve",
					"parent": "leftArm",
					"pivot": [5, 22, 0]
				},
				{
					"name": "leftItem",
					"parent": "leftArm",
					"pivot": [6, 15, 1]
				},
				{
					"name": "rightArm",
					"parent": "body",
					"pivot": [-6, 22, 0]
				},
				{
					"name": "rightSleeve",
					"parent": "rightArm",
					"pivot": [-5.7, 22, 0]
				},
				{
					"name": "rightArm2",
					"parent": "rightArm",
					"pivot": [-6, 22, 0]
				},
				{
					"name": "gun",
					"parent": "rightArm2",
					"pivot": [-80.2, 153, -51.6],
					"rotation": [90, 0, 0]
				},
				{
					"name": "GP",
					"parent": "gun",
					"pivot": [-72.2565, 132.05166, -151.32356],
					"cubes": [
						{
							"origin": [-79.76, 135.065, -138.785],
							"size": [10.24, 1.6, 19.52],
							"uv": {
								"north": {"uv": [9, 16], "uv_size": [0.5, 0.5]},
								"east": {"uv": [0, 13], "uv_size": [1, 0.5]},
								"south": {"uv": [16, 9], "uv_size": [0.5, 0.5]},
								"west": {"uv": [13, 0], "uv_size": [1, 0.5]},
								"up": {"uv": [1, 13], "uv_size": [0.5, 1]},
								"down": {"uv": [13, 2], "uv_size": [0.5, -1]}
							}
						},
						{
							"origin": [-79.76, 115.865, -138.785],
							"size": [10.24, 19.2, 19.2],
							"uv": {
								"north": {"uv": [13, 2], "uv_size": [0.5, 1]},
								"east": {"uv": [11, 0], "uv_size": [1, 1]},
								"south": {"uv": [3, 13], "uv_size": [0.5, 1]},
								"west": {"uv": [11, 5], "uv_size": [1, 1]},
								"up": {"uv": [4, 13], "uv_size": [0.5, 1]},
								"down": {"uv": [5, 14], "uv_size": [0.5, -1]}
							}
						},
						{
							"origin": [-79.76, 131.865, -121.345],
							"size": [10.24, 4.8, 35.76],
							"uv": {
								"north": {"uv": [10, 16], "uv_size": [0.5, 0.5]},
								"east": {"uv": [11, 7], "uv_size": [2, 0.5]},
								"south": {"uv": [16, 10], "uv_size": [0.5, 0.5]},
								"west": {"uv": [11, 8], "uv_size": [2, 0.5]},
								"up": {"uv": [10, 11], "uv_size": [0.5, 2]},
								"down": {"uv": [11, 13], "uv_size": [0.5, -2]}
							}
						},
						{
							"origin": [-83.36, 131.865, -98.97],
							"size": [18.64, 4.175, 2.16],
							"uv": {
								"north": {"uv": [13, 6], "uv_size": [1, 0.5]},
								"east": {"uv": [11, 16], "uv_size": [0.5, 0.5]},
								"south": {"uv": [13, 7], "uv_size": [1, 0.5]},
								"west": {"uv": [16, 11], "uv_size": [0.5, 0.5]},
								"up": {"uv": [13, 8], "uv_size": [1, 0.5]},
								"down": {"uv": [10, 13.5], "uv_size": [1, -0.5]}
							}
						},
						{
							"origin": [-83.36, 131.865, -69.77],
							"size": [18.64, 4.175, 2.16],
							"uv": {
								"north": {"uv": [13, 10], "uv_size": [1, 0.5]},
								"east": {"uv": [12, 16], "uv_size": [0.5, 0.5]},
								"south": {"uv": [11, 13], "uv_size": [1, 0.5]},
								"west": {"uv": [16, 12], "uv_size": [0.5, 0.5]},
								"up": {"uv": [13, 11], "uv_size": [1, 0.5]},
								"down": {"uv": [12, 13.5], "uv_size": [1, -0.5]}
							}
						},
						{
							"origin": [-66.56, 131.865, -96.97],
							"size": [1.84, 4.175, 28.2],
							"uv": {
								"north": {"uv": [13, 16], "uv_size": [0.5, 0.5]},
								"east": {"uv": [10, 2], "uv_size": [2.5, 0.5]},
								"south": {"uv": [16, 13], "uv_size": [0.5, 0.5]},
								"west": {"uv": [10, 6], "uv_size": [2.5, 0.5]},
								"up": {"uv": [5, 10], "uv_size": [0.5, 2.5]},
								"down": {"uv": [10, 9.5], "uv_size": [0.5, -2.5]}
							}
						},
						{
							"origin": [-83.36, 131.865, -96.97],
							"size": [1.84, 4.175, 28.2],
							"uv": {
								"north": {"uv": [14, 16], "uv_size": [0.5, 0.5]},
								"east": {"uv": [10, 10], "uv_size": [2.5, 0.5]},
								"south": {"uv": [16, 14], "uv_size": [0.5, 0.5]},
								"west": {"uv": [0, 11], "uv_size": [2.5, 0.5]},
								"up": {"uv": [6, 11], "uv_size": [0.5, 2.5]},
								"down": {"uv": [7, 13.5], "uv_size": [0.5, -2.5]}
							}
						},
						{
							"origin": [-77.84, 92.825, -37.025],
							"size": [6.4, 18.24, 13.44],
							"pivot": [-12.88, -364.135, -227.105],
							"rotation": [7.5, 0, 0],
							"uv": {
								"north": {"uv": [13, 12], "uv_size": [0.5, 1]},
								"east": {"uv": [11, 9], "uv_size": [1, 1]},
								"south": {"uv": [13, 13], "uv_size": [0.5, 1]},
								"west": {"uv": [0, 12], "uv_size": [1, 1]},
								"up": {"uv": [0, 14], "uv_size": [0.5, 1]},
								"down": {"uv": [14, 1], "uv_size": [0.5, -1]}
							}
						},
						{
							"origin": [-69.52, 117.785, -132.385],
							"size": [0.32, 3.2, 3.2],
							"uv": {
								"north": {"uv": [15, 16], "uv_size": [0.5, 0.5]},
								"east": {"uv": [16, 15], "uv_size": [0.5, 0.5]},
								"south": {"uv": [16, 16], "uv_size": [0.5, 0.5]},
								"west": {"uv": [0, 17], "uv_size": [0.5, 0.5]},
								"up": {"uv": [17, 0], "uv_size": [0.5, 0.5]},
								"down": {"uv": [1, 17.5], "uv_size": [0.5, -0.5]}
							}
						},
						{
							"origin": [-69.52, 129.305, -132.385],
							"size": [0.32, 3.2, 3.2],
							"uv": {
								"north": {"uv": [17, 1], "uv_size": [0.5, 0.5]},
								"east": {"uv": [2, 17], "uv_size": [0.5, 0.5]},
								"south": {"uv": [17, 2], "uv_size": [0.5, 0.5]},
								"west": {"uv": [3, 17], "uv_size": [0.5, 0.5]},
								"up": {"uv": [17, 3], "uv_size": [0.5, 0.5]},
								"down": {"uv": [4, 17.5], "uv_size": [0.5, -0.5]}
							}
						},
						{
							"origin": [-80.08, 118.745, -131.425],
							"size": [0.32, 1.28, 1.28],
							"uv": {
								"north": {"uv": [17, 4], "uv_size": [0.5, 0.5]},
								"east": {"uv": [5, 17], "uv_size": [0.5, 0.5]},
								"south": {"uv": [17, 5], "uv_size": [0.5, 0.5]},
								"west": {"uv": [6, 17], "uv_size": [0.5, 0.5]},
								"up": {"uv": [17, 6], "uv_size": [0.5, 0.5]},
								"down": {"uv": [7, 17.5], "uv_size": [0.5, -0.5]}
							}
						},
						{
							"origin": [-80.08, 130.265, -131.425],
							"size": [0.32, 1.28, 1.28],
							"uv": {
								"north": {"uv": [17, 7], "uv_size": [0.5, 0.5]},
								"east": {"uv": [8, 17], "uv_size": [0.5, 0.5]},
								"south": {"uv": [17, 8], "uv_size": [0.5, 0.5]},
								"west": {"uv": [9, 17], "uv_size": [0.5, 0.5]},
								"up": {"uv": [17, 9], "uv_size": [0.5, 0.5]},
								"down": {"uv": [10, 17.5], "uv_size": [0.5, -0.5]}
							}
						},
						{
							"origin": [-77.2, 115.865, -127.265],
							"size": [5.12, 6.4, 8],
							"uv": {
								"north": {"uv": [17, 10], "uv_size": [0.5, 0.5]},
								"east": {"uv": [11, 17], "uv_size": [0.5, 0.5]},
								"south": {"uv": [17, 11], "uv_size": [0.5, 0.5]},
								"west": {"uv": [12, 17], "uv_size": [0.5, 0.5]},
								"up": {"uv": [17, 12], "uv_size": [0.5, 0.5]},
								"down": {"uv": [13, 17.5], "uv_size": [0.5, -0.5]}
							}
						},
						{
							"origin": [-77.2, 118.105, -119.265],
							"size": [5.12, 4.16, 6.08],
							"uv": {
								"north": {"uv": [17, 13], "uv_size": [0.5, 0.5]},
								"east": {"uv": [14, 17], "uv_size": [0.5, 0.5]},
								"south": {"uv": [17, 14], "uv_size": [0.5, 0.5]},
								"west": {"uv": [15, 17], "uv_size": [0.5, 0.5]},
								"up": {"uv": [17, 15], "uv_size": [0.5, 0.5]},
								"down": {"uv": [16, 17.5], "uv_size": [0.5, -0.5]}
							}
						},
						{
							"origin": [-77.2, 120.025, -113.185],
							"size": [5.12, 2.24, 5.12],
							"uv": {
								"north": {"uv": [17, 16], "uv_size": [0.5, 0.5]},
								"east": {"uv": [17, 17], "uv_size": [0.5, 0.5]},
								"south": {"uv": [0, 18], "uv_size": [0.5, 0.5]},
								"west": {"uv": [18, 0], "uv_size": [0.5, 0.5]},
								"up": {"uv": [1, 18], "uv_size": [0.5, 0.5]},
								"down": {"uv": [18, 1.5], "uv_size": [0.5, -0.5]}
							}
						},
						{
							"origin": [-77.2, 116.32212, -119.23268],
							"size": [5.12, 2.24, 26.24],
							"pivot": [-77.2, 116.00212, -117.95268],
							"rotation": [20, 0, 0],
							"uv": {
								"north": {"uv": [2, 18], "uv_size": [0.5, 0.5]},
								"east": {"uv": [12, 5], "uv_size": [1.5, 0.5]},
								"south": {"uv": [18, 2], "uv_size": [0.5, 0.5]},
								"west": {"uv": [12, 9], "uv_size": [1.5, 0.5]},
								"up": {"uv": [9, 12], "uv_size": [0.5, 1.5]},
								"down": {"uv": [12, 12.5], "uv_size": [0.5, -1.5]}
							}
						},
						{
							"origin": [-79.44, 131.865, -194.785],
							"size": [9.6, 7.2, 44.8],
							"uv": {
								"north": {"uv": [3, 18], "uv_size": [0.5, 0.5]},
								"east": {"uv": [6, 3], "uv_size": [3, 0.5]},
								"south": {"uv": [18, 3], "uv_size": [0.5, 0.5]},
								"west": {"uv": [6, 4], "uv_size": [3, 0.5]},
								"up": {"uv": [6, 5], "uv_size": [0.5, 3]},
								"down": {"uv": [7, 8], "uv_size": [0.5, -3]}
							}
						},
						{
							"origin": [-79.44, 140.265, -194.785],
							"size": [2, 8, 4.8],
							"uv": {
								"north": {"uv": [4, 18], "uv_size": [0.5, 0.5]},
								"east": {"uv": [18, 4], "uv_size": [0.5, 0.5]},
								"south": {"uv": [5, 18], "uv_size": [0.5, 0.5]},
								"west": {"uv": [18, 5], "uv_size": [0.5, 0.5]},
								"up": {"uv": [6, 18], "uv_size": [0.5, 0.5]},
								"down": {"uv": [18, 6.5], "uv_size": [0.5, -0.5]}
							}
						},
						{
							"origin": [-79.44, 140.265, -154.785],
							"size": [2, 8, 4.8],
							"uv": {
								"north": {"uv": [7, 18], "uv_size": [0.5, 0.5]},
								"east": {"uv": [18, 7], "uv_size": [0.5, 0.5]},
								"south": {"uv": [8, 18], "uv_size": [0.5, 0.5]},
								"west": {"uv": [18, 8], "uv_size": [0.5, 0.5]},
								"up": {"uv": [9, 18], "uv_size": [0.5, 0.5]},
								"down": {"uv": [18, 9.5], "uv_size": [0.5, -0.5]}
							}
						},
						{
							"origin": [-79.44, 139.065, -194.785],
							"size": [2, 1.2, 44.8],
							"uv": {
								"north": {"uv": [10, 18], "uv_size": [0.5, 0.5]},
								"east": {"uv": [8, 0], "uv_size": [3, 0.5]},
								"south": {"uv": [18, 10], "uv_size": [0.5, 0.5]},
								"west": {"uv": [8, 5], "uv_size": [3, 0.5]},
								"up": {"uv": [6, 8], "uv_size": [0.5, 3]},
								"down": {"uv": [8, 9], "uv_size": [0.5, -3]}
							}
						},
						{
							"origin": [-79.44, 145.065, -194.785],
							"size": [2, 4.4, 44.8],
							"uv": {
								"north": {"uv": [11, 18], "uv_size": [0.5, 0.5]},
								"east": {"uv": [0, 9], "uv_size": [3, 0.5]},
								"south": {"uv": [18, 11], "uv_size": [0.5, 0.5]},
								"west": {"uv": [3, 9], "uv_size": [3, 0.5]},
								"up": {"uv": [7, 8], "uv_size": [0.5, 3]},
								"down": {"uv": [9, 9], "uv_size": [0.5, -3]}
							}
						},
						{
							"origin": [-79.44, 140.265, -173.985],
							"size": [2, 8, 4.8],
							"uv": {
								"north": {"uv": [12, 18], "uv_size": [0.5, 0.5]},
								"east": {"uv": [18, 12], "uv_size": [0.5, 0.5]},
								"south": {"uv": [13, 18], "uv_size": [0.5, 0.5]},
								"west": {"uv": [18, 13], "uv_size": [0.5, 0.5]},
								"up": {"uv": [14, 18], "uv_size": [0.5, 0.5]},
								"down": {"uv": [18, 14.5], "uv_size": [0.5, -0.5]}
							}
						},
						{
							"origin": [-71.84, 145.065, -194.785],
							"size": [2, 4.4, 44.8],
							"uv": {
								"north": {"uv": [15, 18], "uv_size": [0.5, 0.5]},
								"east": {"uv": [9, 3], "uv_size": [3, 0.5]},
								"south": {"uv": [18, 15], "uv_size": [0.5, 0.5]},
								"west": {"uv": [9, 4], "uv_size": [3, 0.5]},
								"up": {"uv": [8, 9], "uv_size": [0.5, 3]},
								"down": {"uv": [9, 12], "uv_size": [0.5, -3]}
							}
						},
						{
							"origin": [-71.04, 137.065, -190.785],
							"size": [4.8, 15.2, 15.2],
							"uv": {
								"north": {"uv": [1, 14], "uv_size": [0.5, 1]},
								"east": {"uv": [12, 0], "uv_size": [1, 1]},
								"south": {"uv": [14, 1], "uv_size": [0.5, 1]},
								"west": {"uv": [1, 12], "uv_size": [1, 1]},
								"up": {"uv": [2, 14], "uv_size": [0.5, 1]},
								"down": {"uv": [14, 3], "uv_size": [0.5, -1]}
							}
						},
						{
							"origin": [-71.84, 140.265, -194.785],
							"size": [2, 8, 4.8],
							"uv": {
								"north": {"uv": [16, 18], "uv_size": [0.5, 0.5]},
								"east": {"uv": [18, 16], "uv_size": [0.5, 0.5]},
								"south": {"uv": [17, 18], "uv_size": [0.5, 0.5]},
								"west": {"uv": [18, 17], "uv_size": [0.5, 0.5]},
								"up": {"uv": [18, 18], "uv_size": [0.5, 0.5]},
								"down": {"uv": [0, 19.5], "uv_size": [0.5, -0.5]}
							}
						},
						{
							"origin": [-71.84, 139.065, -194.785],
							"size": [2, 1.2, 44.8],
							"uv": {
								"north": {"uv": [19, 0], "uv_size": [0.5, 0.5]},
								"east": {"uv": [0, 10], "uv_size": [3, 0.5]},
								"south": {"uv": [1, 19], "uv_size": [0.5, 0.5]},
								"west": {"uv": [10, 1], "uv_size": [3, 0.5]},
								"up": {"uv": [3, 10], "uv_size": [0.5, 3]},
								"down": {"uv": [4, 13], "uv_size": [0.5, -3]}
							}
						},
						{
							"origin": [-71.84, 140.265, -173.985],
							"size": [2, 8, 4.8],
							"uv": {
								"north": {"uv": [19, 1], "uv_size": [0.5, 0.5]},
								"east": {"uv": [2, 19], "uv_size": [0.5, 0.5]},
								"south": {"uv": [19, 2], "uv_size": [0.5, 0.5]},
								"west": {"uv": [3, 19], "uv_size": [0.5, 0.5]},
								"up": {"uv": [19, 3], "uv_size": [0.5, 0.5]},
								"down": {"uv": [4, 19.5], "uv_size": [0.5, -0.5]}
							}
						},
						{
							"origin": [-71.84, 140.265, -154.785],
							"size": [2, 8, 4.8],
							"uv": {
								"north": {"uv": [19, 4], "uv_size": [0.5, 0.5]},
								"east": {"uv": [5, 19], "uv_size": [0.5, 0.5]},
								"south": {"uv": [19, 5], "uv_size": [0.5, 0.5]},
								"west": {"uv": [6, 19], "uv_size": [0.5, 0.5]},
								"up": {"uv": [19, 6], "uv_size": [0.5, 0.5]},
								"down": {"uv": [7, 19.5], "uv_size": [0.5, -0.5]}
							}
						},
						{
							"origin": [-65.84, 139.465, -194.385],
							"size": [1.92, 6.4, 31.04],
							"uv": {
								"north": {"uv": [19, 7], "uv_size": [0.5, 0.5]},
								"east": {"uv": [12, 3], "uv_size": [2, 0.5]},
								"south": {"uv": [8, 19], "uv_size": [0.5, 0.5]},
								"west": {"uv": [12, 4], "uv_size": [2, 0.5]},
								"up": {"uv": [2, 12], "uv_size": [0.5, 2]},
								"down": {"uv": [8, 14], "uv_size": [0.5, -2]}
							}
						},
						{
							"origin": [-63.92, 139.465, -168.785],
							"size": [3.84, 6.4, 5.44],
							"uv": {
								"north": {"uv": [19, 8], "uv_size": [0.5, 0.5]},
								"east": {"uv": [9, 19], "uv_size": [0.5, 0.5]},
								"south": {"uv": [19, 9], "uv_size": [0.5, 0.5]},
								"west": {"uv": [10, 19], "uv_size": [0.5, 0.5]},
								"up": {"uv": [19, 10], "uv_size": [0.5, 0.5]},
								"down": {"uv": [11, 19.5], "uv_size": [0.5, -0.5]}
							}
						},
						{
							"origin": [-62.64, 143.945, -163.345],
							"size": [5.28, 3.2, 0.32],
							"uv": {
								"north": {"uv": [19, 11], "uv_size": [0.5, 0.5]},
								"east": {"uv": [12, 19], "uv_size": [0.5, 0.5]},
								"south": {"uv": [19, 12], "uv_size": [0.5, 0.5]},
								"west": {"uv": [13, 19], "uv_size": [0.5, 0.5]},
								"up": {"uv": [19, 13], "uv_size": [0.5, 0.5]},
								"down": {"uv": [14, 19.5], "uv_size": [0.5, -0.5]}
							}
						},
						{
							"origin": [-58.4, 147.145, -163.345],
							"size": [2.24, 2.56, 0.32],
							"uv": {
								"north": {"uv": [19, 14], "uv_size": [0.5, 0.5]},
								"east": {"uv": [15, 19], "uv_size": [0.5, 0.5]},
								"south": {"uv": [19, 15], "uv_size": [0.5, 0.5]},
								"west": {"uv": [16, 19], "uv_size": [0.5, 0.5]},
								"up": {"uv": [19, 16], "uv_size": [0.5, 0.5]},
								"down": {"uv": [17, 19.5], "uv_size": [0.5, -0.5]}
							}
						},
						{
							"origin": [-62.32, 147.145, -163.345],
							"size": [2.24, 2.56, 0.32],
							"uv": {
								"north": {"uv": [19, 17], "uv_size": [0.5, 0.5]},
								"east": {"uv": [18, 19], "uv_size": [0.5, 0.5]},
								"south": {"uv": [19, 18], "uv_size": [0.5, 0.5]},
								"west": {"uv": [19, 19], "uv_size": [0.5, 0.5]},
								"up": {"uv": [0, 20], "uv_size": [0.5, 0.5]},
								"down": {"uv": [20, 0.5], "uv_size": [0.5, -0.5]}
							}
						},
						{
							"origin": [-63.92, 139.465, -194.385],
							"size": [3.84, 6.4, 5.44],
							"uv": {
								"north": {"uv": [1, 20], "uv_size": [0.5, 0.5]},
								"east": {"uv": [20, 1], "uv_size": [0.5, 0.5]},
								"south": {"uv": [2, 20], "uv_size": [0.5, 0.5]},
								"west": {"uv": [20, 2], "uv_size": [0.5, 0.5]},
								"up": {"uv": [3, 20], "uv_size": [0.5, 0.5]},
								"down": {"uv": [20, 3.5], "uv_size": [0.5, -0.5]}
							}
						},
						{
							"origin": [-60.4, 140.985, -196.385],
							"size": [5.28, 2.88, 0.96],
							"pivot": [-58.16, 141.225, -193.905],
							"rotation": [0, 62.5, 0],
							"uv": {
								"north": {"uv": [4, 20], "uv_size": [0.5, 0.5]},
								"east": {"uv": [20, 4], "uv_size": [0.5, 0.5]},
								"south": {"uv": [5, 20], "uv_size": [0.5, 0.5]},
								"west": {"uv": [20, 5], "uv_size": [0.5, 0.5]},
								"up": {"uv": [6, 20], "uv_size": [0.5, 0.5]},
								"down": {"uv": [20, 6.5], "uv_size": [0.5, -0.5]}
							}
						},
						{
							"origin": [-59.2, 143.865, -197.585],
							"size": [0.88, 3.2, 0.96],
							"uv": {
								"north": {"uv": [7, 20], "uv_size": [0.5, 0.5]},
								"east": {"uv": [20, 7], "uv_size": [0.5, 0.5]},
								"south": {"uv": [8, 20], "uv_size": [0.5, 0.5]},
								"west": {"uv": [20, 8], "uv_size": [0.5, 0.5]},
								"up": {"uv": [9, 20], "uv_size": [0.5, 0.5]},
								"down": {"uv": [20, 9.5], "uv_size": [0.5, -0.5]}
							}
						},
						{
							"origin": [-63.92, 140.425, -174.225],
							"size": [3.2, 5.12, 5.44],
							"uv": {
								"north": {"uv": [10, 20], "uv_size": [0.5, 0.5]},
								"east": {"uv": [20, 10], "uv_size": [0.5, 0.5]},
								"south": {"uv": [11, 20], "uv_size": [0.5, 0.5]},
								"west": {"uv": [20, 11], "uv_size": [0.5, 0.5]},
								"up": {"uv": [12, 20], "uv_size": [0.5, 0.5]},
								"down": {"uv": [20, 12.5], "uv_size": [0.5, -0.5]}
							}
						},
						{
							"origin": [-63.92, 140.425, -185.425],
							"size": [3.2, 5.12, 5.44],
							"uv": {
								"north": {"uv": [13, 20], "uv_size": [0.5, 0.5]},
								"east": {"uv": [20, 13], "uv_size": [0.5, 0.5]},
								"south": {"uv": [14, 20], "uv_size": [0.5, 0.5]},
								"west": {"uv": [20, 14], "uv_size": [0.5, 0.5]},
								"up": {"uv": [15, 20], "uv_size": [0.5, 0.5]},
								"down": {"uv": [20, 15.5], "uv_size": [0.5, -0.5]}
							}
						},
						{
							"origin": [-248.46288, 167.55668, -194.785],
							"size": [6.4, 16.32, 56.32],
							"pivot": [-222.54288, -56.12332, -7.905],
							"rotation": [0, 0, 45],
							"uv": {
								"north": {"uv": [3, 14], "uv_size": [0.5, 1]},
								"east": {"uv": [0, 0], "uv_size": [3.5, 1]},
								"south": {"uv": [14, 3], "uv_size": [0.5, 1]},
								"west": {"uv": [0, 1], "uv_size": [3.5, 1]},
								"up": {"uv": [1, 5], "uv_size": [0.5, 3.5]},
								"down": {"uv": [5, 4.5], "uv_size": [0.5, -3.5]}
							}
						},
						{
							"origin": [92.73744, 167.51124, -194.785],
							"size": [6.4, 16.32, 56.32],
							"pivot": [73.21744, -56.16876, -7.905],
							"rotation": [0, 0, -45],
							"uv": {
								"north": {"uv": [4, 14], "uv_size": [0.5, 1]},
								"east": {"uv": [0, 2], "uv_size": [3.5, 1]},
								"south": {"uv": [14, 4], "uv_size": [0.5, 1]},
								"west": {"uv": [0, 3], "uv_size": [3.5, 1]},
								"up": {"uv": [2, 5], "uv_size": [0.5, 3.5]},
								"down": {"uv": [3, 8.5], "uv_size": [0.5, -3.5]}
							}
						},
						{
							"origin": [-78.16, 115.865, -194.785],
							"size": [7.04, 16, 56.32],
							"uv": {
								"north": {"uv": [5, 14], "uv_size": [0.5, 1]},
								"east": {"uv": [0, 4], "uv_size": [3.5, 1]},
								"south": {"uv": [14, 5], "uv_size": [0.5, 1]},
								"west": {"uv": [4, 0], "uv_size": [3.5, 1]},
								"up": {"uv": [4, 5], "uv_size": [0.5, 3.5]},
								"down": {"uv": [5, 8.5], "uv_size": [0.5, -3.5]}
							}
						},
						{
							"origin": [-82.64, 120.345, -194.785],
							"size": [16, 7.04, 56.32],
							"uv": {
								"north": {"uv": [6, 14], "uv_size": [1, 0.5]},
								"east": {"uv": [6, 1], "uv_size": [3.5, 0.5]},
								"south": {"uv": [14, 6], "uv_size": [1, 0.5]},
								"west": {"uv": [6, 2], "uv_size": [3.5, 0.5]},
								"up": {"uv": [4, 1], "uv_size": [1, 3.5]},
								"down": {"uv": [0, 8.5], "uv_size": [1, -3.5]}
							}
						},
						{
							"origin": [92.73744, 167.51124, -138.465],
							"size": [6.4, 16.32, 0.32],
							"pivot": [73.21744, -56.16876, -7.905],
							"rotation": [0, 0, -45],
							"uv": {
								"north": {"uv": [7, 14], "uv_size": [0.5, 1]},
								"east": {"uv": [14, 7], "uv_size": [0.5, 1]},
								"south": {"uv": [8, 14], "uv_size": [0.5, 1]},
								"west": {"uv": [14, 8], "uv_size": [0.5, 1]},
								"up": {"uv": [16, 20], "uv_size": [0.5, 0.5]},
								"down": {"uv": [20, 16.5], "uv_size": [0.5, -0.5]}
							}
						},
						{
							"origin": [-82.64, 120.345, -138.465],
							"size": [16, 7.04, 0.32],
							"uv": {
								"north": {"uv": [9, 14], "uv_size": [1, 0.5]},
								"east": {"uv": [17, 20], "uv_size": [0.5, 0.5]},
								"south": {"uv": [14, 9], "uv_size": [1, 0.5]},
								"west": {"uv": [20, 17], "uv_size": [0.5, 0.5]},
								"up": {"uv": [10, 14], "uv_size": [1, 0.5]},
								"down": {"uv": [14, 10.5], "uv_size": [1, -0.5]}
							}
						},
						{
							"origin": [-69.52, 123.225, -138.145],
							"size": [0.64, 1.28, 6.4],
							"uv": {
								"north": {"uv": [18, 20], "uv_size": [0.5, 0.5]},
								"east": {"uv": [20, 18], "uv_size": [0.5, 0.5]},
								"south": {"uv": [19, 20], "uv_size": [0.5, 0.5]},
								"west": {"uv": [20, 19], "uv_size": [0.5, 0.5]},
								"up": {"uv": [20, 20], "uv_size": [0.5, 0.5]},
								"down": {"uv": [0, 21.5], "uv_size": [0.5, -0.5]}
							}
						},
						{
							"origin": [-69.52, 121.625, -131.745],
							"size": [2.24, 4.48, 0.32],
							"uv": {
								"north": {"uv": [21, 0], "uv_size": [0.5, 0.5]},
								"east": {"uv": [1, 21], "uv_size": [0.5, 0.5]},
								"south": {"uv": [21, 1], "uv_size": [0.5, 0.5]},
								"west": {"uv": [2, 21], "uv_size": [0.5, 0.5]},
								"up": {"uv": [21, 2], "uv_size": [0.5, 0.5]},
								"down": {"uv": [3, 21.5], "uv_size": [0.5, -0.5]}
							}
						},
						{
							"origin": [-78.16, 115.865, -138.465],
							"size": [7.04, 16, 0.32],
							"uv": {
								"north": {"uv": [11, 14], "uv_size": [0.5, 1]},
								"east": {"uv": [14, 11], "uv_size": [0.5, 1]},
								"south": {"uv": [12, 14], "uv_size": [0.5, 1]},
								"west": {"uv": [14, 12], "uv_size": [0.5, 1]},
								"up": {"uv": [21, 3], "uv_size": [0.5, 0.5]},
								"down": {"uv": [4, 21.5], "uv_size": [0.5, -0.5]}
							}
						},
						{
							"origin": [-248.46288, 167.55668, -138.465],
							"size": [6.4, 16.32, 0.32],
							"pivot": [-222.54288, -56.12332, -7.905],
							"rotation": [0, 0, 45],
							"uv": {
								"north": {"uv": [13, 14], "uv_size": [0.5, 1]},
								"east": {"uv": [14, 13], "uv_size": [0.5, 1]},
								"south": {"uv": [14, 14], "uv_size": [0.5, 1]},
								"west": {"uv": [0, 15], "uv_size": [0.5, 1]},
								"up": {"uv": [21, 4], "uv_size": [0.5, 0.5]},
								"down": {"uv": [5, 21.5], "uv_size": [0.5, -0.5]}
							}
						},
						{
							"origin": [-79.056, 114.265, -194.593],
							"size": [8.448, 19.2, 5.504],
							"uv": {
								"north": {"uv": [15, 0], "uv_size": [0.5, 1]},
								"east": {"uv": [1, 15], "uv_size": [0.5, 1]},
								"south": {"uv": [15, 1], "uv_size": [0.5, 1]},
								"west": {"uv": [2, 15], "uv_size": [0.5, 1]},
								"up": {"uv": [21, 5], "uv_size": [0.5, 0.5]},
								"down": {"uv": [6, 21.5], "uv_size": [0.5, -0.5]}
							}
						},
						{
							"origin": [126.0208, 176.24036, -194.593],
							"size": [7.68, 19.584, 5.504],
							"pivot": [102.5968, -92.17564, 29.663],
							"rotation": [0, 0, -45],
							"uv": {
								"north": {"uv": [15, 2], "uv_size": [0.5, 1]},
								"east": {"uv": [3, 15], "uv_size": [0.5, 1]},
								"south": {"uv": [15, 3], "uv_size": [0.5, 1]},
								"west": {"uv": [4, 15], "uv_size": [0.5, 1]},
								"up": {"uv": [21, 6], "uv_size": [0.5, 0.5]},
								"down": {"uv": [7, 21.5], "uv_size": [0.5, -0.5]}
							}
						},
						{
							"origin": [-84.432, 119.641, -194.593],
							"size": [19.2, 8.448, 5.504],
							"uv": {
								"north": {"uv": [15, 4], "uv_size": [1, 0.5]},
								"east": {"uv": [21, 7], "uv_size": [0.5, 0.5]},
								"south": {"uv": [5, 15], "uv_size": [1, 0.5]},
								"west": {"uv": [8, 21], "uv_size": [0.5, 0.5]},
								"up": {"uv": [15, 5], "uv_size": [1, 0.5]},
								"down": {"uv": [6, 15.5], "uv_size": [1, -0.5]}
							}
						},
						{
							"origin": [-283.41952, 176.29492, -194.593],
							"size": [7.68, 19.584, 5.504],
							"pivot": [-252.31552, -92.12108, 29.663],
							"rotation": [0, 0, 45],
							"uv": {
								"north": {"uv": [15, 6], "uv_size": [0.5, 1]},
								"east": {"uv": [7, 15], "uv_size": [0.5, 1]},
								"south": {"uv": [15, 7], "uv_size": [0.5, 1]},
								"west": {"uv": [8, 15], "uv_size": [0.5, 1]},
								"up": {"uv": [21, 8], "uv_size": [0.5, 0.5]},
								"down": {"uv": [9, 21.5], "uv_size": [0.5, -0.5]}
							}
						},
						{
							"origin": [-76.84704, 125.01828, -193.313],
							"size": [11.52, 3.2, 2.944],
							"pivot": [-65.43552, 128.03892, -191.137],
							"rotation": [0, 0, 65],
							"uv": {
								"north": {"uv": [21, 9], "uv_size": [0.5, 0.5]},
								"east": {"uv": [10, 21], "uv_size": [0.5, 0.5]},
								"south": {"uv": [21, 10], "uv_size": [0.5, 0.5]},
								"west": {"uv": [11, 21], "uv_size": [0.5, 0.5]},
								"up": {"uv": [21, 11], "uv_size": [0.5, 0.5]},
								"down": {"uv": [12, 21.5], "uv_size": [0.5, -0.5]}
							}
						},
						{
							"origin": [-84.38688, 125.03636, -193.313],
							"size": [11.52, 3.2, 2.944],
							"pivot": [-84.27824, 128.057, -192.417],
							"rotation": [0, 0, -65],
							"uv": {
								"north": {"uv": [21, 12], "uv_size": [0.5, 0.5]},
								"east": {"uv": [13, 21], "uv_size": [0.5, 0.5]},
								"south": {"uv": [21, 13], "uv_size": [0.5, 0.5]},
								"west": {"uv": [14, 21], "uv_size": [0.5, 0.5]},
								"up": {"uv": [21, 14], "uv_size": [0.5, 0.5]},
								"down": {"uv": [15, 21.5], "uv_size": [0.5, -0.5]}
							}
						},
						{
							"origin": [-84.38688, 125.03636, -154.913],
							"size": [11.52, 3.2, 2.944],
							"pivot": [-84.27824, 128.057, -154.017],
							"rotation": [0, 0, -65],
							"uv": {
								"north": {"uv": [21, 15], "uv_size": [0.5, 0.5]},
								"east": {"uv": [16, 21], "uv_size": [0.5, 0.5]},
								"south": {"uv": [21, 16], "uv_size": [0.5, 0.5]},
								"west": {"uv": [17, 21], "uv_size": [0.5, 0.5]},
								"up": {"uv": [21, 17], "uv_size": [0.5, 0.5]},
								"down": {"uv": [18, 21.5], "uv_size": [0.5, -0.5]}
							}
						},
						{
							"origin": [-76.84704, 125.01828, -154.913],
							"size": [11.52, 3.2, 2.944],
							"pivot": [-65.43552, 128.03892, -152.737],
							"rotation": [0, 0, 65],
							"uv": {
								"north": {"uv": [21, 18], "uv_size": [0.5, 0.5]},
								"east": {"uv": [19, 21], "uv_size": [0.5, 0.5]},
								"south": {"uv": [21, 19], "uv_size": [0.5, 0.5]},
								"west": {"uv": [20, 21], "uv_size": [0.5, 0.5]},
								"up": {"uv": [21, 20], "uv_size": [0.5, 0.5]},
								"down": {"uv": [21, 21.5], "uv_size": [0.5, -0.5]}
							}
						},
						{
							"origin": [-283.41952, 176.29492, -142.433],
							"size": [7.68, 19.584, 4.224],
							"pivot": [-252.31552, -92.12108, 80.543],
							"rotation": [0, 0, 45],
							"uv": {
								"north": {"uv": [15, 8], "uv_size": [0.5, 1]},
								"east": {"uv": [9, 15], "uv_size": [0.5, 1]},
								"south": {"uv": [15, 9], "uv_size": [0.5, 1]},
								"west": {"uv": [10, 15], "uv_size": [0.5, 1]},
								"up": {"uv": [0, 22], "uv_size": [0.5, 0.5]},
								"down": {"uv": [22, 0.5], "uv_size": [0.5, -0.5]}
							}
						},
						{
							"origin": [-84.432, 119.641, -142.433],
							"size": [19.2, 8.448, 4.224],
							"uv": {
								"north": {"uv": [15, 10], "uv_size": [1, 0.5]},
								"east": {"uv": [1, 22], "uv_size": [0.5, 0.5]},
								"south": {"uv": [11, 15], "uv_size": [1, 0.5]},
								"west": {"uv": [22, 1], "uv_size": [0.5, 0.5]},
								"up": {"uv": [15, 11], "uv_size": [1, 0.5]},
								"down": {"uv": [12, 15.5], "uv_size": [1, -0.5]}
							}
						},
						{
							"origin": [126.0208, 176.24036, -142.433],
							"size": [7.68, 19.584, 4.224],
							"pivot": [102.5968, -92.17564, 80.543],
							"rotation": [0, 0, -45],
							"uv": {
								"north": {"uv": [15, 12], "uv_size": [0.5, 1]},
								"east": {"uv": [13, 15], "uv_size": [0.5, 1]},
								"south": {"uv": [15, 13], "uv_size": [0.5, 1]},
								"west": {"uv": [14, 15], "uv_size": [0.5, 1]},
								"up": {"uv": [2, 22], "uv_size": [0.5, 0.5]},
								"down": {"uv": [22, 2.5], "uv_size": [0.5, -0.5]}
							}
						},
						{
							"origin": [-79.056, 114.265, -142.433],
							"size": [8.448, 19.2, 4.224],
							"uv": {
								"north": {"uv": [15, 14], "uv_size": [0.5, 1]},
								"east": {"uv": [15, 15], "uv_size": [0.5, 1]},
								"south": {"uv": [0, 16], "uv_size": [0.5, 1]},
								"west": {"uv": [16, 0], "uv_size": [0.5, 1]},
								"up": {"uv": [3, 22], "uv_size": [0.5, 0.5]},
								"down": {"uv": [22, 3.5], "uv_size": [0.5, -0.5]}
							}
						},
						{
							"origin": [-79.056, 114.265, -157.473],
							"size": [8.448, 19.2, 8.704],
							"uv": {
								"north": {"uv": [1, 16], "uv_size": [0.5, 1]},
								"east": {"uv": [16, 1], "uv_size": [0.5, 1]},
								"south": {"uv": [2, 16], "uv_size": [0.5, 1]},
								"west": {"uv": [16, 2], "uv_size": [0.5, 1]},
								"up": {"uv": [4, 22], "uv_size": [0.5, 0.5]},
								"down": {"uv": [22, 4.5], "uv_size": [0.5, -0.5]}
							}
						},
						{
							"origin": [126.0208, 176.24036, -157.473],
							"size": [7.68, 19.584, 8.704],
							"pivot": [102.5968, -92.17564, 68.063],
							"rotation": [0, 0, -45],
							"uv": {
								"north": {"uv": [3, 16], "uv_size": [0.5, 1]},
								"east": {"uv": [16, 3], "uv_size": [0.5, 1]},
								"south": {"uv": [4, 16], "uv_size": [0.5, 1]},
								"west": {"uv": [16, 4], "uv_size": [0.5, 1]},
								"up": {"uv": [5, 22], "uv_size": [0.5, 0.5]},
								"down": {"uv": [22, 5.5], "uv_size": [0.5, -0.5]}
							}
						},
						{
							"origin": [-84.432, 119.641, -157.473],
							"size": [19.2, 8.448, 8.704],
							"uv": {
								"north": {"uv": [5, 16], "uv_size": [1, 0.5]},
								"east": {"uv": [6, 22], "uv_size": [0.5, 0.5]},
								"south": {"uv": [16, 5], "uv_size": [1, 0.5]},
								"west": {"uv": [22, 6], "uv_size": [0.5, 0.5]},
								"up": {"uv": [6, 16], "uv_size": [1, 0.5]},
								"down": {"uv": [16, 6.5], "uv_size": [1, -0.5]}
							}
						},
						{
							"origin": [-283.41952, 176.29492, -157.473],
							"size": [7.68, 19.584, 8.704],
							"pivot": [-252.31552, -92.12108, 68.063],
							"rotation": [0, 0, 45],
							"uv": {
								"north": {"uv": [7, 16], "uv_size": [0.5, 1]},
								"east": {"uv": [16, 7], "uv_size": [0.5, 1]},
								"south": {"uv": [8, 16], "uv_size": [0.5, 1]},
								"west": {"uv": [16, 8], "uv_size": [0.5, 1]},
								"up": {"uv": [7, 22], "uv_size": [0.5, 0.5]},
								"down": {"uv": [22, 7.5], "uv_size": [0.5, -0.5]}
							}
						}
					]
				},
				{
					"name": "mushka",
					"parent": "GP",
					"pivot": [-64.48, 220.265, -133.105],
					"rotation": [-90, 0, 0]
				},
				{
					"name": "head",
					"parent": "body",
					"pivot": [0, 24, 0]
				},
				{
					"name": "leftLeg",
					"parent": "waist",
					"pivot": [1.9, 12, 0]
				},
				{
					"name": "leftPants",
					"parent": "leftLeg",
					"pivot": [1.9, 12, 0]
				}
			]
		}
	]
}