{
	"format_version": "1.12.0",
	"minecraft:geometry": [
		{
			"description": {
				"identifier": "geometry.player.nspu_3",
				"texture_width": 64,
				"texture_height": 64,
				"visible_bounds_width": 69,
				"visible_bounds_height": 17,
				"visible_bounds_offset": [0, 6.5, 0]
			},
			"bones": [
				{
					"name": "root",
					"pivot": [0, 0, 0]
				},
				{
					"name": "waist",
					"parent": "root",
					"pivot": [0, 12, 0]
				},
				{
					"name": "body",
					"parent": "waist",
					"pivot": [0, 24, 0]
				},
				{
					"name": "leftArm",
					"parent": "body",
					"pivot": [5, 22, 0]
				},
				{
					"name": "leftSleeve",
					"parent": "leftArm",
					"pivot": [5, 22, 0]
				},
				{
					"name": "leftItem",
					"parent": "leftArm",
					"pivot": [6, 15, 1]
				},
				{
					"name": "rightArm",
					"parent": "body",
					"pivot": [-6, 22, 0]
				},
				{
					"name": "rightSleeve",
					"parent": "rightArm",
					"pivot": [-5.7, 22, 0]
				},
				{
					"name": "rightArm2",
					"parent": "rightArm",
					"pivot": [-6, 22, 0]
				},
				{
					"name": "gun",
					"parent": "rightArm2",
					"pivot": [-80.2, 153, -51.6],
					"rotation": [90, 0, 0]
				},
				{
					"name": "nspu",
					"parent": "gun",
					"pivot": [-81, 192, 11]
				},
				{
					"name": "nspu_2",
					"parent": "nspu",
					"pivot": [-60.4, 88.4, 239.6]
				},
				{
					"name": "bone4",
					"parent": "nspu_2",
					"pivot": [-58.8, 88.16, 196.72],
					"rotation": [0, -5, 0]
				},
				{
					"name": "bone5",
					"parent": "nspu_2",
					"pivot": [-79.28, 88.4, 196.72],
					"rotation": [0, 5, 0]
				},
				{
					"name": "nspu_3",
					"parent": "nspu",
					"pivot": [-45.6, 117.2, 239.6],
					"cubes": [
						{
							"origin": [-61.65, 89.4, -0.8],
							"size": [101.05, 196.8, 0],
							"uv": {
								"north": {"uv": [0, 0], "uv_size": [0.5, 0.5]},
								"east": {"uv": [0, 0], "uv_size": [0, 0.5]},
								"south": {"uv": [0, 0], "uv_size": [64, 15]},
								"west": {"uv": [0, 0], "uv_size": [0, 0.5]},
								"up": {"uv": [0.5, 0], "uv_size": [-0.5, 0]},
								"down": {"uv": [0.5, 0], "uv_size": [-0.5, 0]}
							}
						},
						{
							"origin": [-85.2, 89.4, -0.8],
							"size": [23.8, 89, 0],
							"uv": {
								"north": {"uv": [0, 0], "uv_size": [0.5, 0.5]},
								"east": {"uv": [0, 0], "uv_size": [0, 0.5]},
								"south": {"uv": [0, 0], "uv_size": [64, 15]},
								"west": {"uv": [0, 0], "uv_size": [0, 0.5]},
								"up": {"uv": [0.5, 0], "uv_size": [-0.5, 0]},
								"down": {"uv": [0.5, 0], "uv_size": [-0.5, 0]}
							}
						},
						{
							"origin": [-165, 89.4, -0.8],
							"size": [79.8, 196.8, 0],
							"uv": {
								"north": {"uv": [0, 0], "uv_size": [0.5, 0.5]},
								"east": {"uv": [0, 0], "uv_size": [0, 0.5]},
								"south": {"uv": [0, 0], "uv_size": [64, 15]},
								"west": {"uv": [0, 0], "uv_size": [0, 0.5]},
								"up": {"uv": [0.5, 0], "uv_size": [-0.5, 0]},
								"down": {"uv": [0.5, 0], "uv_size": [-0.5, 0]}
							}
						},
						{
							"origin": [-85.2, 202.2, -0.8],
							"size": [23.8, 84, 0],
							"uv": {
								"north": {"uv": [0, 0], "uv_size": [0.5, 0.5]},
								"east": {"uv": [0, 0], "uv_size": [0, 0.5]},
								"south": {"uv": [0, 0], "uv_size": [64, 15]},
								"west": {"uv": [0, 0], "uv_size": [0, 0.5]},
								"up": {"uv": [0.5, 0], "uv_size": [-0.5, 0]},
								"down": {"uv": [0.5, 0], "uv_size": [-0.5, 0]}
							}
						}
					]
				},
				{
					"name": "nspu_10",
					"parent": "nspu",
					"pivot": [-55.2, -194, 250.4],
					"cubes": [
						{
							"origin": [-81.2, 186.4, 17.2],
							"size": [14.8, 8.8, 0],
							"uv": {
								"north": {"uv": [1.5, 19.5], "uv_size": [0.5, 0.5]},
								"east": {"uv": [0, 0], "uv_size": [0, 0.5]},
								"south": {"uv": [0, 25], "uv_size": [64, 39]},
								"west": {"uv": [0, 0], "uv_size": [0, 0.5]},
								"up": {"uv": [0.5, 0], "uv_size": [-0.5, 0]},
								"down": {"uv": [0.5, 0], "uv_size": [-0.5, 0]}
							}
						},
						{
							"origin": [-77.6, 195.2, 17.2],
							"size": [8.4, 4, 0],
							"uv": {
								"north": {"uv": [1.5, 20], "uv_size": [0.5, 0.5]},
								"east": {"uv": [0, 0], "uv_size": [0, 0.5]},
								"south": {"uv": [0, 25], "uv_size": [64, 39]},
								"west": {"uv": [0, 0], "uv_size": [0, 0.5]},
								"up": {"uv": [0.5, 0], "uv_size": [-0.5, 0]},
								"down": {"uv": [0.5, 0], "uv_size": [-0.5, 0]}
							}
						},
						{
							"origin": [-77.6, 182.4, 17.2],
							"size": [8.4, 4, 0],
							"uv": {
								"north": {"uv": [1.5, 20], "uv_size": [0.5, 0.5]},
								"east": {"uv": [0, 0], "uv_size": [0, 0.5]},
								"south": {"uv": [0, 25], "uv_size": [64, 39]},
								"west": {"uv": [0, 0], "uv_size": [0, 0.5]},
								"up": {"uv": [0.5, 0], "uv_size": [-0.5, 0]},
								"down": {"uv": [0.5, 0], "uv_size": [-0.5, 0]}
							}
						}
					]
				},
				{
					"name": "head",
					"parent": "body",
					"pivot": [0, 24, 0]
				},
				{
					"name": "leftLeg",
					"parent": "waist",
					"pivot": [1.9, 12, 0]
				},
				{
					"name": "leftPants",
					"parent": "leftLeg",
					"pivot": [1.9, 12, 0]
				}
			]
		}
	]
}