{
	"format_version": "1.12.0",
	"minecraft:geometry": [
		{
			"description": {
				"identifier": "geometry.player.nspu",
				"texture_width": 64,
				"texture_height": 64,
				"visible_bounds_width": 59,
				"visible_bounds_height": 17,
				"visible_bounds_offset": [0, 6.5, 0]
			},
			"bones": [
				{
					"name": "root",
					"pivot": [0, 0, 0]
				},
				{
					"name": "waist",
					"parent": "root",
					"pivot": [0, 12, 0]
				},
				{
					"name": "body",
					"parent": "waist",
					"pivot": [0, 24, 0]
				},
				{
					"name": "leftArm",
					"parent": "body",
					"pivot": [5, 22, 0]
				},
				{
					"name": "leftSleeve",
					"parent": "leftArm",
					"pivot": [5, 22, 0]
				},
				{
					"name": "leftItem",
					"parent": "leftArm",
					"pivot": [6, 15, 1]
				},
				{
					"name": "rightArm",
					"parent": "body",
					"pivot": [-6, 22, 0]
				},
				{
					"name": "rightSleeve",
					"parent": "rightArm",
					"pivot": [-5.7, 22, 0]
				},
				{
					"name": "rightArm2",
					"parent": "rightArm",
					"pivot": [-6, 22, 0]
				},
				{
					"name": "gun",
					"parent": "rightArm2",
					"pivot": [-80.2, 153, -51.6],
					"rotation": [90, 0, 0]
				},
				{
					"name": "nspu",
					"parent": "gun",
					"pivot": [-61.96901, 153.35775, -28.28284],
					"cubes": [
						{
							"origin": [-130.544, 150.8704, 15.8682],
							"size": [17.856, 4.256, 3.304],
							"pivot": [-60.4, 117.2, 0.0938],
							"rotation": [0, 0, 45],
							"uv": {
								"north": {"uv": [64, 0], "uv_size": [0, 0]},
								"east": {"uv": [63, 0], "uv_size": [1, 3]},
								"south": {"uv": [63, 0], "uv_size": [1, 6]},
								"west": {"uv": [63, 0], "uv_size": [1, 1]},
								"up": {"uv": [61, 0], "uv_size": [3, 3]},
								"down": {"uv": [62, 0], "uv_size": [2, 4]}
							}
						},
						{
							"origin": [-116.944, 154.0704, 15.8682],
							"size": [4.256, 11.456, 3.304],
							"pivot": [-60.4, 117.2, 0.0938],
							"rotation": [0, 0, 45],
							"uv": {
								"north": {"uv": [64, 0], "uv_size": [0, 0]},
								"east": {"uv": [63, 0], "uv_size": [1, 3]},
								"south": {"uv": [63, 0], "uv_size": [1, 6]},
								"west": {"uv": [63, 0], "uv_size": [1, 1]},
								"up": {"uv": [61, 0], "uv_size": [3, 3]},
								"down": {"uv": [62, 0], "uv_size": [2, 4]}
							}
						},
						{
							"origin": [-130.544, 164.4704, 15.8682],
							"size": [17.856, 4.256, 3.304],
							"pivot": [-60.4, 117.2, 0.0938],
							"rotation": [0, 0, 45],
							"uv": {
								"north": {"uv": [64, 0], "uv_size": [0, 0]},
								"east": {"uv": [63, 0], "uv_size": [1, 3]},
								"south": {"uv": [63, 0], "uv_size": [1, 6]},
								"west": {"uv": [63, 0], "uv_size": [1, 1]},
								"up": {"uv": [61, 0], "uv_size": [3, 3]},
								"down": {"uv": [62, 0], "uv_size": [2, 4]}
							}
						},
						{
							"origin": [-130.544, 154.0704, 15.8682],
							"size": [4.256, 11.456, 3.304],
							"pivot": [-60.4, 117.2, 0.0938],
							"rotation": [0, 0, 45],
							"uv": {
								"north": {"uv": [64, 0], "uv_size": [0, 0]},
								"east": {"uv": [63, 0], "uv_size": [1, 3]},
								"south": {"uv": [63, 0], "uv_size": [1, 6]},
								"west": {"uv": [63, 0], "uv_size": [1, 1]},
								"up": {"uv": [61, 0], "uv_size": [3, 3]},
								"down": {"uv": [62, 0], "uv_size": [2, 4]}
							}
						},
						{
							"origin": [-64.4, 147.28, -13.335],
							"size": [9.12, 1.92, 2.92],
							"uv": {
								"north": {"uv": [64, 64], "uv_size": [0, 0]},
								"east": {"uv": [63, 61], "uv_size": [1, 3]},
								"south": {"uv": [63, 58], "uv_size": [1, 6]},
								"west": {"uv": [63, 63], "uv_size": [1, 1]},
								"up": {"uv": [61, 61], "uv_size": [3, 3]},
								"down": {"uv": [62, 60], "uv_size": [2, 4]}
							}
						},
						{
							"origin": [-66.8, 149.2, -12.055],
							"size": [13.12, 28.64, 5],
							"uv": {
								"north": {"uv": [51, 61], "uv_size": [0, 0]},
								"east": {"uv": [51, 59], "uv_size": [1, 3]},
								"south": {"uv": [52, 57], "uv_size": [1, 6]},
								"west": {"uv": [51, 58], "uv_size": [1, 1]},
								"up": {"uv": [50, 60], "uv_size": [3, 3]},
								"down": {"uv": [50, 56], "uv_size": [2, 4]}
							}
						},
						{
							"origin": [-67.12, 148.88, -12.055],
							"size": [13.76, 30.24, 2.12],
							"uv": {
								"north": {"uv": [64, 64], "uv_size": [0, 0]},
								"east": {"uv": [63, 61], "uv_size": [1, 3]},
								"south": {"uv": [63, 58], "uv_size": [1, 6]},
								"west": {"uv": [63, 63], "uv_size": [1, 1]},
								"up": {"uv": [61, 61], "uv_size": [3, 3]},
								"down": {"uv": [62, 60], "uv_size": [2, 4]}
							}
						},
						{
							"origin": [-56.88, 152.56, -39.735],
							"size": [2.4, 6.72, 7.72],
							"uv": {
								"north": {"uv": [64, 64], "uv_size": [0, 0]},
								"east": {"uv": [63, 61], "uv_size": [1, 3]},
								"south": {"uv": [63, 58], "uv_size": [1, 6]},
								"west": {"uv": [63, 63], "uv_size": [1, 1]},
								"up": {"uv": [61, 61], "uv_size": [3, 3]},
								"down": {"uv": [62, 60], "uv_size": [2, 4]}
							}
						},
						{
							"origin": [-56.88, 151.6, -36.855],
							"size": [2.08, 8.64, 1.96],
							"uv": {
								"north": {"uv": [64, 64], "uv_size": [0, 0]},
								"east": {"uv": [63, 61], "uv_size": [1, 3]},
								"south": {"uv": [63, 58], "uv_size": [1, 6]},
								"west": {"uv": [63, 63], "uv_size": [1, 1]},
								"up": {"uv": [61, 61], "uv_size": [3, 3]},
								"down": {"uv": [62, 60], "uv_size": [2, 4]}
							}
						},
						{
							"origin": [-56.88, 155.76, -40.695],
							"size": [2.08, 0.96, 9.64],
							"uv": {
								"north": {"uv": [64, 64], "uv_size": [0, 0]},
								"east": {"uv": [63, 61], "uv_size": [1, 3]},
								"south": {"uv": [63, 58], "uv_size": [1, 6]},
								"west": {"uv": [63, 63], "uv_size": [1, 1]},
								"up": {"uv": [61, 61], "uv_size": [3, 3]},
								"down": {"uv": [62, 60], "uv_size": [2, 4]}
							}
						},
						{
							"origin": [-56.88, 142.96, -68.535],
							"size": [2.08, 0.96, 11.88],
							"pivot": [-60.4, 117.2, -33.775],
							"rotation": [-45, 0, 0],
							"uv": {
								"north": {"uv": [64, 64], "uv_size": [0, 0]},
								"east": {"uv": [63, 61], "uv_size": [1, 3]},
								"south": {"uv": [63, 58], "uv_size": [1, 6]},
								"west": {"uv": [63, 63], "uv_size": [1, 1]},
								"up": {"uv": [61, 61], "uv_size": [3, 3]},
								"down": {"uv": [62, 60], "uv_size": [2, 4]}
							}
						},
						{
							"origin": [-56.88, 145.2, -14.135],
							"size": [2.08, 0.96, 11.88],
							"pivot": [-60.4, 117.2, -33.775],
							"rotation": [45, 0, 0],
							"uv": {
								"north": {"uv": [64, 64], "uv_size": [0, 0]},
								"east": {"uv": [63, 61], "uv_size": [1, 3]},
								"south": {"uv": [63, 58], "uv_size": [1, 6]},
								"west": {"uv": [63, 63], "uv_size": [1, 1]},
								"up": {"uv": [61, 61], "uv_size": [3, 3]},
								"down": {"uv": [62, 60], "uv_size": [2, 4]}
							}
						},
						{
							"origin": [-53.68, 156.72, -46.455],
							"size": [0.08, 13.28, 22.52],
							"uv": {
								"north": {"uv": [51, 62], "uv_size": [0, 0]},
								"east": {"uv": [53, 11], "uv_size": [1, 3]},
								"south": {"uv": [52, 56], "uv_size": [1, 6]},
								"west": {"uv": [51, 22], "uv_size": [13, 9]},
								"up": {"uv": [49, 61], "uv_size": [3, 3]},
								"down": {"uv": [52, 58], "uv_size": [2, 4]}
							}
						},
						{
							"origin": [-56.88, 154.32, -50.455],
							"size": [3.2, 6.4, 9.32],
							"uv": {
								"north": {"uv": [51, 62], "uv_size": [0, 0]},
								"east": {"uv": [51, 56], "uv_size": [1, 3]},
								"south": {"uv": [52, 56], "uv_size": [1, 6]},
								"west": {"uv": [52, 59], "uv_size": [1, 1]},
								"up": {"uv": [49, 61], "uv_size": [3, 3]},
								"down": {"uv": [52, 58], "uv_size": [2, 4]}
							}
						},
						{
							"origin": [-56.88, 154.32, -30.935],
							"size": [3.2, 6.4, 9],
							"uv": {
								"north": {"uv": [51, 62], "uv_size": [0, 0]},
								"east": {"uv": [51, 56], "uv_size": [1, 3]},
								"south": {"uv": [52, 56], "uv_size": [1, 6]},
								"west": {"uv": [52, 59], "uv_size": [1, 1]},
								"up": {"uv": [49, 61], "uv_size": [3, 3]},
								"down": {"uv": [52, 58], "uv_size": [2, 4]}
							}
						},
						{
							"origin": [-56.88, 149.2, -66.455],
							"size": [3.2, 4.48, 6.12],
							"pivot": [-60.4, 117.2, -33.775],
							"rotation": [-45, 0, 0],
							"uv": {
								"north": {"uv": [51, 62], "uv_size": [0, 0]},
								"east": {"uv": [51, 56], "uv_size": [1, 3]},
								"south": {"uv": [52, 56], "uv_size": [1, 6]},
								"west": {"uv": [52, 59], "uv_size": [1, 1]},
								"up": {"uv": [49, 61], "uv_size": [3, 3]},
								"down": {"uv": [52, 58], "uv_size": [2, 4]}
							}
						},
						{
							"origin": [-56.88, 151.6, -10.615],
							"size": [3.2, 3.84, 5.48],
							"pivot": [-60.4, 117.2, -33.775],
							"rotation": [45, 0, 0],
							"uv": {
								"north": {"uv": [51, 62], "uv_size": [0, 0]},
								"east": {"uv": [51, 56], "uv_size": [1, 3]},
								"south": {"uv": [52, 56], "uv_size": [1, 6]},
								"west": {"uv": [52, 59], "uv_size": [1, 1]},
								"up": {"uv": [49, 61], "uv_size": [3, 3]},
								"down": {"uv": [52, 58], "uv_size": [2, 4]}
							}
						},
						{
							"origin": [-57.2, 149.52, -48.535],
							"size": [0.32, 1.6, 24.36],
							"uv": {
								"north": {"uv": [64, 64], "uv_size": [0, 0]},
								"east": {"uv": [63, 61], "uv_size": [1, 3]},
								"south": {"uv": [63, 58], "uv_size": [1, 6]},
								"west": {"uv": [63, 63], "uv_size": [1, 1]},
								"up": {"uv": [61, 61], "uv_size": [3, 3]},
								"down": {"uv": [62, 60], "uv_size": [2, 4]}
							}
						},
						{
							"origin": [-63.6, 143.44, -40.135],
							"size": [3.2, 5.76, 1.96],
							"uv": {
								"north": {"uv": [64, 64], "uv_size": [0, 0]},
								"east": {"uv": [63, 61], "uv_size": [1, 3]},
								"south": {"uv": [63, 58], "uv_size": [1, 6]},
								"west": {"uv": [63, 63], "uv_size": [1, 1]},
								"up": {"uv": [61, 61], "uv_size": [3, 3]},
								"down": {"uv": [62, 60], "uv_size": [2, 4]}
							}
						},
						{
							"origin": [-63.6, 143.44, -38.855],
							"size": [3.2, 5.76, 1.96],
							"uv": {
								"north": {"uv": [64, 64], "uv_size": [0, 0]},
								"east": {"uv": [63, 61], "uv_size": [1, 3]},
								"south": {"uv": [63, 58], "uv_size": [1, 6]},
								"west": {"uv": [63, 63], "uv_size": [1, 1]},
								"up": {"uv": [61, 61], "uv_size": [3, 3]},
								"down": {"uv": [62, 60], "uv_size": [2, 4]}
							}
						},
						{
							"origin": [-63.6, 143.44, -35.655],
							"size": [3.2, 5.76, 1.96],
							"uv": {
								"north": {"uv": [64, 64], "uv_size": [0, 0]},
								"east": {"uv": [63, 61], "uv_size": [1, 3]},
								"south": {"uv": [63, 58], "uv_size": [1, 6]},
								"west": {"uv": [63, 63], "uv_size": [1, 1]},
								"up": {"uv": [61, 61], "uv_size": [3, 3]},
								"down": {"uv": [62, 60], "uv_size": [2, 4]}
							}
						},
						{
							"origin": [-66.16, 145.36, -51.655],
							"size": [1.28, 3.84, 32.04],
							"uv": {
								"north": {"uv": [39, 63], "uv_size": [0, 0]},
								"east": {"uv": [39, 61], "uv_size": [1, 3]},
								"south": {"uv": [40, 58], "uv_size": [1, 6]},
								"west": {"uv": [39, 61], "uv_size": [1, 1]},
								"up": {"uv": [38, 60], "uv_size": [3, 3]},
								"down": {"uv": [37, 60], "uv_size": [2, 4]}
							}
						},
						{
							"origin": [-66.16, 139.6, -51.655],
							"size": [1.28, 1.28, 32.04],
							"uv": {
								"north": {"uv": [39, 63], "uv_size": [0, 0]},
								"east": {"uv": [39, 61], "uv_size": [1, 3]},
								"south": {"uv": [40, 58], "uv_size": [1, 6]},
								"west": {"uv": [39, 61], "uv_size": [1, 1]},
								"up": {"uv": [38, 60], "uv_size": [3, 3]},
								"down": {"uv": [37, 60], "uv_size": [2, 4]}
							}
						},
						{
							"origin": [-66.8, 140.24, -45.255],
							"size": [2.88, 1.6, 12.84],
							"uv": {
								"north": {"uv": [39, 63], "uv_size": [0, 0]},
								"east": {"uv": [39, 61], "uv_size": [1, 3]},
								"south": {"uv": [40, 58], "uv_size": [1, 6]},
								"west": {"uv": [39, 61], "uv_size": [1, 1]},
								"up": {"uv": [38, 60], "uv_size": [3, 3]},
								"down": {"uv": [37, 60], "uv_size": [2, 4]}
							}
						},
						{
							"origin": [-66.8, 137.36, -45.255],
							"size": [2.88, 1.6, 19.24],
							"uv": {
								"north": {"uv": [39, 63], "uv_size": [0, 0]},
								"east": {"uv": [39, 61], "uv_size": [1, 3]},
								"south": {"uv": [40, 58], "uv_size": [1, 6]},
								"west": {"uv": [39, 61], "uv_size": [1, 1]},
								"up": {"uv": [38, 60], "uv_size": [3, 3]},
								"down": {"uv": [37, 60], "uv_size": [2, 4]}
							}
						},
						{
							"origin": [-66.16, 137.36, -42.055],
							"size": [1.28, 5.44, 2.28],
							"uv": {
								"north": {"uv": [39, 63], "uv_size": [0, 0]},
								"east": {"uv": [39, 61], "uv_size": [1, 3]},
								"south": {"uv": [40, 58], "uv_size": [1, 6]},
								"west": {"uv": [39, 61], "uv_size": [1, 1]},
								"up": {"uv": [38, 60], "uv_size": [3, 3]},
								"down": {"uv": [37, 60], "uv_size": [2, 4]}
							}
						},
						{
							"origin": [-66.16, 140.24, -20.935],
							"size": [1.28, 6.4, 1.96],
							"uv": {
								"north": {"uv": [39, 63], "uv_size": [0, 0]},
								"east": {"uv": [39, 61], "uv_size": [1, 3]},
								"south": {"uv": [40, 58], "uv_size": [1, 6]},
								"west": {"uv": [39, 61], "uv_size": [1, 1]},
								"up": {"uv": [38, 60], "uv_size": [3, 3]},
								"down": {"uv": [37, 60], "uv_size": [2, 4]}
							}
						},
						{
							"origin": [-66.16, 140.24, -52.295],
							"size": [1.28, 6.4, 1.96],
							"uv": {
								"north": {"uv": [39, 63], "uv_size": [0, 0]},
								"east": {"uv": [39, 61], "uv_size": [1, 3]},
								"south": {"uv": [40, 58], "uv_size": [1, 6]},
								"west": {"uv": [39, 61], "uv_size": [1, 1]},
								"up": {"uv": [38, 60], "uv_size": [3, 3]},
								"down": {"uv": [37, 60], "uv_size": [2, 4]}
							}
						},
						{
							"origin": [-66.16, 143.44, -45.255],
							"size": [1.28, 3.2, 12.52],
							"uv": {
								"north": {"uv": [39, 63], "uv_size": [0, 0]},
								"east": {"uv": [39, 61], "uv_size": [1, 3]},
								"south": {"uv": [40, 58], "uv_size": [1, 6]},
								"west": {"uv": [39, 61], "uv_size": [1, 1]},
								"up": {"uv": [38, 60], "uv_size": [3, 3]},
								"down": {"uv": [37, 60], "uv_size": [2, 4]}
							}
						},
						{
							"origin": [-63.6, 143.44, -34.695],
							"size": [3.2, 0.96, 13],
							"uv": {
								"north": {"uv": [64, 64], "uv_size": [0, 0]},
								"east": {"uv": [63, 61], "uv_size": [1, 3]},
								"south": {"uv": [63, 58], "uv_size": [1, 6]},
								"west": {"uv": [63, 63], "uv_size": [1, 1]},
								"up": {"uv": [61, 61], "uv_size": [3, 3]},
								"down": {"uv": [62, 60], "uv_size": [2, 4]}
							}
						},
						{
							"origin": [-63.28, 144.4, -44.295],
							"size": [1.28, 6.4, 26.6],
							"uv": {
								"north": {"uv": [29, 60], "uv_size": [0, 0]},
								"east": {"uv": [29, 61], "uv_size": [1, 3]},
								"south": {"uv": [28, 58], "uv_size": [1, 6]},
								"west": {"uv": [29, 63], "uv_size": [1, 1]},
								"up": {"uv": [28, 61], "uv_size": [3, 3]},
								"down": {"uv": [29, 60], "uv_size": [2, 4]}
							}
						},
						{
							"origin": [-63.28, 139.92, -20.295],
							"size": [1.28, 4.48, 2.6],
							"uv": {
								"north": {"uv": [64, 64], "uv_size": [0, 0]},
								"east": {"uv": [63, 61], "uv_size": [1, 3]},
								"south": {"uv": [63, 58], "uv_size": [1, 6]},
								"west": {"uv": [63, 63], "uv_size": [1, 1]},
								"up": {"uv": [61, 61], "uv_size": [3, 3]},
								"down": {"uv": [62, 60], "uv_size": [2, 4]}
							}
						},
						{
							"origin": [-63.6, 141.84, -57.575],
							"size": [4.8, 0.96, 13.8],
							"pivot": [-60.4, 117.2, -33.775],
							"rotation": [-55, 0, 0],
							"uv": {
								"north": {"uv": [64, 64], "uv_size": [0, 0]},
								"east": {"uv": [63, 61], "uv_size": [1, 3]},
								"south": {"uv": [63, 58], "uv_size": [1, 6]},
								"west": {"uv": [63, 63], "uv_size": [1, 1]},
								"up": {"uv": [61, 61], "uv_size": [3, 3]},
								"down": {"uv": [62, 60], "uv_size": [2, 4]}
							}
						},
						{
							"origin": [-81.2, 178.32, -0.215],
							"size": [23.36, 3.84, 1.05],
							"uv": {
								"north": {"uv": [64, 64], "uv_size": [0, 0]},
								"east": {"uv": [63, 61], "uv_size": [1, 3]},
								"south": {"uv": [63, 58], "uv_size": [1, 6]},
								"west": {"uv": [63, 63], "uv_size": [1, 1]},
								"up": {"uv": [61, 61], "uv_size": [3, 3]},
								"down": {"uv": [62, 60], "uv_size": [2, 4]}
							}
						},
						{
							"origin": [-124.72, 203.6, -0.215],
							"size": [5.44, 4.32, 1.05],
							"pivot": [-60.4, 271.76, 13.265],
							"rotation": [0, 0, -45],
							"uv": {
								"north": {"uv": [64, 64], "uv_size": [0, 0]},
								"east": {"uv": [63, 61], "uv_size": [1, 3]},
								"south": {"uv": [63, 58], "uv_size": [1, 6]},
								"west": {"uv": [63, 63], "uv_size": [1, 1]},
								"up": {"uv": [61, 61], "uv_size": [3, 3]},
								"down": {"uv": [62, 60], "uv_size": [2, 4]}
							}
						},
						{
							"origin": [-62.8, 182, -0.215],
							"size": [8.8, 18.4, 1.05],
							"uv": {
								"north": {"uv": [64, 64], "uv_size": [0, 0]},
								"east": {"uv": [63, 61], "uv_size": [1, 3]},
								"south": {"uv": [63, 58], "uv_size": [1, 6]},
								"west": {"uv": [63, 63], "uv_size": [1, 1]},
								"up": {"uv": [61, 61], "uv_size": [3, 3]},
								"down": {"uv": [62, 60], "uv_size": [2, 4]}
							}
						},
						{
							"origin": [-84.61133, 181.90585, -0.215],
							"size": [0.3, 18.725, 1.05],
							"uv": {
								"north": {"uv": [64, 64], "uv_size": [0, 0]},
								"east": {"uv": [63, 61], "uv_size": [1, 3]},
								"south": {"uv": [63, 58], "uv_size": [1, 6]},
								"west": {"uv": [63, 63], "uv_size": [1, 1]},
								"up": {"uv": [61, 61], "uv_size": [3, 3]},
								"down": {"uv": [62, 60], "uv_size": [2, 4]}
							}
						},
						{
							"origin": [-84.31133, 186.45585, -0.215],
							"size": [0.825, 3.525, 1.05],
							"uv": {
								"north": {"uv": [64, 64], "uv_size": [0, 0]},
								"east": {"uv": [63, 61], "uv_size": [1, 3]},
								"south": {"uv": [63, 58], "uv_size": [1, 6]},
								"west": {"uv": [63, 63], "uv_size": [1, 1]},
								"up": {"uv": [61, 61], "uv_size": [3, 3]},
								"down": {"uv": [62, 60], "uv_size": [2, 4]}
							}
						},
						{
							"origin": [-84.31133, 181.90585, -0.215],
							"size": [2.65, 6.125, 1.05],
							"uv": {
								"north": {"uv": [64, 64], "uv_size": [0, 0]},
								"east": {"uv": [63, 61], "uv_size": [1, 3]},
								"south": {"uv": [63, 58], "uv_size": [1, 6]},
								"west": {"uv": [63, 63], "uv_size": [1, 1]},
								"up": {"uv": [61, 61], "uv_size": [3, 3]},
								"down": {"uv": [62, 60], "uv_size": [2, 4]}
							}
						},
						{
							"origin": [-84.88633, 175.05585, -0.215],
							"size": [0.3, 16, 1.05],
							"pivot": [-84.46133, 191.26835, 0.31],
							"rotation": [0, 0, -45],
							"uv": {
								"north": {"uv": [64, 64], "uv_size": [0, 0]},
								"east": {"uv": [63, 61], "uv_size": [1, 3]},
								"south": {"uv": [63, 58], "uv_size": [1, 6]},
								"west": {"uv": [63, 63], "uv_size": [1, 1]},
								"up": {"uv": [61, 61], "uv_size": [3, 3]},
								"down": {"uv": [62, 60], "uv_size": [2, 4]}
							}
						},
						{
							"origin": [-85.28633, 189.18085, -0.215],
							"size": [0.7, 1.375, 1.05],
							"pivot": [-84.46133, 191.26835, 0.31],
							"rotation": [0, 0, -45],
							"uv": {
								"north": {"uv": [64, 64], "uv_size": [0, 0]},
								"east": {"uv": [63, 61], "uv_size": [1, 3]},
								"south": {"uv": [63, 58], "uv_size": [1, 6]},
								"west": {"uv": [63, 63], "uv_size": [1, 1]},
								"up": {"uv": [61, 61], "uv_size": [3, 3]},
								"down": {"uv": [62, 60], "uv_size": [2, 4]}
							}
						},
						{
							"origin": [-86.46133, 177.48085, -0.215],
							"size": [1.575, 11.7, 1.05],
							"pivot": [-84.46133, 191.26835, 0.31],
							"rotation": [0, 0, -45],
							"uv": {
								"north": {"uv": [64, 64], "uv_size": [0, 0]},
								"east": {"uv": [63, 61], "uv_size": [1, 3]},
								"south": {"uv": [63, 58], "uv_size": [1, 6]},
								"west": {"uv": [63, 63], "uv_size": [1, 1]},
								"up": {"uv": [61, 61], "uv_size": [3, 3]},
								"down": {"uv": [62, 60], "uv_size": [2, 4]}
							}
						},
						{
							"origin": [-124.72, 174.64, -0.215],
							"size": [5.44, 4.32, 1.05],
							"pivot": [-60.4, 110.8, 13.265],
							"rotation": [0, 0, 45],
							"uv": {
								"north": {"uv": [64, 64], "uv_size": [0, 0]},
								"east": {"uv": [63, 61], "uv_size": [1, 3]},
								"south": {"uv": [63, 58], "uv_size": [1, 6]},
								"west": {"uv": [63, 63], "uv_size": [1, 1]},
								"up": {"uv": [61, 61], "uv_size": [3, 3]},
								"down": {"uv": [62, 60], "uv_size": [2, 4]}
							}
						},
						{
							"origin": [-81.2, 200.4, -0.215],
							"size": [23.36, 3.84, 1.05],
							"uv": {
								"north": {"uv": [64, 64], "uv_size": [0, 0]},
								"east": {"uv": [63, 61], "uv_size": [1, 3]},
								"south": {"uv": [63, 58], "uv_size": [1, 6]},
								"west": {"uv": [63, 63], "uv_size": [1, 1]},
								"up": {"uv": [61, 61], "uv_size": [3, 3]},
								"down": {"uv": [62, 60], "uv_size": [2, 4]}
							}
						},
						{
							"origin": [-14, 185.57, -0.215],
							"size": [5.12, 5.87, 1.05],
							"pivot": [-60.4, 110.8, 13.265],
							"rotation": [0, 0, -45],
							"uv": {
								"north": {"uv": [64, 64], "uv_size": [0, 0]},
								"east": {"uv": [63, 61], "uv_size": [1, 3]},
								"south": {"uv": [63, 58], "uv_size": [1, 6]},
								"west": {"uv": [63, 63], "uv_size": [1, 1]},
								"up": {"uv": [61, 61], "uv_size": [3, 3]},
								"down": {"uv": [62, 60], "uv_size": [2, 4]}
							}
						},
						{
							"origin": [-14, 191.12, -0.215],
							"size": [5.12, 5.97, 1.05],
							"pivot": [-60.4, 271.76, 13.265],
							"rotation": [0, 0, 45],
							"uv": {
								"north": {"uv": [64, 64], "uv_size": [0, 0]},
								"east": {"uv": [63, 61], "uv_size": [1, 3]},
								"south": {"uv": [63, 58], "uv_size": [1, 6]},
								"west": {"uv": [63, 63], "uv_size": [1, 1]},
								"up": {"uv": [61, 61], "uv_size": [3, 3]},
								"down": {"uv": [62, 60], "uv_size": [2, 4]}
							}
						},
						{
							"origin": [-15, 192.12, -0.215],
							"size": [1, 4.97, 1.05],
							"pivot": [-60.4, 271.76, 13.265],
							"rotation": [0, 0, 45],
							"uv": {
								"north": {"uv": [64, 64], "uv_size": [0, 0]},
								"east": {"uv": [63, 61], "uv_size": [1, 3]},
								"south": {"uv": [63, 58], "uv_size": [1, 6]},
								"west": {"uv": [63, 63], "uv_size": [1, 1]},
								"up": {"uv": [61, 61], "uv_size": [3, 3]},
								"down": {"uv": [62, 60], "uv_size": [2, 4]}
							}
						},
						{
							"origin": [-84.86133, 190.44415, -0.215],
							"size": [0.3, 16, 1.05],
							"pivot": [-84.43633, 190.23165, 0.31],
							"rotation": [0, 0, 45],
							"uv": {
								"north": {"uv": [64, 64], "uv_size": [0, 0]},
								"east": {"uv": [63, 64], "uv_size": [1, -3]},
								"south": {"uv": [63, 64], "uv_size": [1, -6]},
								"west": {"uv": [63, 64], "uv_size": [1, -1]},
								"up": {"uv": [62, 64], "uv_size": [2, -4]},
								"down": {"uv": [61, 64], "uv_size": [3, -3]}
							}
						},
						{
							"origin": [-86.43633, 192.31915, -0.215],
							"size": [1.575, 11.7, 1.05],
							"pivot": [-84.43633, 190.23165, 0.31],
							"rotation": [0, 0, 45],
							"uv": {
								"north": {"uv": [64, 64], "uv_size": [0, 0]},
								"east": {"uv": [63, 64], "uv_size": [1, -3]},
								"south": {"uv": [63, 64], "uv_size": [1, -6]},
								"west": {"uv": [63, 64], "uv_size": [1, -1]},
								"up": {"uv": [62, 64], "uv_size": [2, -4]},
								"down": {"uv": [61, 64], "uv_size": [3, -3]}
							}
						},
						{
							"origin": [-84.33633, 191.51915, -0.215],
							"size": [0.875, 3.525, 1.05],
							"uv": {
								"north": {"uv": [64, 64], "uv_size": [0, 0]},
								"east": {"uv": [63, 64], "uv_size": [1, -3]},
								"south": {"uv": [63, 64], "uv_size": [1, -6]},
								"west": {"uv": [63, 64], "uv_size": [1, -1]},
								"up": {"uv": [62, 64], "uv_size": [2, -4]},
								"down": {"uv": [61, 64], "uv_size": [3, -3]}
							}
						},
						{
							"origin": [-85.23633, 190.84415, -0.215],
							"size": [0.45, 1.475, 1.05],
							"pivot": [-84.43633, 190.23165, 0.31],
							"rotation": [0, 0, 45],
							"uv": {
								"north": {"uv": [64, 64], "uv_size": [0, 0]},
								"east": {"uv": [63, 64], "uv_size": [1, -3]},
								"south": {"uv": [63, 64], "uv_size": [1, -6]},
								"west": {"uv": [63, 64], "uv_size": [1, -1]},
								"up": {"uv": [62, 64], "uv_size": [2, -4]},
								"down": {"uv": [61, 64], "uv_size": [3, -3]}
							}
						},
						{
							"origin": [-84.33633, 193.46915, -0.215],
							"size": [2.7, 7.075, 1.05],
							"uv": {
								"north": {"uv": [64, 64], "uv_size": [0, 0]},
								"east": {"uv": [63, 64], "uv_size": [1, -3]},
								"south": {"uv": [63, 64], "uv_size": [1, -6]},
								"west": {"uv": [63, 64], "uv_size": [1, -1]},
								"up": {"uv": [62, 64], "uv_size": [2, -4]},
								"down": {"uv": [61, 64], "uv_size": [3, -3]}
							}
						},
						{
							"origin": [-14.975, 184.41, -0.215],
							"size": [2.225, 4.97, 1.05],
							"pivot": [-60.375, 109.74, 13.265],
							"rotation": [0, 0, -45],
							"uv": {
								"north": {"uv": [64, 64], "uv_size": [0, 0]},
								"east": {"uv": [63, 64], "uv_size": [1, -3]},
								"south": {"uv": [63, 64], "uv_size": [1, -6]},
								"west": {"uv": [63, 64], "uv_size": [1, -1]},
								"up": {"uv": [62, 64], "uv_size": [2, -4]},
								"down": {"uv": [61, 64], "uv_size": [3, -3]}
							}
						},
						{
							"origin": [-62.61367, 190.44415, -0.215],
							"size": [0.3, 16, 1.05],
							"pivot": [-62.73867, 190.23165, 0.31],
							"rotation": [0, 0, -45],
							"uv": {
								"north": {"uv": [64, 64], "uv_size": [0, 0]},
								"east": {"uv": [64, 64], "uv_size": [-1, -1]},
								"south": {"uv": [64, 64], "uv_size": [-1, -6]},
								"west": {"uv": [64, 64], "uv_size": [-1, -3]},
								"up": {"uv": [64, 64], "uv_size": [-2, -4]},
								"down": {"uv": [64, 64], "uv_size": [-3, -3]}
							}
						},
						{
							"origin": [-62.31367, 192.31915, -0.215],
							"size": [1.575, 11.7, 1.05],
							"pivot": [-62.73867, 190.23165, 0.31],
							"rotation": [0, 0, -45],
							"uv": {
								"north": {"uv": [64, 64], "uv_size": [0, 0]},
								"east": {"uv": [64, 64], "uv_size": [-1, -1]},
								"south": {"uv": [64, 64], "uv_size": [-1, -6]},
								"west": {"uv": [64, 64], "uv_size": [-1, -3]},
								"up": {"uv": [64, 64], "uv_size": [-2, -4]},
								"down": {"uv": [64, 64], "uv_size": [-3, -3]}
							}
						},
						{
							"origin": [-138.295, 185.57, -0.215],
							"size": [5.12, 5.87, 1.05],
							"pivot": [-86.775, 110.8, 13.265],
							"rotation": [0, 0, 45],
							"uv": {
								"north": {"uv": [64, 64], "uv_size": [0, 0]},
								"east": {"uv": [64, 63], "uv_size": [-1, 1]},
								"south": {"uv": [64, 58], "uv_size": [-1, 6]},
								"west": {"uv": [64, 61], "uv_size": [-1, 3]},
								"up": {"uv": [64, 61], "uv_size": [-3, 3]},
								"down": {"uv": [64, 60], "uv_size": [-2, 4]}
							}
						},
						{
							"origin": [-134.425, 184.41, -0.215],
							"size": [7.325, 6.62, 1.05],
							"pivot": [-86.8, 109.74, 13.265],
							"rotation": [0, 0, 45],
							"uv": {
								"north": {"uv": [64, 64], "uv_size": [0, 0]},
								"east": {"uv": [64, 64], "uv_size": [-1, -1]},
								"south": {"uv": [64, 64], "uv_size": [-1, -6]},
								"west": {"uv": [64, 64], "uv_size": [-1, -3]},
								"up": {"uv": [64, 64], "uv_size": [-2, -4]},
								"down": {"uv": [64, 64], "uv_size": [-3, -3]}
							}
						},
						{
							"origin": [-63.71367, 191.51915, -0.215],
							"size": [0.875, 3.525, 1.05],
							"uv": {
								"north": {"uv": [64, 64], "uv_size": [0, 0]},
								"east": {"uv": [64, 64], "uv_size": [-1, -1]},
								"south": {"uv": [64, 64], "uv_size": [-1, -6]},
								"west": {"uv": [64, 64], "uv_size": [-1, -3]},
								"up": {"uv": [64, 64], "uv_size": [-2, -4]},
								"down": {"uv": [64, 64], "uv_size": [-3, -3]}
							}
						},
						{
							"origin": [-62.38867, 190.84415, -0.215],
							"size": [0.45, 1.475, 1.05],
							"pivot": [-62.73867, 190.23165, 0.31],
							"rotation": [0, 0, -45],
							"uv": {
								"north": {"uv": [64, 64], "uv_size": [0, 0]},
								"east": {"uv": [64, 64], "uv_size": [-1, -1]},
								"south": {"uv": [64, 64], "uv_size": [-1, -6]},
								"west": {"uv": [64, 64], "uv_size": [-1, -3]},
								"up": {"uv": [64, 64], "uv_size": [-2, -4]},
								"down": {"uv": [64, 64], "uv_size": [-3, -3]}
							}
						},
						{
							"origin": [-63.68867, 186.45585, -0.215],
							"size": [1.225, 3.525, 1.05],
							"uv": {
								"north": {"uv": [64, 64], "uv_size": [0, 0]},
								"east": {"uv": [64, 63], "uv_size": [-1, 1]},
								"south": {"uv": [64, 58], "uv_size": [-1, 6]},
								"west": {"uv": [64, 61], "uv_size": [-1, 3]},
								"up": {"uv": [64, 61], "uv_size": [-3, 3]},
								"down": {"uv": [64, 60], "uv_size": [-2, 4]}
							}
						},
						{
							"origin": [-62.58867, 189.18085, -0.215],
							"size": [0.7, 1.375, 1.05],
							"pivot": [-62.71367, 191.26835, 0.31],
							"rotation": [0, 0, 45],
							"uv": {
								"north": {"uv": [64, 64], "uv_size": [0, 0]},
								"east": {"uv": [64, 63], "uv_size": [-1, 1]},
								"south": {"uv": [64, 58], "uv_size": [-1, 6]},
								"west": {"uv": [64, 61], "uv_size": [-1, 3]},
								"up": {"uv": [64, 61], "uv_size": [-3, 3]},
								"down": {"uv": [64, 60], "uv_size": [-2, 4]}
							}
						},
						{
							"origin": [-62.58867, 175.05585, -0.215],
							"size": [0.3, 16, 1.05],
							"pivot": [-62.71367, 191.26835, 0.31],
							"rotation": [0, 0, 45],
							"uv": {
								"north": {"uv": [64, 64], "uv_size": [0, 0]},
								"east": {"uv": [64, 63], "uv_size": [-1, 1]},
								"south": {"uv": [64, 58], "uv_size": [-1, 6]},
								"west": {"uv": [64, 61], "uv_size": [-1, 3]},
								"up": {"uv": [64, 61], "uv_size": [-3, 3]},
								"down": {"uv": [64, 60], "uv_size": [-2, 4]}
							}
						},
						{
							"origin": [-62.28867, 177.48085, -0.215],
							"size": [4, 11.7, 1.05],
							"pivot": [-62.71367, 191.26835, 0.31],
							"rotation": [0, 0, 45],
							"uv": {
								"north": {"uv": [64, 64], "uv_size": [0, 0]},
								"east": {"uv": [64, 63], "uv_size": [-1, 1]},
								"south": {"uv": [64, 58], "uv_size": [-1, 6]},
								"west": {"uv": [64, 61], "uv_size": [-1, 3]},
								"up": {"uv": [64, 61], "uv_size": [-3, 3]},
								"down": {"uv": [64, 60], "uv_size": [-2, 4]}
							}
						},
						{
							"origin": [-65.51367, 181.90585, -0.215],
							"size": [3.05, 6.125, 1.05],
							"uv": {
								"north": {"uv": [64, 64], "uv_size": [0, 0]},
								"east": {"uv": [64, 63], "uv_size": [-1, 1]},
								"south": {"uv": [64, 58], "uv_size": [-1, 6]},
								"west": {"uv": [64, 61], "uv_size": [-1, 3]},
								"up": {"uv": [64, 61], "uv_size": [-3, 3]},
								"down": {"uv": [64, 60], "uv_size": [-2, 4]}
							}
						},
						{
							"origin": [-133.175, 192.12, -0.215],
							"size": [1, 4.97, 1.05],
							"pivot": [-86.775, 271.76, 13.265],
							"rotation": [0, 0, -45],
							"uv": {
								"north": {"uv": [64, 64], "uv_size": [0, 0]},
								"east": {"uv": [64, 63], "uv_size": [-1, 1]},
								"south": {"uv": [64, 58], "uv_size": [-1, 6]},
								"west": {"uv": [64, 61], "uv_size": [-1, 3]},
								"up": {"uv": [64, 61], "uv_size": [-3, 3]},
								"down": {"uv": [64, 60], "uv_size": [-2, 4]}
							}
						},
						{
							"origin": [-63.28, 142.8, -50.375],
							"size": [1.28, 1.6, 6.28],
							"pivot": [-60.4, 117.2, -33.775],
							"rotation": [-55, 0, 0],
							"uv": {
								"north": {"uv": [64, 64], "uv_size": [0, 0]},
								"east": {"uv": [63, 61], "uv_size": [1, 3]},
								"south": {"uv": [63, 58], "uv_size": [1, 6]},
								"west": {"uv": [63, 63], "uv_size": [1, 1]},
								"up": {"uv": [61, 61], "uv_size": [3, 3]},
								"down": {"uv": [62, 60], "uv_size": [2, 4]}
							}
						},
						{
							"origin": [-63.6, 138.64, -62.695],
							"size": [4.8, 0.96, 11.88],
							"pivot": [-60.4, 117.2, -33.775],
							"rotation": [-72.5, 0, 0],
							"uv": {
								"north": {"uv": [64, 64], "uv_size": [0, 0]},
								"east": {"uv": [63, 61], "uv_size": [1, 3]},
								"south": {"uv": [63, 58], "uv_size": [1, 6]},
								"west": {"uv": [63, 63], "uv_size": [1, 1]},
								"up": {"uv": [61, 61], "uv_size": [3, 3]},
								"down": {"uv": [62, 60], "uv_size": [2, 4]}
							}
						},
						{
							"origin": [-63.6, 143.44, -36.935],
							"size": [3.2, 5.76, 1.96],
							"uv": {
								"north": {"uv": [64, 64], "uv_size": [0, 0]},
								"east": {"uv": [63, 61], "uv_size": [1, 3]},
								"south": {"uv": [63, 58], "uv_size": [1, 6]},
								"west": {"uv": [63, 63], "uv_size": [1, 1]},
								"up": {"uv": [61, 61], "uv_size": [3, 3]},
								"down": {"uv": [62, 60], "uv_size": [2, 4]}
							}
						},
						{
							"origin": [-63.6, 139.92, -19.335],
							"size": [4.8, 10.56, 1.96],
							"uv": {
								"north": {"uv": [64, 64], "uv_size": [0, 0]},
								"east": {"uv": [63, 61], "uv_size": [1, 3]},
								"south": {"uv": [63, 58], "uv_size": [1, 6]},
								"west": {"uv": [63, 63], "uv_size": [1, 1]},
								"up": {"uv": [61, 61], "uv_size": [3, 3]},
								"down": {"uv": [62, 60], "uv_size": [2, 4]}
							}
						},
						{
							"origin": [-63.6, 116.56, -70.615],
							"size": [3.2, 5.44, 1.96],
							"pivot": [-60.4, 117.2, -33.775],
							"rotation": [-57.5, 0, 0],
							"uv": {
								"north": {"uv": [64, 64], "uv_size": [0, 0]},
								"east": {"uv": [63, 61], "uv_size": [1, 3]},
								"south": {"uv": [63, 58], "uv_size": [1, 6]},
								"west": {"uv": [63, 63], "uv_size": [1, 1]},
								"up": {"uv": [61, 61], "uv_size": [3, 3]},
								"down": {"uv": [62, 60], "uv_size": [2, 4]}
							}
						},
						{
							"origin": [-63.28, 118.48, -69.655],
							"size": [1.28, 2.72, 2.92],
							"pivot": [-60.4, 117.2, -33.775],
							"rotation": [-57.5, 0, 0],
							"uv": {
								"north": {"uv": [29, 60], "uv_size": [0, 0]},
								"east": {"uv": [29, 61], "uv_size": [1, 3]},
								"south": {"uv": [28, 58], "uv_size": [1, 6]},
								"west": {"uv": [29, 63], "uv_size": [1, 1]},
								"up": {"uv": [28, 61], "uv_size": [3, 3]},
								"down": {"uv": [29, 60], "uv_size": [2, 4]}
							}
						},
						{
							"origin": [-63.28, 117.52, -69.655],
							"size": [1.28, 0.96, 2.28],
							"pivot": [-60.4, 117.2, -33.775],
							"rotation": [-57.5, 0, 0],
							"uv": {
								"north": {"uv": [64, 64], "uv_size": [0, 0]},
								"east": {"uv": [63, 61], "uv_size": [1, 3]},
								"south": {"uv": [63, 58], "uv_size": [1, 6]},
								"west": {"uv": [63, 63], "uv_size": [1, 1]},
								"up": {"uv": [61, 61], "uv_size": [3, 3]},
								"down": {"uv": [62, 60], "uv_size": [2, 4]}
							}
						},
						{
							"origin": [-63.6, 92.56, -60.695],
							"size": [3.2, 15.04, 1.96],
							"pivot": [-60.4, 117.2, -33.775],
							"rotation": [-100, 0, 0],
							"uv": {
								"north": {"uv": [64, 64], "uv_size": [0, 0]},
								"east": {"uv": [63, 61], "uv_size": [1, 3]},
								"south": {"uv": [63, 58], "uv_size": [1, 6]},
								"west": {"uv": [63, 63], "uv_size": [1, 1]},
								"up": {"uv": [61, 61], "uv_size": [3, 3]},
								"down": {"uv": [62, 60], "uv_size": [2, 4]}
							}
						},
						{
							"origin": [-63.28, 96.56, -64.695],
							"size": [1.28, 6.56, 5],
							"pivot": [-60.4, 117.2, -33.775],
							"rotation": [-100, 0, 0],
							"uv": {
								"north": {"uv": [29, 60], "uv_size": [0, 0]},
								"east": {"uv": [29, 61], "uv_size": [1, 3]},
								"south": {"uv": [28, 58], "uv_size": [1, 6]},
								"west": {"uv": [29, 63], "uv_size": [1, 1]},
								"up": {"uv": [28, 61], "uv_size": [3, 3]},
								"down": {"uv": [29, 60], "uv_size": [2, 4]}
							}
						}
					]
				},
				{
					"name": "nspu_2",
					"parent": "nspu",
					"pivot": [-60.4, 88, 241.025],
					"cubes": [
						{
							"origin": [-65.2, 181.2, -50.775],
							"size": [4.8, 0.8, 30.12],
							"uv": {
								"north": {"uv": [64, 64], "uv_size": [0, 0]},
								"east": {"uv": [63, 61], "uv_size": [1, 3]},
								"south": {"uv": [63, 58], "uv_size": [1, 6]},
								"west": {"uv": [63, 63], "uv_size": [1, 1]},
								"up": {"uv": [61, 61], "uv_size": [3, 3]},
								"down": {"uv": [62, 60], "uv_size": [2, 4]}
							}
						},
						{
							"origin": [-84.4, 182, -66.775],
							"size": [30.4, 18.4, 46.12],
							"uv": {
								"north": {"uv": [64, 64], "uv_size": [0, 0]},
								"east": {"uv": [63, 61], "uv_size": [1, 3]},
								"south": {"uv": [63, 58], "uv_size": [1, 6]},
								"west": {"uv": [63, 63], "uv_size": [1, 1]},
								"up": {"uv": [61, 61], "uv_size": [3, 3]},
								"down": {"uv": [62, 60], "uv_size": [2, 4]}
							}
						},
						{
							"origin": [-66.56, 182, -123.095],
							"size": [15.2, 18.4, 58.12],
							"pivot": [-60.4, 117.2, -33.775],
							"rotation": [0, 5, 0],
							"uv": {
								"north": {"uv": [64, 64], "uv_size": [0, 0]},
								"east": {"uv": [63, 61], "uv_size": [1, 3]},
								"south": {"uv": [63, 58], "uv_size": [1, 6]},
								"west": {"uv": [63, 63], "uv_size": [1, 1]},
								"up": {"uv": [61, 61], "uv_size": [3, 3]},
								"down": {"uv": [62, 60], "uv_size": [2, 4]}
							}
						},
						{
							"origin": [-60.48, 178.24, -124.375],
							"size": [5.52, 3.76, 59.4],
							"pivot": [-60.4, 117.2, -33.775],
							"rotation": [0, 5, 0],
							"uv": {
								"north": {"uv": [64, 64], "uv_size": [0, 0]},
								"east": {"uv": [63, 61], "uv_size": [1, 3]},
								"south": {"uv": [63, 58], "uv_size": [1, 6]},
								"west": {"uv": [63, 63], "uv_size": [1, 1]},
								"up": {"uv": [61, 61], "uv_size": [3, 3]},
								"down": {"uv": [62, 60], "uv_size": [2, 4]}
							}
						},
						{
							"origin": [-84.4, 182, -124.375],
							"size": [24.64, 18.4, 58.6],
							"uv": {
								"north": {"uv": [64, 64], "uv_size": [0, 0]},
								"east": {"uv": [63, 61], "uv_size": [1, 3]},
								"south": {"uv": [63, 58], "uv_size": [1, 6]},
								"west": {"uv": [63, 63], "uv_size": [1, 1]},
								"up": {"uv": [61, 61], "uv_size": [3, 3]},
								"down": {"uv": [62, 60], "uv_size": [2, 4]}
							}
						},
						{
							"origin": [-84.4, 182, -143.575],
							"size": [18.4, 18.4, 20.2],
							"uv": {
								"north": {"uv": [32, 64], "uv_size": [0, 0]},
								"east": {"uv": [27, 61], "uv_size": [1, 3]},
								"south": {"uv": [30, 58], "uv_size": [1, 6]},
								"west": {"uv": [29, 63], "uv_size": [1, 1]},
								"up": {"uv": [28, 61], "uv_size": [3, 3]},
								"down": {"uv": [30, 60], "uv_size": [2, 4]}
							}
						},
						{
							"origin": [-66, 188.4, -169.175],
							"size": [3.2, 5.6, 45.8],
							"uv": {
								"north": {"uv": [53, 64], "uv_size": [0, 0]},
								"east": {"uv": [49, 61], "uv_size": [1, 3]},
								"south": {"uv": [50, 58], "uv_size": [1, 6]},
								"west": {"uv": [52, 60], "uv_size": [1, 1]},
								"up": {"uv": [50, 61], "uv_size": [3, 3]},
								"down": {"uv": [50, 60], "uv_size": [2, 4]}
							}
						},
						{
							"origin": [-66, 186, -169.175],
							"size": [2.4, 10.4, 26.6],
							"uv": {
								"north": {"uv": [53, 64], "uv_size": [0, 0]},
								"east": {"uv": [49, 61], "uv_size": [1, 3]},
								"south": {"uv": [50, 58], "uv_size": [1, 6]},
								"west": {"uv": [52, 60], "uv_size": [1, 1]},
								"up": {"uv": [50, 61], "uv_size": [3, 3]},
								"down": {"uv": [50, 60], "uv_size": [2, 4]}
							}
						},
						{
							"origin": [-66, 182, -140.375],
							"size": [6.4, 18.4, 7.4],
							"uv": {
								"north": {"uv": [53, 64], "uv_size": [0, 0]},
								"east": {"uv": [49, 61], "uv_size": [1, 3]},
								"south": {"uv": [50, 58], "uv_size": [1, 6]},
								"west": {"uv": [52, 60], "uv_size": [1, 1]},
								"up": {"uv": [50, 61], "uv_size": [3, 3]},
								"down": {"uv": [50, 60], "uv_size": [2, 4]}
							}
						},
						{
							"origin": [-66, 200.4, -139.575],
							"size": [4.8, 3.2, 5.8],
							"uv": {
								"north": {"uv": [53, 64], "uv_size": [0, 0]},
								"east": {"uv": [49, 61], "uv_size": [1, 3]},
								"south": {"uv": [50, 58], "uv_size": [1, 6]},
								"west": {"uv": [52, 60], "uv_size": [1, 1]},
								"up": {"uv": [50, 61], "uv_size": [3, 3]},
								"down": {"uv": [50, 60], "uv_size": [2, 4]}
							}
						},
						{
							"origin": [-66, 182, -155.575],
							"size": [4.8, 18.4, 5],
							"uv": {
								"north": {"uv": [53, 64], "uv_size": [0, 0]},
								"east": {"uv": [49, 61], "uv_size": [1, 3]},
								"south": {"uv": [50, 58], "uv_size": [1, 6]},
								"west": {"uv": [52, 60], "uv_size": [1, 1]},
								"up": {"uv": [50, 61], "uv_size": [3, 3]},
								"down": {"uv": [50, 60], "uv_size": [2, 4]}
							}
						},
						{
							"origin": [-86, 180.4, -169.175],
							"size": [21.6, 21.6, 26.6],
							"uv": {
								"north": {"uv": [32, 64], "uv_size": [0, 0]},
								"east": {"uv": [27, 61], "uv_size": [1, 3]},
								"south": {"uv": [30, 58], "uv_size": [1, 6]},
								"west": {"uv": [29, 63], "uv_size": [1, 1]},
								"up": {"uv": [28, 61], "uv_size": [3, 3]},
								"down": {"uv": [30, 60], "uv_size": [2, 4]}
							}
						},
						{
							"origin": [-89.2, 177.2, -181.975],
							"size": [28, 28, 20.2],
							"uv": {
								"north": {"uv": [32, 64], "uv_size": [0, 0]},
								"east": {"uv": [27, 61], "uv_size": [1, 3]},
								"south": {"uv": [30, 58], "uv_size": [1, 6]},
								"west": {"uv": [29, 63], "uv_size": [1, 1]},
								"up": {"uv": [28, 61], "uv_size": [3, 3]},
								"down": {"uv": [30, 60], "uv_size": [2, 4]}
							}
						},
						{
							"origin": [-14, 187.12, -124.375],
							"size": [5.12, 4.32, 103.72],
							"pivot": [-60.4, 110.8, -33.775],
							"rotation": [0, 0, -45],
							"uv": {
								"north": {"uv": [64, 64], "uv_size": [0, 0]},
								"east": {"uv": [63, 61], "uv_size": [1, 3]},
								"south": {"uv": [63, 58], "uv_size": [1, 6]},
								"west": {"uv": [63, 63], "uv_size": [1, 1]},
								"up": {"uv": [61, 61], "uv_size": [3, 3]},
								"down": {"uv": [62, 60], "uv_size": [2, 4]}
							}
						},
						{
							"origin": [-124.72, 174.64, -66.775],
							"size": [5.44, 4.32, 46.12],
							"pivot": [-60.4, 110.8, -33.775],
							"rotation": [0, 0, 45],
							"uv": {
								"north": {"uv": [64, 64], "uv_size": [0, 0]},
								"east": {"uv": [63, 61], "uv_size": [1, 3]},
								"south": {"uv": [63, 58], "uv_size": [1, 6]},
								"west": {"uv": [63, 63], "uv_size": [1, 1]},
								"up": {"uv": [61, 61], "uv_size": [3, 3]},
								"down": {"uv": [62, 60], "uv_size": [2, 4]}
							}
						},
						{
							"origin": [-81.2, 200.4, -66.775],
							"size": [23.36, 3.84, 46.12],
							"uv": {
								"north": {"uv": [64, 64], "uv_size": [0, 0]},
								"east": {"uv": [63, 61], "uv_size": [1, 3]},
								"south": {"uv": [63, 58], "uv_size": [1, 6]},
								"west": {"uv": [63, 63], "uv_size": [1, 1]},
								"up": {"uv": [61, 61], "uv_size": [3, 3]},
								"down": {"uv": [62, 60], "uv_size": [2, 4]}
							}
						},
						{
							"origin": [-81.2, 178.32, -66.775],
							"size": [23.36, 3.84, 46.12],
							"uv": {
								"north": {"uv": [64, 64], "uv_size": [0, 0]},
								"east": {"uv": [63, 61], "uv_size": [1, 3]},
								"south": {"uv": [63, 58], "uv_size": [1, 6]},
								"west": {"uv": [63, 63], "uv_size": [1, 1]},
								"up": {"uv": [61, 61], "uv_size": [3, 3]},
								"down": {"uv": [62, 60], "uv_size": [2, 4]}
							}
						},
						{
							"origin": [-80.96, 178.32, -124.375],
							"size": [17.6, 3.84, 59.24],
							"uv": {
								"north": {"uv": [64, 64], "uv_size": [0, 0]},
								"east": {"uv": [63, 61], "uv_size": [1, 3]},
								"south": {"uv": [63, 58], "uv_size": [1, 6]},
								"west": {"uv": [63, 63], "uv_size": [1, 1]},
								"up": {"uv": [61, 61], "uv_size": [3, 3]},
								"down": {"uv": [62, 60], "uv_size": [2, 4]}
							}
						},
						{
							"origin": [-60.48, 200.32, -123.095],
							"size": [5.52, 3.76, 58.12],
							"pivot": [-60.4, 139.28, -33.775],
							"rotation": [0, 5, 0],
							"uv": {
								"north": {"uv": [64, 64], "uv_size": [0, 0]},
								"east": {"uv": [63, 61], "uv_size": [1, 3]},
								"south": {"uv": [63, 58], "uv_size": [1, 6]},
								"west": {"uv": [63, 63], "uv_size": [1, 1]},
								"up": {"uv": [61, 61], "uv_size": [3, 3]},
								"down": {"uv": [62, 60], "uv_size": [2, 4]}
							}
						},
						{
							"origin": [-80.56, 200.4, -124.375],
							"size": [17.2, 3.84, 59.24],
							"uv": {
								"north": {"uv": [64, 64], "uv_size": [0, 0]},
								"east": {"uv": [63, 61], "uv_size": [1, 3]},
								"south": {"uv": [63, 58], "uv_size": [1, 6]},
								"west": {"uv": [63, 63], "uv_size": [1, 1]},
								"up": {"uv": [61, 61], "uv_size": [3, 3]},
								"down": {"uv": [62, 60], "uv_size": [2, 4]}
							}
						},
						{
							"origin": [-124.72, 203.6, -66.775],
							"size": [5.44, 4.32, 46.12],
							"pivot": [-60.4, 271.76, -33.775],
							"rotation": [0, 0, -45],
							"uv": {
								"north": {"uv": [64, 64], "uv_size": [0, 0]},
								"east": {"uv": [63, 61], "uv_size": [1, 3]},
								"south": {"uv": [63, 58], "uv_size": [1, 6]},
								"west": {"uv": [63, 63], "uv_size": [1, 1]},
								"up": {"uv": [61, 61], "uv_size": [3, 3]},
								"down": {"uv": [62, 60], "uv_size": [2, 4]}
							}
						},
						{
							"origin": [-14, 191.12, -124.375],
							"size": [5.12, 4.32, 103.72],
							"pivot": [-60.4, 271.76, -33.775],
							"rotation": [0, 0, 45],
							"uv": {
								"north": {"uv": [64, 64], "uv_size": [0, 0]},
								"east": {"uv": [63, 61], "uv_size": [1, 3]},
								"south": {"uv": [63, 58], "uv_size": [1, 6]},
								"west": {"uv": [63, 63], "uv_size": [1, 1]},
								"up": {"uv": [61, 61], "uv_size": [3, 3]},
								"down": {"uv": [62, 60], "uv_size": [2, 4]}
							}
						},
						{
							"origin": [-14, 191.12, -19.735],
							"size": [5.12, 4.32, 20.52],
							"pivot": [-60.4, 271.76, 13.265],
							"rotation": [0, 0, 45],
							"uv": {
								"north": {"uv": [64, 64], "uv_size": [0, 0]},
								"east": {"uv": [63, 61], "uv_size": [1, 3]},
								"south": {"uv": [63, 58], "uv_size": [1, 6]},
								"west": {"uv": [63, 63], "uv_size": [1, 1]},
								"up": {"uv": [61, 61], "uv_size": [3, 3]},
								"down": {"uv": [62, 60], "uv_size": [2, 4]}
							}
						},
						{
							"origin": [-81.2, 178.32, -22.935],
							"size": [23.36, 3.84, 23.72],
							"uv": {
								"north": {"uv": [64, 64], "uv_size": [0, 0]},
								"east": {"uv": [63, 61], "uv_size": [1, 3]},
								"south": {"uv": [63, 58], "uv_size": [1, 6]},
								"west": {"uv": [63, 63], "uv_size": [1, 1]},
								"up": {"uv": [61, 61], "uv_size": [3, 3]},
								"down": {"uv": [62, 60], "uv_size": [2, 4]}
							}
						},
						{
							"origin": [-124.72, 203.6, -19.735],
							"size": [5.44, 4.32, 20.52],
							"pivot": [-60.4, 271.76, 13.265],
							"rotation": [0, 0, -45],
							"uv": {
								"north": {"uv": [64, 64], "uv_size": [0, 0]},
								"east": {"uv": [63, 61], "uv_size": [1, 3]},
								"south": {"uv": [63, 58], "uv_size": [1, 6]},
								"west": {"uv": [63, 63], "uv_size": [1, 1]},
								"up": {"uv": [61, 61], "uv_size": [3, 3]},
								"down": {"uv": [62, 60], "uv_size": [2, 4]}
							}
						},
						{
							"origin": [-84.4, 182, -19.735],
							"size": [30.4, 18.4, 20.52],
							"uv": {
								"north": {"uv": [64, 64], "uv_size": [0, 0]},
								"east": {"uv": [63, 61], "uv_size": [1, 3]},
								"south": {"uv": [63, 58], "uv_size": [1, 6]},
								"west": {"uv": [63, 63], "uv_size": [1, 1]},
								"up": {"uv": [61, 61], "uv_size": [3, 3]},
								"down": {"uv": [62, 60], "uv_size": [2, 4]}
							}
						},
						{
							"origin": [-128.24, 153.1744, -0.2598],
							"size": [13.248, 13.248, 3.304],
							"pivot": [-60.4, 117.2, 0.0938],
							"rotation": [0, 0, 45],
							"uv": {
								"north": {"uv": [64, 0], "uv_size": [0, 0]},
								"east": {"uv": [63, 0], "uv_size": [1, 3]},
								"south": {"uv": [63, 0], "uv_size": [1, 6]},
								"west": {"uv": [63, 0], "uv_size": [1, 1]},
								"up": {"uv": [61, 0], "uv_size": [3, 3]},
								"down": {"uv": [62, 0], "uv_size": [2, 4]}
							}
						},
						{
							"origin": [-127.088, 154.3264, 13.5642],
							"size": [10.944, 10.944, 3.304],
							"pivot": [-60.4, 117.2, 0.0938],
							"rotation": [0, 0, 45],
							"uv": {
								"north": {"uv": [64, 0], "uv_size": [0, 0]},
								"east": {"uv": [63, 0], "uv_size": [1, 3]},
								"south": {"uv": [63, 16], "uv_size": [1, 6]},
								"west": {"uv": [63, 0], "uv_size": [1, 1]},
								"up": {"uv": [61, 0], "uv_size": [3, 3]},
								"down": {"uv": [62, 0], "uv_size": [2, 4]}
							}
						},
						{
							"origin": [-129.392, 152.0224, 2.0442],
							"size": [15.552, 15.552, 12.52],
							"pivot": [-60.4, 117.2, 0.0938],
							"rotation": [0, 0, 45],
							"uv": {
								"north": {"uv": [64, 0], "uv_size": [0, 0]},
								"east": {"uv": [63, 0], "uv_size": [1, 3]},
								"south": {"uv": [63, 0], "uv_size": [1, 6]},
								"west": {"uv": [63, 0], "uv_size": [1, 1]},
								"up": {"uv": [61, 0], "uv_size": [3, 3]},
								"down": {"uv": [62, 0], "uv_size": [2, 4]}
							}
						},
						{
							"origin": [-124.72, 174.64, -19.735],
							"size": [5.44, 4.32, 20.52],
							"pivot": [-60.4, 110.8, 13.265],
							"rotation": [0, 0, 45],
							"uv": {
								"north": {"uv": [64, 64], "uv_size": [0, 0]},
								"east": {"uv": [63, 61], "uv_size": [1, 3]},
								"south": {"uv": [63, 58], "uv_size": [1, 6]},
								"west": {"uv": [63, 63], "uv_size": [1, 1]},
								"up": {"uv": [61, 61], "uv_size": [3, 3]},
								"down": {"uv": [62, 60], "uv_size": [2, 4]}
							}
						},
						{
							"origin": [-81.2, 200.4, -19.735],
							"size": [23.36, 3.84, 20.52],
							"uv": {
								"north": {"uv": [64, 64], "uv_size": [0, 0]},
								"east": {"uv": [63, 61], "uv_size": [1, 3]},
								"south": {"uv": [63, 58], "uv_size": [1, 6]},
								"west": {"uv": [63, 63], "uv_size": [1, 1]},
								"up": {"uv": [61, 61], "uv_size": [3, 3]},
								"down": {"uv": [62, 60], "uv_size": [2, 4]}
							}
						},
						{
							"origin": [-14, 187.12, -19.735],
							"size": [5.12, 4.32, 20.52],
							"pivot": [-60.4, 110.8, 13.265],
							"rotation": [0, 0, -45],
							"uv": {
								"north": {"uv": [64, 64], "uv_size": [0, 0]},
								"east": {"uv": [63, 61], "uv_size": [1, 3]},
								"south": {"uv": [63, 58], "uv_size": [1, 6]},
								"west": {"uv": [63, 63], "uv_size": [1, 1]},
								"up": {"uv": [61, 61], "uv_size": [3, 3]},
								"down": {"uv": [62, 60], "uv_size": [2, 4]}
							}
						},
						{
							"origin": [-137.584, 170.448, -21.655],
							"size": [6.528, 5.184, 2.984],
							"pivot": [-60.4, 93.84, 17.745],
							"rotation": [0, 0, 45],
							"uv": {
								"north": {"uv": [50, 64], "uv_size": [0, 0]},
								"east": {"uv": [51, 60], "uv_size": [1, 3]},
								"south": {"uv": [51, 58], "uv_size": [1, 6]},
								"west": {"uv": [51, 63], "uv_size": [1, 1]},
								"up": {"uv": [51, 61], "uv_size": [3, 3]},
								"down": {"uv": [50, 60], "uv_size": [2, 4]}
							}
						},
						{
							"origin": [-82.16, 201.36, -21.655],
							"size": [24.832, 4.608, 2.984],
							"uv": {
								"north": {"uv": [50, 64], "uv_size": [0, 0]},
								"east": {"uv": [51, 60], "uv_size": [1, 3]},
								"south": {"uv": [51, 58], "uv_size": [1, 6]},
								"west": {"uv": [51, 63], "uv_size": [1, 1]},
								"up": {"uv": [51, 61], "uv_size": [3, 3]},
								"down": {"uv": [50, 60], "uv_size": [2, 4]}
							}
						},
						{
							"origin": [-1.52, 185.424, -21.655],
							"size": [6.144, 5.184, 2.984],
							"pivot": [-57.2, 93.84, 17.745],
							"rotation": [0, 0, -45],
							"uv": {
								"north": {"uv": [50, 64], "uv_size": [0, 0]},
								"east": {"uv": [51, 60], "uv_size": [1, 3]},
								"south": {"uv": [51, 58], "uv_size": [1, 6]},
								"west": {"uv": [51, 63], "uv_size": [1, 1]},
								"up": {"uv": [51, 61], "uv_size": [3, 3]},
								"down": {"uv": [50, 60], "uv_size": [2, 4]}
							}
						},
						{
							"origin": [-86, 179.28, -21.655],
							"size": [33.28, 22.08, 2.984],
							"uv": {
								"north": {"uv": [50, 64], "uv_size": [0, 0]},
								"east": {"uv": [51, 60], "uv_size": [1, 3]},
								"south": {"uv": [51, 58], "uv_size": [1, 6]},
								"west": {"uv": [51, 63], "uv_size": [1, 1]},
								"up": {"uv": [51, 61], "uv_size": [3, 3]},
								"down": {"uv": [50, 60], "uv_size": [2, 4]}
							}
						},
						{
							"origin": [-83.696, 185.6544, -21.655],
							"size": [26.1632, 4.3008, 1],
							"uv": {
								"north": {"uv": [64, 64], "uv_size": [0, 0]},
								"east": {"uv": [63, 61], "uv_size": [1, 3]},
								"south": {"uv": [63, 58], "uv_size": [1, 6]},
								"west": {"uv": [63, 63], "uv_size": [1, 1]},
								"up": {"uv": [61, 61], "uv_size": [3, 3]},
								"down": {"uv": [62, 60], "uv_size": [2, 4]}
							}
						},
						{
							"origin": [-63.6, 178, -65.495],
							"size": [3.2, 3.2, 15.72],
							"uv": {
								"north": {"uv": [64, 64], "uv_size": [0, 0]},
								"east": {"uv": [63, 61], "uv_size": [1, 3]},
								"south": {"uv": [63, 58], "uv_size": [1, 6]},
								"west": {"uv": [63, 63], "uv_size": [1, 1]},
								"up": {"uv": [61, 61], "uv_size": [3, 3]},
								"down": {"uv": [62, 60], "uv_size": [2, 4]}
							}
						},
						{
							"origin": [-15.84, 155.52, -50.455],
							"size": [3.2, 4.48, 28.52],
							"pivot": [-60.4, 117.2, -33.775],
							"rotation": [0, 0, -45],
							"uv": {
								"north": {"uv": [64, 64], "uv_size": [0, 0]},
								"east": {"uv": [63, 61], "uv_size": [1, 3]},
								"south": {"uv": [63, 58], "uv_size": [1, 6]},
								"west": {"uv": [63, 63], "uv_size": [1, 1]},
								"up": {"uv": [61, 61], "uv_size": [3, 3]},
								"down": {"uv": [62, 60], "uv_size": [2, 4]}
							}
						},
						{
							"origin": [-137.584, 205.2, -21.655],
							"size": [6.528, 5.184, 2.984],
							"pivot": [-60.4, 286.992, 17.745],
							"rotation": [0, 0, -45],
							"uv": {
								"north": {"uv": [50, 64], "uv_size": [0, 0]},
								"east": {"uv": [51, 60], "uv_size": [1, 3]},
								"south": {"uv": [51, 58], "uv_size": [1, 6]},
								"west": {"uv": [51, 63], "uv_size": [1, 1]},
								"up": {"uv": [51, 61], "uv_size": [3, 3]},
								"down": {"uv": [50, 60], "uv_size": [2, 4]}
							}
						},
						{
							"origin": [-1.52, 190.224, -21.655],
							"size": [6.144, 5.184, 2.984],
							"pivot": [-57.2, 286.992, 17.745],
							"rotation": [0, 0, 45],
							"uv": {
								"north": {"uv": [50, 64], "uv_size": [0, 0]},
								"east": {"uv": [51, 60], "uv_size": [1, 3]},
								"south": {"uv": [51, 58], "uv_size": [1, 6]},
								"west": {"uv": [51, 63], "uv_size": [1, 1]},
								"up": {"uv": [51, 61], "uv_size": [3, 3]},
								"down": {"uv": [50, 60], "uv_size": [2, 4]}
							}
						},
						{
							"origin": [-82.16, 174.864, -21.655],
							"size": [24.832, 3.408, 2.984],
							"uv": {
								"north": {"uv": [50, 64], "uv_size": [0, 0]},
								"east": {"uv": [51, 60], "uv_size": [1, 3]},
								"south": {"uv": [51, 58], "uv_size": [1, 6]},
								"west": {"uv": [51, 63], "uv_size": [1, 1]},
								"up": {"uv": [51, 61], "uv_size": [3, 3]},
								"down": {"uv": [50, 60], "uv_size": [2, 4]}
							}
						},
						{
							"origin": [-63.6, 144.4, 17.705],
							"size": [3.2, 16, 4.52],
							"pivot": [-60.4, 117.2, -33.775],
							"rotation": [77.5, 0, 0],
							"uv": {
								"north": {"uv": [64, 64], "uv_size": [0, 0]},
								"east": {"uv": [63, 61], "uv_size": [1, 3]},
								"south": {"uv": [63, 58], "uv_size": [1, 6]},
								"west": {"uv": [63, 63], "uv_size": [1, 1]},
								"up": {"uv": [61, 61], "uv_size": [3, 3]},
								"down": {"uv": [62, 60], "uv_size": [2, 4]}
							}
						},
						{
							"origin": [-60.4, 149.2, -50.775],
							"size": [3.2, 32.8, 29.16],
							"uv": {
								"north": {"uv": [64, 64], "uv_size": [0, 0]},
								"east": {"uv": [63, 61], "uv_size": [1, 3]},
								"south": {"uv": [63, 58], "uv_size": [1, 6]},
								"west": {"uv": [63, 63], "uv_size": [1, 1]},
								"up": {"uv": [61, 61], "uv_size": [3, 3]},
								"down": {"uv": [62, 60], "uv_size": [2, 4]}
							}
						},
						{
							"origin": [-65.2, 149.2, -50.775],
							"size": [4.8, 32, 30.12],
							"uv": {
								"north": {"uv": [64, 64], "uv_size": [0, 0]},
								"east": {"uv": [63, 61], "uv_size": [1, 3]},
								"south": {"uv": [63, 58], "uv_size": [1, 6]},
								"west": {"uv": [63, 63], "uv_size": [1, 1]},
								"up": {"uv": [61, 61], "uv_size": [3, 3]},
								"down": {"uv": [62, 60], "uv_size": [2, 4]}
							}
						},
						{
							"origin": [-63.6, 169.04, -25.815],
							"size": [3.2, 12.16, 8.04],
							"pivot": [-60.4, 117.2, -33.775],
							"rotation": [27.5, 0, 0],
							"uv": {
								"north": {"uv": [64, 64], "uv_size": [0, 0]},
								"east": {"uv": [63, 61], "uv_size": [1, 3]},
								"south": {"uv": [63, 58], "uv_size": [1, 6]},
								"west": {"uv": [63, 63], "uv_size": [1, 1]},
								"up": {"uv": [61, 61], "uv_size": [3, 3]},
								"down": {"uv": [62, 60], "uv_size": [2, 4]}
							}
						},
						{
							"origin": [-57.2, 151.12, -50.455],
							"size": [0.32, 30.08, 28.52],
							"uv": {
								"north": {"uv": [29, 60], "uv_size": [0, 0]},
								"east": {"uv": [29, 61], "uv_size": [1, 3]},
								"south": {"uv": [28, 58], "uv_size": [1, 6]},
								"west": {"uv": [29, 63], "uv_size": [1, 1]},
								"up": {"uv": [28, 61], "uv_size": [3, 3]},
								"down": {"uv": [29, 60], "uv_size": [2, 4]}
							}
						},
						{
							"origin": [-66.8, 149.2, -21.655],
							"size": [13.12, 29.6, 10.6],
							"uv": {
								"north": {"uv": [51, 61], "uv_size": [0, 0]},
								"east": {"uv": [51, 59], "uv_size": [1, 3]},
								"south": {"uv": [52, 57], "uv_size": [1, 6]},
								"west": {"uv": [51, 58], "uv_size": [1, 1]},
								"up": {"uv": [50, 60], "uv_size": [3, 3]},
								"down": {"uv": [50, 56], "uv_size": [2, 4]}
							}
						},
						{
							"origin": [-56.88, 160.72, -50.455],
							"size": [3.2, 17.28, 28.52],
							"uv": {
								"north": {"uv": [64, 64], "uv_size": [0, 0]},
								"east": {"uv": [63, 61], "uv_size": [1, 3]},
								"south": {"uv": [63, 58], "uv_size": [1, 6]},
								"west": {"uv": [63, 63], "uv_size": [1, 1]},
								"up": {"uv": [61, 61], "uv_size": [3, 3]},
								"down": {"uv": [62, 60], "uv_size": [2, 4]}
							}
						}
					]
				},
				{
					"name": "bone4",
					"parent": "nspu_2",
					"pivot": [-58.8, 87.76, 198.145],
					"rotation": [0, -5, 0]
				},
				{
					"name": "bone5",
					"parent": "nspu_2",
					"pivot": [-79.28, 88, 198.145],
					"rotation": [0, 5, 0],
					"cubes": [
						{
							"origin": [-106.8496, 191.12, -121.64924],
							"size": [5.12, 4.32, 59.16],
							"pivot": [-55.3296, 271.76, -75.60924],
							"rotation": [0, 0, -45],
							"uv": {
								"north": {"uv": [64, 64], "uv_size": [0, 0]},
								"east": {"uv": [63, 61], "uv_size": [1, 3]},
								"south": {"uv": [63, 58], "uv_size": [1, 6]},
								"west": {"uv": [63, 63], "uv_size": [1, 1]},
								"up": {"uv": [61, 61], "uv_size": [3, 3]},
								"down": {"uv": [62, 60], "uv_size": [2, 4]}
							}
						},
						{
							"origin": [-102.32416, 188.99456, -121.56924],
							"size": [5.12, 4.32, 59.08],
							"pivot": [-55.3296, 117.2, -75.60924],
							"rotation": [0, 0, 45],
							"uv": {
								"north": {"uv": [64, 64], "uv_size": [0, 0]},
								"east": {"uv": [63, 61], "uv_size": [1, 3]},
								"south": {"uv": [63, 58], "uv_size": [1, 6]},
								"west": {"uv": [63, 63], "uv_size": [1, 1]},
								"up": {"uv": [61, 61], "uv_size": [3, 3]},
								"down": {"uv": [62, 60], "uv_size": [2, 4]}
							}
						}
					]
				},
				{
					"name": "head",
					"parent": "body",
					"pivot": [0, 24, 0]
				},
				{
					"name": "leftLeg",
					"parent": "waist",
					"pivot": [1.9, 12, 0]
				},
				{
					"name": "leftPants",
					"parent": "leftLeg",
					"pivot": [1.9, 12, 0]
				}
			]
		}
	]
}