{
	"format_version": "1.12.0",
	"minecraft:geometry": [
		{
			"description": {
				"identifier": "geometry.player.pbs1",
				"texture_width": 32,
				"texture_height": 32,
				"visible_bounds_width": 12,
				"visible_bounds_height": 6.5,
				"visible_bounds_offset": [0, -2.75, 0]
			},
			"bones": [
				{
					"name": "root",
					"pivot": [0, 0, 0]
				},
				{
					"name": "waist",
					"parent": "root",
					"pivot": [0, 12, 0]
				},
				{
					"name": "body",
					"parent": "waist",
					"pivot": [0, 24, 0]
				},
				{
					"name": "leftArm",
					"parent": "body",
					"pivot": [5, 22, 0]
				},
				{
					"name": "leftSleeve",
					"parent": "leftArm",
					"pivot": [5, 22, 0]
				},
				{
					"name": "leftItem",
					"parent": "leftArm",
					"pivot": [6, 15, 1]
				},
				{
					"name": "rightArm",
					"parent": "body",
					"pivot": [-6, 22, 0]
				},
				{
					"name": "rightSleeve",
					"parent": "rightArm",
					"pivot": [-5.7, 22, 0]
				},
				{
					"name": "rightArm2",
					"parent": "rightArm",
					"pivot": [-6, 22, 0]
				},
				{
					"name": "gun",
					"parent": "rightArm2",
					"pivot": [-80.2, 153, -51.6],
					"rotation": [90, 0, 0]
				},
				{
					"name": "glushitel",
					"parent": "gun",
					"pivot": [-74.1, 147.56739, -257.41429],
					"cubes": [
						{
							"origin": [-75.5, 139.73272, -247.32429],
							"size": [11.9, 11.9, 5.32],
							"pivot": [-74.1, 141.13272, -251.52429],
							"rotation": [0, 0, -45],
							"uv": {
								"north": {"uv": [13, 8], "uv_size": [4, 4]},
								"east": {"uv": [16, 20], "uv_size": [2, 4]},
								"south": {"uv": [13, 12], "uv_size": [4, 4]},
								"west": {"uv": [18, 20], "uv_size": [2, 4]},
								"up": {"uv": [20, 20], "uv_size": [4, 2]},
								"down": {"uv": [21, 10], "uv_size": [4, -2]}
							}
						},
						{
							"origin": [-75.5, 139.73272, -241.02429],
							"size": [11.9, 11.9, 6.72],
							"pivot": [-74.1, 141.13272, -251.52429],
							"rotation": [0, 0, -45],
							"uv": {
								"north": {"uv": [18, 0], "uv_size": [4, 4]},
								"east": {"uv": [21, 10], "uv_size": [2, 4]},
								"south": {"uv": [18, 4], "uv_size": [4, 4]},
								"west": {"uv": [21, 14], "uv_size": [2, 4]},
								"up": {"uv": [21, 18], "uv_size": [4, 2]},
								"down": {"uv": [22, 2], "uv_size": [4, -2]}
							}
						},
						{
							"origin": [-75.43, 139.80272, -242.14429],
							"size": [11.76, 11.76, 1.12],
							"pivot": [-74.1, 141.13272, -251.52429],
							"rotation": [0, 0, -45],
							"uv": {
								"north": {"uv": [8, 18], "uv_size": [4, 4]},
								"east": {"uv": [11, 22], "uv_size": [1, 4]},
								"south": {"uv": [12, 20], "uv_size": [4, 4]},
								"west": {"uv": [23, 10], "uv_size": [1, 4]},
								"up": {"uv": [23, 4], "uv_size": [4, 1]},
								"down": {"uv": [23, 6], "uv_size": [4, -1]}
							}
						},
						{
							"origin": [-75.22, 140.01272, -251.73429],
							"size": [11.34, 11.34, 4.13],
							"pivot": [-74.1, 141.13272, -251.52429],
							"rotation": [0, 0, -45],
							"uv": {
								"north": {"uv": [13, 16], "uv_size": [4, 4]},
								"east": {"uv": [9, 22], "uv_size": [1, 4]},
								"south": {"uv": [17, 8], "uv_size": [4, 4]},
								"west": {"uv": [10, 22], "uv_size": [1, 4]},
								"up": {"uv": [23, 2], "uv_size": [4, 1]},
								"down": {"uv": [23, 4], "uv_size": [4, -1]}
							}
						},
						{
							"origin": [-74.66, 140.57272, -302.62429],
							"size": [10.22, 10.22, 50.89],
							"pivot": [-74.1, 141.13272, -251.52429],
							"rotation": [0, 0, -45],
							"uv": {
								"north": {"uv": [17, 12], "uv_size": [4, 4]},
								"east": {"uv": [0, 0], "uv_size": [18, 4]},
								"south": {"uv": [17, 16], "uv_size": [4, 4]},
								"west": {"uv": [0, 4], "uv_size": [18, 4]},
								"up": {"uv": [0, 8], "uv_size": [4, 18]},
								"down": {"uv": [4, 26], "uv_size": [4, -18]}
							}
						},
						{
							"origin": [-73.26, 141.97272, -302.90429],
							"size": [7.42, 7.42, 0.28],
							"pivot": [-74.1, 141.13272, -251.52429],
							"rotation": [0, 0, -45],
							"uv": {
								"north": {"uv": [17, 12], "uv_size": [4, 4]},
								"east": {"uv": [0, 0], "uv_size": [18, 4]},
								"south": {"uv": [17, 16], "uv_size": [4, 4]},
								"west": {"uv": [0, 4], "uv_size": [18, 4]},
								"up": {"uv": [0, 8], "uv_size": [4, 18]},
								"down": {"uv": [4, 26], "uv_size": [4, -18]}
							}
						},
						{
							"origin": [-76.2, 139.03272, -249.42429],
							"size": [13.3, 13.3, 2.1],
							"pivot": [-74.1, 141.13272, -251.52429],
							"rotation": [0, 0, -45],
							"uv": {
								"north": {"uv": [8, 8], "uv_size": [5, 5]},
								"east": {"uv": [22, 2], "uv_size": [1, 5]},
								"south": {"uv": [8, 13], "uv_size": [5, 5]},
								"west": {"uv": [8, 22], "uv_size": [1, 5]},
								"up": {"uv": [22, 7], "uv_size": [5, 1]},
								"down": {"uv": [20, 23], "uv_size": [5, -1]}
							}
						}
					]
				},
				{
					"name": "head",
					"parent": "body",
					"pivot": [0, 24, 0]
				},
				{
					"name": "leftLeg",
					"parent": "waist",
					"pivot": [1.9, 12, 0]
				},
				{
					"name": "leftPants",
					"parent": "leftLeg",
					"pivot": [1.9, 12, 0]
				}
			]
		}
	]
}