{
	"format_version": "1.12.0",
	"minecraft:geometry": [
		{
			"description": {
				"identifier": "geometry.player.pbs4",
				"texture_width": 64,
				"texture_height": 64,
				"visible_bounds_width": 12,
				"visible_bounds_height": 7,
				"visible_bounds_offset": [0, 0.5, 0]
			},
			"bones": [
				{
					"name": "root",
					"pivot": [0, 0, 0]
				},
				{
					"name": "waist",
					"parent": "root",
					"pivot": [0, 12, 0]
				},
				{
					"name": "body",
					"parent": "waist",
					"pivot": [0, 24, 0]
				},
				{
					"name": "leftArm",
					"parent": "body",
					"pivot": [5, 22, 0]
				},
				{
					"name": "leftSleeve",
					"parent": "leftArm",
					"pivot": [5, 22, 0]
				},
				{
					"name": "leftItem",
					"parent": "leftArm",
					"pivot": [6, 15, 1]
				},
				{
					"name": "rightArm",
					"parent": "body",
					"pivot": [-6, 22, 0]
				},
				{
					"name": "rightSleeve",
					"parent": "rightArm",
					"pivot": [-5.7, 22, 0]
				},
				{
					"name": "rightArm2",
					"parent": "rightArm",
					"pivot": [-6, 22, 0]
				},
				{
					"name": "gun",
					"parent": "rightArm2",
					"pivot": [-80.2, 153, -51.6],
					"rotation": [90, 0, 0]
				},
				{
					"name": "pbs",
					"parent": "gun",
					"pivot": [-74.45, 140.675, -195],
					"cubes": [
						{
							"origin": [-79.89, 140.675, -208.94],
							"size": [10.88, 9.52, 36],
							"uv": {
								"north": {"uv": [10, 31], "uv_size": [3, 2]},
								"east": {"uv": [0, 18], "uv_size": [9, 2]},
								"south": {"uv": [13, 31], "uv_size": [3, 2]},
								"west": {"uv": [18, 0], "uv_size": [9, 2]},
								"up": {"uv": [0, 0], "uv_size": [3, 9]},
								"down": {"uv": [3, 9], "uv_size": [3, -9]}
							}
						},
						{
							"origin": [-71.64544, 145.435, -208.94],
							"size": [10.88, 9.52, 36],
							"pivot": [-71.64544, 145.435, -195],
							"rotation": [0, 0, -120],
							"uv": {
								"north": {"uv": [31, 18], "uv_size": [3, 2]},
								"east": {"uv": [18, 2], "uv_size": [9, 2]},
								"south": {"uv": [31, 20], "uv_size": [3, 2]},
								"west": {"uv": [18, 4], "uv_size": [9, 2]},
								"up": {"uv": [6, 0], "uv_size": [3, 9]},
								"down": {"uv": [0, 18], "uv_size": [3, -9]}
							}
						},
						{
							"origin": [-88.13456, 145.435, -208.94],
							"size": [10.88, 9.52, 36],
							"pivot": [-77.25456, 145.435, -195],
							"rotation": [0, 0, 120],
							"uv": {
								"north": {"uv": [21, 31], "uv_size": [3, 2]},
								"east": {"uv": [18, 6], "uv_size": [9, 2]},
								"south": {"uv": [0, 32], "uv_size": [3, 2]},
								"west": {"uv": [18, 8], "uv_size": [9, 2]},
								"up": {"uv": [9, 0], "uv_size": [3, 9]},
								"down": {"uv": [3, 18], "uv_size": [3, -9]}
							}
						},
						{
							"origin": [-88.13456, 145.23971, -208.94],
							"size": [10.88, 9.52, 36],
							"pivot": [-77.25456, 154.75971, -195],
							"rotation": [0, 0, -120],
							"uv": {
								"north": {"uv": [32, 24], "uv_size": [3, 2]},
								"east": {"uv": [18, 16], "uv_size": [9, 2]},
								"south": {"uv": [32, 26], "uv_size": [3, 2]},
								"west": {"uv": [18, 18], "uv_size": [9, 2]},
								"up": {"uv": [15, 0], "uv_size": [3, 9]},
								"down": {"uv": [15, 18], "uv_size": [3, -9]}
							}
						},
						{
							"origin": [-71.64544, 145.23971, -208.94],
							"size": [10.88, 9.52, 36],
							"pivot": [-71.64544, 154.75971, -195],
							"rotation": [0, 0, 120],
							"uv": {
								"north": {"uv": [32, 22], "uv_size": [3, 2]},
								"east": {"uv": [18, 12], "uv_size": [9, 2]},
								"south": {"uv": [24, 32], "uv_size": [3, 2]},
								"west": {"uv": [18, 14], "uv_size": [9, 2]},
								"up": {"uv": [12, 0], "uv_size": [3, 9]},
								"down": {"uv": [12, 18], "uv_size": [3, -9]}
							}
						},
						{
							"origin": [-79.89, 149.99971, -208.94],
							"size": [10.88, 9.52, 36],
							"uv": {
								"north": {"uv": [3, 32], "uv_size": [3, 2]},
								"east": {"uv": [9, 18], "uv_size": [9, 2]},
								"south": {"uv": [16, 32], "uv_size": [3, 2]},
								"west": {"uv": [18, 10], "uv_size": [9, 2]},
								"up": {"uv": [6, 9], "uv_size": [3, 9]},
								"down": {"uv": [9, 18], "uv_size": [3, -9]}
							}
						},
						{
							"origin": [-80.10978, 140.267, -186.53718],
							"size": [11.31955, 9.90461, 13.7824],
							"uv": {
								"north": {"uv": [12, 39], "uv_size": [3, 2]},
								"east": {"uv": [39, 15], "uv_size": [3, 2]},
								"south": {"uv": [39, 17], "uv_size": [3, 2]},
								"west": {"uv": [20, 39], "uv_size": [3, 2]},
								"up": {"uv": [30, 12], "uv_size": [3, 3]},
								"down": {"uv": [30, 18], "uv_size": [3, -3]}
							}
						},
						{
							"origin": [-71.53213, 145.2193, -186.53718],
							"size": [11.31955, 9.90461, 13.7824],
							"pivot": [-71.53213, 145.2193, -195.8],
							"rotation": [0, 0, -120],
							"uv": {
								"north": {"uv": [39, 0], "uv_size": [3, 2]},
								"east": {"uv": [39, 4], "uv_size": [3, 2]},
								"south": {"uv": [39, 6], "uv_size": [3, 2]},
								"west": {"uv": [9, 39], "uv_size": [3, 2]},
								"up": {"uv": [30, 6], "uv_size": [3, 3]},
								"down": {"uv": [30, 12], "uv_size": [3, -3]}
							}
						},
						{
							"origin": [-88.68742, 145.2193, -186.53718],
							"size": [11.31955, 9.90461, 13.7824],
							"pivot": [-77.36787, 145.2193, -195.8],
							"rotation": [0, 0, 120],
							"uv": {
								"north": {"uv": [38, 28], "uv_size": [3, 2]},
								"east": {"uv": [29, 38], "uv_size": [3, 2]},
								"south": {"uv": [38, 30], "uv_size": [3, 2]},
								"west": {"uv": [36, 38], "uv_size": [3, 2]},
								"up": {"uv": [30, 0], "uv_size": [3, 3]},
								"down": {"uv": [30, 6], "uv_size": [3, -3]}
							}
						},
						{
							"origin": [-88.68742, 145.01613, -186.53718],
							"size": [11.31955, 9.90461, 13.7824],
							"pivot": [-77.36787, 154.92074, -195.8],
							"rotation": [0, 0, -120],
							"uv": {
								"north": {"uv": [38, 22], "uv_size": [3, 2]},
								"east": {"uv": [38, 24], "uv_size": [3, 2]},
								"south": {"uv": [26, 38], "uv_size": [3, 2]},
								"west": {"uv": [38, 26], "uv_size": [3, 2]},
								"up": {"uv": [29, 24], "uv_size": [3, 3]},
								"down": {"uv": [29, 30], "uv_size": [3, -3]}
							}
						},
						{
							"origin": [-71.53213, 145.01613, -186.53718],
							"size": [11.31955, 9.90461, 13.7824],
							"pivot": [-71.53213, 154.92074, -195.8],
							"rotation": [0, 0, 120],
							"uv": {
								"north": {"uv": [38, 9], "uv_size": [3, 2]},
								"east": {"uv": [38, 11], "uv_size": [3, 2]},
								"south": {"uv": [38, 13], "uv_size": [3, 2]},
								"west": {"uv": [15, 38], "uv_size": [3, 2]},
								"up": {"uv": [21, 28], "uv_size": [3, 3]},
								"down": {"uv": [18, 32], "uv_size": [3, -3]}
							}
						},
						{
							"origin": [-80.10978, 149.96843, -186.53718],
							"size": [11.31955, 9.90461, 13.7824],
							"uv": {
								"north": {"uv": [37, 20], "uv_size": [3, 2]},
								"east": {"uv": [37, 34], "uv_size": [3, 2]},
								"south": {"uv": [0, 38], "uv_size": [3, 2]},
								"west": {"uv": [38, 2], "uv_size": [3, 2]},
								"up": {"uv": [15, 28], "uv_size": [3, 3]},
								"down": {"uv": [28, 21], "uv_size": [3, -3]}
							}
						},
						{
							"origin": [-80.10978, 140.267, -162.73718],
							"size": [11.31955, 9.90461, 6.7824],
							"uv": {
								"north": {"uv": [41, 12], "uv_size": [3, 2]},
								"east": {"uv": [24, 48], "uv_size": [2, 2]},
								"south": {"uv": [18, 41], "uv_size": [3, 2]},
								"west": {"uv": [26, 48], "uv_size": [2, 2]},
								"up": {"uv": [21, 41], "uv_size": [3, 2]},
								"down": {"uv": [41, 23], "uv_size": [3, -2]}
							}
						},
						{
							"origin": [-71.53213, 145.2193, -162.73718],
							"size": [11.31955, 9.90461, 6.7824],
							"pivot": [-71.53213, 145.2193, -178.6],
							"rotation": [0, 0, -120],
							"uv": {
								"north": {"uv": [41, 8], "uv_size": [3, 2]},
								"east": {"uv": [48, 16], "uv_size": [2, 2]},
								"south": {"uv": [9, 41], "uv_size": [3, 2]},
								"west": {"uv": [48, 20], "uv_size": [2, 2]},
								"up": {"uv": [41, 10], "uv_size": [3, 2]},
								"down": {"uv": [12, 43], "uv_size": [3, -2]}
							}
						},
						{
							"origin": [-88.68742, 145.2193, -162.73718],
							"size": [11.31955, 9.90461, 6.7824],
							"pivot": [-77.36787, 145.2193, -178.6],
							"rotation": [0, 0, 120],
							"uv": {
								"north": {"uv": [40, 34], "uv_size": [3, 2]},
								"east": {"uv": [14, 48], "uv_size": [2, 2]},
								"south": {"uv": [35, 40], "uv_size": [3, 2]},
								"west": {"uv": [48, 14], "uv_size": [2, 2]},
								"up": {"uv": [38, 40], "uv_size": [3, 2]},
								"down": {"uv": [41, 4], "uv_size": [3, -2]}
							}
						},
						{
							"origin": [-88.68742, 145.01613, -162.73718],
							"size": [11.31955, 9.90461, 6.7824],
							"pivot": [-77.36787, 154.92074, -178.6],
							"rotation": [0, 0, -120],
							"uv": {
								"north": {"uv": [15, 40], "uv_size": [3, 2]},
								"east": {"uv": [48, 10], "uv_size": [2, 2]},
								"south": {"uv": [40, 19], "uv_size": [3, 2]},
								"west": {"uv": [48, 12], "uv_size": [2, 2]},
								"up": {"uv": [26, 40], "uv_size": [3, 2]},
								"down": {"uv": [29, 42], "uv_size": [3, -2]}
							}
						},
						{
							"origin": [-71.53213, 145.01613, -162.73718],
							"size": [11.31955, 9.90461, 6.7824],
							"pivot": [-71.53213, 154.92074, -178.6],
							"rotation": [0, 0, 120],
							"uv": {
								"north": {"uv": [39, 38], "uv_size": [3, 2]},
								"east": {"uv": [48, 6], "uv_size": [2, 2]},
								"south": {"uv": [0, 40], "uv_size": [3, 2]},
								"west": {"uv": [48, 8], "uv_size": [2, 2]},
								"up": {"uv": [3, 40], "uv_size": [3, 2]},
								"down": {"uv": [6, 42], "uv_size": [3, -2]}
							}
						},
						{
							"origin": [-80.10978, 149.96843, -162.73718],
							"size": [11.31955, 9.90461, 6.7824],
							"uv": {
								"north": {"uv": [23, 39], "uv_size": [3, 2]},
								"east": {"uv": [48, 4], "uv_size": [2, 2]},
								"south": {"uv": [32, 39], "uv_size": [3, 2]},
								"west": {"uv": [6, 48], "uv_size": [2, 2]},
								"up": {"uv": [39, 32], "uv_size": [3, 2]},
								"down": {"uv": [39, 38], "uv_size": [3, -2]}
							}
						},
						{
							"origin": [-79.89, 140.675, -165.94],
							"size": [10.88, 9.52, 5.6],
							"uv": {
								"north": {"uv": [33, 10], "uv_size": [3, 2]},
								"east": {"uv": [20, 49], "uv_size": [1, 2]},
								"south": {"uv": [33, 12], "uv_size": [3, 2]},
								"west": {"uv": [21, 49], "uv_size": [1, 2]},
								"up": {"uv": [48, 44], "uv_size": [3, 1]},
								"down": {"uv": [8, 50], "uv_size": [3, -1]}
							}
						},
						{
							"origin": [-71.64544, 145.435, -165.94],
							"size": [10.88, 9.52, 5.6],
							"pivot": [-71.64544, 145.435, -177.2],
							"rotation": [0, 0, -120],
							"uv": {
								"north": {"uv": [33, 8], "uv_size": [3, 2]},
								"east": {"uv": [49, 18], "uv_size": [1, 2]},
								"south": {"uv": [10, 33], "uv_size": [3, 2]},
								"west": {"uv": [19, 49], "uv_size": [1, 2]},
								"up": {"uv": [48, 43], "uv_size": [3, 1]},
								"down": {"uv": [44, 49], "uv_size": [3, -1]}
							}
						},
						{
							"origin": [-88.13456, 145.435, -165.94],
							"size": [10.88, 9.52, 5.6],
							"pivot": [-77.25456, 145.435, -177.2],
							"rotation": [0, 0, 120],
							"uv": {
								"north": {"uv": [33, 4], "uv_size": [3, 2]},
								"east": {"uv": [17, 49], "uv_size": [1, 2]},
								"south": {"uv": [33, 6], "uv_size": [3, 2]},
								"west": {"uv": [18, 49], "uv_size": [1, 2]},
								"up": {"uv": [48, 41], "uv_size": [3, 1]},
								"down": {"uv": [48, 43], "uv_size": [3, -1]}
							}
						},
						{
							"origin": [-79.89, 149.99971, -165.94],
							"size": [10.88, 9.52, 5.6],
							"uv": {
								"north": {"uv": [33, 0], "uv_size": [3, 2]},
								"east": {"uv": [13, 49], "uv_size": [1, 2]},
								"south": {"uv": [33, 2], "uv_size": [3, 2]},
								"west": {"uv": [16, 49], "uv_size": [1, 2]},
								"up": {"uv": [48, 38], "uv_size": [3, 1]},
								"down": {"uv": [41, 49], "uv_size": [3, -1]}
							}
						},
						{
							"origin": [-71.64544, 145.23971, -165.94],
							"size": [10.88, 9.52, 5.6],
							"pivot": [-71.64544, 154.75971, -177.2],
							"rotation": [0, 0, 120],
							"uv": {
								"north": {"uv": [30, 32], "uv_size": [3, 2]},
								"east": {"uv": [11, 49], "uv_size": [1, 2]},
								"south": {"uv": [32, 30], "uv_size": [3, 2]},
								"west": {"uv": [12, 49], "uv_size": [1, 2]},
								"up": {"uv": [48, 37], "uv_size": [3, 1]},
								"down": {"uv": [38, 49], "uv_size": [3, -1]}
							}
						},
						{
							"origin": [-88.13456, 145.23971, -165.94],
							"size": [10.88, 9.52, 5.6],
							"pivot": [-77.25456, 154.75971, -177.2],
							"rotation": [0, 0, -120],
							"uv": {
								"north": {"uv": [27, 32], "uv_size": [3, 2]},
								"east": {"uv": [21, 26], "uv_size": [1, 2]},
								"south": {"uv": [32, 28], "uv_size": [3, 2]},
								"west": {"uv": [27, 18], "uv_size": [1, 2]},
								"up": {"uv": [28, 21], "uv_size": [3, 1]},
								"down": {"uv": [48, 37], "uv_size": [3, -1]}
							}
						},
						{
							"origin": [-79.5908, 141.12, -174.5733],
							"size": [10.2816, 8.9964, 12.327],
							"uv": {
								"north": {"uv": [35, 24], "uv_size": [3, 2]},
								"east": {"uv": [35, 26], "uv_size": [3, 2]},
								"south": {"uv": [35, 28], "uv_size": [3, 2]},
								"west": {"uv": [35, 30], "uv_size": [3, 2]},
								"up": {"uv": [9, 28], "uv_size": [3, 3]},
								"down": {"uv": [12, 31], "uv_size": [3, -3]}
							}
						},
						{
							"origin": [-71.79969, 145.6182, -174.5733],
							"size": [10.2816, 8.9964, 12.327],
							"pivot": [-71.79969, 145.6182, -178.179],
							"rotation": [0, 0, -120],
							"uv": {
								"north": {"uv": [9, 35], "uv_size": [3, 2]},
								"east": {"uv": [12, 35], "uv_size": [3, 2]},
								"south": {"uv": [19, 35], "uv_size": [3, 2]},
								"west": {"uv": [35, 22], "uv_size": [3, 2]},
								"up": {"uv": [26, 27], "uv_size": [3, 3]},
								"down": {"uv": [6, 31], "uv_size": [3, -3]}
							}
						},
						{
							"origin": [-87.38191, 145.6182, -174.5733],
							"size": [10.2816, 8.9964, 12.327],
							"pivot": [-77.10031, 145.6182, -178.179],
							"rotation": [0, 0, 120],
							"uv": {
								"north": {"uv": [28, 34], "uv_size": [3, 2]},
								"east": {"uv": [31, 34], "uv_size": [3, 2]},
								"south": {"uv": [34, 34], "uv_size": [3, 2]},
								"west": {"uv": [6, 35], "uv_size": [3, 2]},
								"up": {"uv": [27, 12], "uv_size": [3, 3]},
								"down": {"uv": [27, 18], "uv_size": [3, -3]}
							}
						},
						{
							"origin": [-79.5908, 149.93185, -174.5733],
							"size": [10.2816, 8.9964, 12.327],
							"uv": {
								"north": {"uv": [34, 18], "uv_size": [3, 2]},
								"east": {"uv": [34, 20], "uv_size": [3, 2]},
								"south": {"uv": [22, 34], "uv_size": [3, 2]},
								"west": {"uv": [25, 34], "uv_size": [3, 2]},
								"up": {"uv": [27, 6], "uv_size": [3, 3]},
								"down": {"uv": [27, 12], "uv_size": [3, -3]}
							}
						},
						{
							"origin": [-71.79969, 145.43365, -174.5733],
							"size": [10.2816, 8.9964, 12.327],
							"pivot": [-71.79969, 154.43005, -178.179],
							"rotation": [0, 0, 120],
							"uv": {
								"north": {"uv": [33, 32], "uv_size": [3, 2]},
								"east": {"uv": [0, 34], "uv_size": [3, 2]},
								"south": {"uv": [3, 34], "uv_size": [3, 2]},
								"west": {"uv": [16, 34], "uv_size": [3, 2]},
								"up": {"uv": [27, 0], "uv_size": [3, 3]},
								"down": {"uv": [27, 6], "uv_size": [3, -3]}
							}
						},
						{
							"origin": [-87.38191, 145.43365, -174.5733],
							"size": [10.2816, 8.9964, 12.327],
							"pivot": [-77.10031, 154.43005, -178.179],
							"rotation": [0, 0, -120],
							"uv": {
								"north": {"uv": [13, 33], "uv_size": [3, 2]},
								"east": {"uv": [33, 14], "uv_size": [3, 2]},
								"south": {"uv": [33, 16], "uv_size": [3, 2]},
								"west": {"uv": [19, 33], "uv_size": [3, 2]},
								"up": {"uv": [18, 26], "uv_size": [3, 3]},
								"down": {"uv": [26, 27], "uv_size": [3, -3]}
							}
						},
						{
							"origin": [-78.8564, 142.385, -220.5014],
							"size": [8.8128, 7.7112, 12.566],
							"uv": {
								"north": {"uv": [42, 0], "uv_size": [2, 2]},
								"east": {"uv": [9, 37], "uv_size": [3, 2]},
								"south": {"uv": [2, 42], "uv_size": [2, 2]},
								"west": {"uv": [12, 37], "uv_size": [3, 2]},
								"up": {"uv": [37, 17], "uv_size": [2, 3]},
								"down": {"uv": [18, 40], "uv_size": [2, -3]}
							}
						},
						{
							"origin": [-72.1783, 146.2406, -220.5014],
							"size": [8.8128, 7.7112, 12.566],
							"pivot": [-72.1783, 146.2406, -221.592],
							"rotation": [0, 0, -120],
							"uv": {
								"north": {"uv": [41, 40], "uv_size": [2, 2]},
								"east": {"uv": [36, 32], "uv_size": [3, 2]},
								"south": {"uv": [0, 42], "uv_size": [2, 2]},
								"west": {"uv": [36, 36], "uv_size": [3, 2]},
								"up": {"uv": [5, 37], "uv_size": [2, 3]},
								"down": {"uv": [7, 40], "uv_size": [2, -3]}
							}
						},
						{
							"origin": [-85.5345, 146.2406, -220.5014],
							"size": [8.8128, 7.7112, 12.566],
							"pivot": [-76.7217, 146.2406, -221.592],
							"rotation": [0, 0, 120],
							"uv": {
								"north": {"uv": [41, 29], "uv_size": [2, 2]},
								"east": {"uv": [26, 36], "uv_size": [3, 2]},
								"south": {"uv": [32, 41], "uv_size": [2, 2]},
								"west": {"uv": [29, 36], "uv_size": [3, 2]},
								"up": {"uv": [32, 36], "uv_size": [2, 3]},
								"down": {"uv": [34, 39], "uv_size": [2, -3]}
							}
						},
						{
							"origin": [-78.8564, 149.93802, -220.5014],
							"size": [8.8128, 7.7112, 12.566],
							"uv": {
								"north": {"uv": [41, 25], "uv_size": [2, 2]},
								"east": {"uv": [15, 36], "uv_size": [3, 2]},
								"south": {"uv": [41, 27], "uv_size": [2, 2]},
								"west": {"uv": [36, 15], "uv_size": [3, 2]},
								"up": {"uv": [22, 36], "uv_size": [2, 3]},
								"down": {"uv": [24, 39], "uv_size": [2, -3]}
							}
						},
						{
							"origin": [-72.1783, 146.08242, -220.5014],
							"size": [8.8128, 7.7112, 12.566],
							"pivot": [-72.1783, 153.79362, -221.592],
							"rotation": [0, 0, 120],
							"uv": {
								"north": {"uv": [41, 23], "uv_size": [2, 2]},
								"east": {"uv": [36, 5], "uv_size": [3, 2]},
								"south": {"uv": [24, 41], "uv_size": [2, 2]},
								"west": {"uv": [36, 7], "uv_size": [3, 2]},
								"up": {"uv": [36, 9], "uv_size": [2, 3]},
								"down": {"uv": [36, 15], "uv_size": [2, -3]}
							}
						},
						{
							"origin": [-85.5345, 146.08242, -220.5014],
							"size": [8.8128, 7.7112, 12.566],
							"pivot": [-76.7217, 153.79362, -221.592],
							"rotation": [0, 0, -120],
							"uv": {
								"north": {"uv": [24, 28], "uv_size": [2, 2]},
								"east": {"uv": [0, 36], "uv_size": [3, 2]},
								"south": {"uv": [20, 37], "uv_size": [2, 2]},
								"west": {"uv": [36, 0], "uv_size": [3, 2]},
								"up": {"uv": [36, 2], "uv_size": [2, 3]},
								"down": {"uv": [3, 39], "uv_size": [2, -3]}
							}
						},
						{
							"origin": [-78.41576, 143.114, -240.39126],
							"size": [7.93152, 6.94008, 24.2094],
							"uv": {
								"north": {"uv": [42, 31], "uv_size": [2, 2]},
								"east": {"uv": [12, 26], "uv_size": [6, 2]},
								"south": {"uv": [34, 42], "uv_size": [2, 2]},
								"west": {"uv": [26, 22], "uv_size": [6, 2]},
								"up": {"uv": [2, 26], "uv_size": [2, 6]},
								"down": {"uv": [4, 32], "uv_size": [2, -6]}
							}
						},
						{
							"origin": [-72.40547, 146.58404, -240.39126],
							"size": [7.93152, 6.94008, 24.2094],
							"pivot": [-72.40547, 146.58404, -228.4728],
							"rotation": [0, 0, -120],
							"uv": {
								"north": {"uv": [28, 42], "uv_size": [2, 2]},
								"east": {"uv": [0, 24], "uv_size": [6, 2]},
								"south": {"uv": [30, 42], "uv_size": [2, 2]},
								"west": {"uv": [16, 24], "uv_size": [6, 2]},
								"up": {"uv": [24, 22], "uv_size": [2, 6]},
								"down": {"uv": [0, 32], "uv_size": [2, -6]}
							}
						},
						{
							"origin": [-84.42605, 146.58404, -240.39126],
							"size": [7.93152, 6.94008, 24.2094],
							"pivot": [-76.49453, 146.58404, -228.4728],
							"rotation": [0, 0, 120],
							"uv": {
								"north": {"uv": [42, 16], "uv_size": [2, 2]},
								"east": {"uv": [16, 22], "uv_size": [6, 2]},
								"south": {"uv": [26, 42], "uv_size": [2, 2]},
								"west": {"uv": [22, 20], "uv_size": [6, 2]},
								"up": {"uv": [10, 22], "uv_size": [2, 6]},
								"down": {"uv": [22, 28], "uv_size": [2, -6]}
							}
						},
						{
							"origin": [-78.41576, 149.91172, -232.89126],
							"size": [7.93152, 6.94008, 16.7094],
							"uv": {
								"north": {"uv": [42, 14], "uv_size": [2, 2]},
								"east": {"uv": [24, 30], "uv_size": [4, 2]},
								"south": {"uv": [15, 42], "uv_size": [2, 2]},
								"west": {"uv": [28, 30], "uv_size": [4, 2]},
								"up": {"uv": [6, 31], "uv_size": [2, 4]},
								"down": {"uv": [8, 35], "uv_size": [2, -4]}
							}
						},
						{
							"origin": [-78.41576, 149.66668, -239.92972],
							"size": [7.93152, 6.94008, 7.5094],
							"pivot": [-74.45, 153.13672, -234.52502],
							"rotation": [7.5, 0, 0],
							"uv": {
								"north": {"uv": [28, 48], "uv_size": [2, 2]},
								"east": {"uv": [48, 30], "uv_size": [2, 2]},
								"south": {"uv": [32, 48], "uv_size": [2, 2]},
								"west": {"uv": [34, 48], "uv_size": [2, 2]},
								"up": {"uv": [48, 34], "uv_size": [2, 2]},
								"down": {"uv": [36, 50], "uv_size": [2, -2]}
							}
						},
						{
							"origin": [-72.40547, 146.44168, -240.39126],
							"size": [7.93152, 6.94008, 24.2094],
							"pivot": [-72.40547, 153.38176, -228.4728],
							"rotation": [0, 0, 120],
							"uv": {
								"north": {"uv": [6, 42], "uv_size": [2, 2]},
								"east": {"uv": [16, 20], "uv_size": [6, 2]},
								"south": {"uv": [42, 6], "uv_size": [2, 2]},
								"west": {"uv": [0, 22], "uv_size": [6, 2]},
								"up": {"uv": [6, 22], "uv_size": [2, 6]},
								"down": {"uv": [8, 28], "uv_size": [2, -6]}
							}
						},
						{
							"origin": [-84.42605, 146.44168, -240.39126],
							"size": [7.93152, 6.94008, 24.2094],
							"pivot": [-76.49453, 153.38176, -228.4728],
							"rotation": [0, 0, -120],
							"uv": {
								"north": {"uv": [4, 42], "uv_size": [2, 2]},
								"east": {"uv": [0, 20], "uv_size": [6, 2]},
								"south": {"uv": [42, 4], "uv_size": [2, 2]},
								"west": {"uv": [6, 20], "uv_size": [6, 2]},
								"up": {"uv": [12, 20], "uv_size": [2, 6]},
								"down": {"uv": [14, 26], "uv_size": [2, -6]}
							}
						}
					]
				},
				{
					"name": "bone5",
					"parent": "pbs",
					"pivot": [-77.25456, 154.75971, -195]
				},
				{
					"name": "bone2",
					"parent": "bone5",
					"pivot": [-69.05456, 159.45971, -209],
					"cubes": [
						{
							"origin": [-79.00827, 159.46319, -218.67523],
							"size": [8.88, 9.52, 9.7],
							"pivot": [-69.05795, 159.53178, -209.33523],
							"rotation": [-11.5, 0, -120],
							"uv": {
								"north": {"uv": [36, 42], "uv_size": [2, 2]},
								"east": {"uv": [42, 36], "uv_size": [2, 2]},
								"south": {"uv": [38, 42], "uv_size": [2, 2]},
								"west": {"uv": [42, 38], "uv_size": [2, 2]},
								"up": {"uv": [40, 42], "uv_size": [2, 2]},
								"down": {"uv": [42, 44], "uv_size": [2, -2]}
							}
						},
						{
							"origin": [-78.1457, 158.45518, -217.48083],
							"size": [1.28, 9.52, 9.7],
							"pivot": [-68.19538, 158.52377, -208.14083],
							"rotation": [-11.59656, -7.3486, -118.49649],
							"uv": {
								"north": {"uv": [22, 49], "uv_size": [1, 2]},
								"east": {"uv": [36, 44], "uv_size": [2, 2]},
								"south": {"uv": [49, 22], "uv_size": [1, 2]},
								"west": {"uv": [44, 37], "uv_size": [2, 2]},
								"up": {"uv": [23, 49], "uv_size": [1, 2]},
								"down": {"uv": [49, 26], "uv_size": [1, -2]}
							}
						},
						{
							"origin": [-72.0343, 158.45518, -217.48083],
							"size": [1.28, 9.52, 9.7],
							"pivot": [-80.70462, 158.52377, -208.14083],
							"rotation": [-11.59656, 7.3486, 118.49649],
							"uv": {
								"north": {"uv": [40, 49], "uv_size": [1, 2]},
								"east": {"uv": [44, 44], "uv_size": [2, 2]},
								"south": {"uv": [41, 49], "uv_size": [1, 2]},
								"west": {"uv": [8, 45], "uv_size": [2, 2]},
								"up": {"uv": [42, 49], "uv_size": [1, 2]},
								"down": {"uv": [43, 51], "uv_size": [1, -2]}
							}
						},
						{
							"origin": [-66.84461, 166.64251, -219.45055],
							"size": [1.28, 9.52, 9.7],
							"pivot": [-75.51492, 166.7111, -210.11055],
							"rotation": [-11.54275, -4.89938, 120.99928],
							"uv": {
								"north": {"uv": [44, 49], "uv_size": [1, 2]},
								"east": {"uv": [10, 45], "uv_size": [2, 2]},
								"south": {"uv": [45, 49], "uv_size": [1, 2]},
								"west": {"uv": [12, 45], "uv_size": [2, 2]},
								"up": {"uv": [49, 45], "uv_size": [1, 2]},
								"down": {"uv": [46, 51], "uv_size": [1, -2]}
							}
						},
						{
							"origin": [-83.33539, 166.64251, -219.45055],
							"size": [1.28, 9.52, 9.7],
							"pivot": [-73.38508, 166.7111, -210.11055],
							"rotation": [-11.54275, 4.89938, -120.99928],
							"uv": {
								"north": {"uv": [47, 49], "uv_size": [1, 2]},
								"east": {"uv": [16, 45], "uv_size": [2, 2]},
								"south": {"uv": [49, 47], "uv_size": [1, 2]},
								"west": {"uv": [18, 45], "uv_size": [2, 2]},
								"up": {"uv": [48, 49], "uv_size": [1, 2]},
								"down": {"uv": [49, 51], "uv_size": [1, -2]}
							}
						}
					]
				},
				{
					"name": "bone7",
					"parent": "bone5",
					"pivot": [-69.05456, 159.45971, -209],
					"rotation": [0, 0, 120],
					"cubes": [
						{
							"origin": [-62.70397, 168.89631, -218.67523],
							"size": [8.88, 9.52, 9.7],
							"pivot": [-52.75365, 168.9649, -209.33523],
							"rotation": [-11.5, 0, -120],
							"uv": {
								"north": {"uv": [25, 44], "uv_size": [2, 2]},
								"east": {"uv": [27, 44], "uv_size": [2, 2]},
								"south": {"uv": [29, 44], "uv_size": [2, 2]},
								"west": {"uv": [44, 31], "uv_size": [2, 2]},
								"up": {"uv": [34, 44], "uv_size": [2, 2]},
								"down": {"uv": [44, 37], "uv_size": [2, -2]}
							}
						}
					]
				},
				{
					"name": "bone3",
					"parent": "bone5",
					"pivot": [-79.95456, 159.45971, -209],
					"rotation": [0, 0, -60],
					"cubes": [
						{
							"origin": [-89.90448, 159.3592, -218.67523],
							"size": [8.88, 9.52, 9.7],
							"pivot": [-79.95416, 159.42779, -209.33523],
							"rotation": [-11.5, 0, -120],
							"uv": {
								"north": {"uv": [8, 43], "uv_size": [2, 2]},
								"east": {"uv": [10, 43], "uv_size": [2, 2]},
								"south": {"uv": [12, 43], "uv_size": [2, 2]},
								"west": {"uv": [17, 43], "uv_size": [2, 2]},
								"up": {"uv": [43, 18], "uv_size": [2, 2]},
								"down": {"uv": [19, 45], "uv_size": [2, -2]}
							}
						},
						{
							"origin": [-82.94738, 160.38516, -218.89043],
							"size": [1.28, 9.52, 9.7],
							"pivot": [-80.59706, 160.45376, -209.55043],
							"rotation": [-11.59656, 7.3486, -121.50351],
							"uv": {
								"north": {"uv": [0, 50], "uv_size": [1, 2]},
								"east": {"uv": [45, 18], "uv_size": [2, 2]},
								"south": {"uv": [50, 0], "uv_size": [1, 2]},
								"west": {"uv": [20, 45], "uv_size": [2, 2]},
								"up": {"uv": [1, 50], "uv_size": [1, 2]},
								"down": {"uv": [2, 52], "uv_size": [1, -2]}
							}
						},
						{
							"origin": [-77.8793, 151.78502, -218.45291],
							"size": [1.28, 9.52, 9.7],
							"pivot": [-75.52898, 151.85362, -209.11291],
							"rotation": [-11.59656, -7.3486, -118.49649],
							"uv": {
								"north": {"uv": [50, 2], "uv_size": [1, 2]},
								"east": {"uv": [22, 45], "uv_size": [2, 2]},
								"south": {"uv": [3, 50], "uv_size": [1, 2]},
								"west": {"uv": [45, 22], "uv_size": [2, 2]},
								"up": {"uv": [4, 50], "uv_size": [1, 2]},
								"down": {"uv": [50, 6], "uv_size": [1, -2]}
							}
						}
					]
				},
				{
					"name": "bone4",
					"parent": "bone5",
					"pivot": [-84.55456, 151.45971, -209],
					"rotation": [0, 0, -120],
					"cubes": [
						{
							"origin": [-92.83084, 151.34585, -218.67523],
							"size": [8.88, 9.52, 9.7],
							"pivot": [-84.58052, 151.41444, -209.33523],
							"rotation": [-11.5, 0, -120],
							"uv": {
								"north": {"uv": [21, 43], "uv_size": [2, 2]},
								"east": {"uv": [23, 43], "uv_size": [2, 2]},
								"south": {"uv": [43, 23], "uv_size": [2, 2]},
								"west": {"uv": [43, 25], "uv_size": [2, 2]},
								"up": {"uv": [43, 27], "uv_size": [2, 2]},
								"down": {"uv": [43, 31], "uv_size": [2, -2]}
							}
						}
					]
				},
				{
					"name": "bone6",
					"parent": "bone5",
					"pivot": [-84.55456, 151.45971, -209],
					"rotation": [0, 0, -180],
					"cubes": [
						{
							"origin": [-82.79035, 149.89435, -218.37618],
							"size": [8.88, 9.52, 9.7],
							"pivot": [-84.64003, 151.46294, -209.03618],
							"rotation": [-11.5, 0, -120],
							"uv": {
								"north": {"uv": [32, 43], "uv_size": [2, 2]},
								"east": {"uv": [43, 33], "uv_size": [2, 2]},
								"south": {"uv": [43, 40], "uv_size": [2, 2]},
								"west": {"uv": [0, 44], "uv_size": [2, 2]},
								"up": {"uv": [44, 0], "uv_size": [2, 2]},
								"down": {"uv": [2, 46], "uv_size": [2, -2]}
							}
						},
						{
							"origin": [-107.91103, 149.11766, -218.56898],
							"size": [0.98, 9.52, 9.7],
							"pivot": [-105.08135, 150.68625, -209.22898],
							"rotation": [-11.54275, 4.89938, 119.00072],
							"uv": {
								"north": {"uv": [49, 26], "uv_size": [1, 2]},
								"east": {"uv": [38, 44], "uv_size": [2, 2]},
								"south": {"uv": [49, 28], "uv_size": [1, 2]},
								"west": {"uv": [40, 44], "uv_size": [2, 2]},
								"up": {"uv": [30, 49], "uv_size": [1, 2]},
								"down": {"uv": [31, 51], "uv_size": [1, -2]}
							}
						},
						{
							"origin": [-82.42082, 149.17586, -218.56898],
							"size": [0.98, 9.52, 9.7],
							"pivot": [-84.2705, 150.74445, -209.22898],
							"rotation": [-11.54275, -4.89938, -119.00072],
							"uv": {
								"north": {"uv": [49, 32], "uv_size": [1, 2]},
								"east": {"uv": [42, 44], "uv_size": [2, 2]},
								"south": {"uv": [38, 49], "uv_size": [1, 2]},
								"west": {"uv": [44, 42], "uv_size": [2, 2]},
								"up": {"uv": [39, 49], "uv_size": [1, 2]},
								"down": {"uv": [49, 41], "uv_size": [1, -2]}
							}
						},
						{
							"origin": [-115.4415, 149.83616, -218.37618],
							"size": [8.88, 9.52, 9.7],
							"pivot": [-104.71182, 151.40475, -209.03618],
							"rotation": [-11.5, 0, 120],
							"uv": {
								"north": {"uv": [44, 10], "uv_size": [2, 2]},
								"east": {"uv": [44, 12], "uv_size": [2, 2]},
								"south": {"uv": [14, 44], "uv_size": [2, 2]},
								"west": {"uv": [44, 14], "uv_size": [2, 2]},
								"up": {"uv": [44, 16], "uv_size": [2, 2]},
								"down": {"uv": [44, 22], "uv_size": [2, -2]}
							}
						}
					]
				},
				{
					"name": "bone14",
					"parent": "pbs",
					"pivot": [-74.45, 149.975, -241.6],
					"rotation": [0, 0, -180]
				},
				{
					"name": "bone15",
					"parent": "bone14",
					"pivot": [-72.02205, 153.56812, -241.07],
					"cubes": [
						{
							"origin": [-76.50122, 153.56968, -246.32385],
							"size": [3.996, 0.784, 6.765],
							"pivot": [-72.02358, 153.60055, -242.12085],
							"rotation": [-11.5, 0, -120],
							"uv": {
								"north": {"uv": [44, 22], "uv_size": [1, 1]},
								"east": {"uv": [51, 27], "uv_size": [2, 1]},
								"south": {"uv": [31, 44], "uv_size": [1, 1]},
								"west": {"uv": [51, 28], "uv_size": [2, 1]},
								"up": {"uv": [51, 29], "uv_size": [1, 2]},
								"down": {"uv": [30, 53], "uv_size": [1, -2]}
							}
						},
						{
							"origin": [-76.11306, 153.11608, -245.78637],
							"size": [0.876, 0.784, 6.765],
							"pivot": [-71.63542, 153.14695, -241.58337],
							"rotation": [-11.59656, -7.3486, -118.49649],
							"uv": {
								"north": {"uv": [35, 39], "uv_size": [1, 1]},
								"east": {"uv": [50, 49], "uv_size": [2, 1]},
								"south": {"uv": [40, 21], "uv_size": [1, 1]},
								"west": {"uv": [50, 50], "uv_size": [2, 1]},
								"up": {"uv": [51, 0], "uv_size": [1, 2]},
								"down": {"uv": [51, 4], "uv_size": [1, -2]}
							}
						},
						{
							"origin": [-73.76294, 153.11608, -245.78637],
							"size": [0.976, 0.8, 6.765],
							"pivot": [-77.26458, 153.14695, -241.58337],
							"rotation": [-11.59656, 7.3486, 118.49649],
							"uv": {
								"north": {"uv": [38, 4], "uv_size": [1, 1]},
								"east": {"uv": [39, 8], "uv_size": [2, 1]},
								"south": {"uv": [39, 19], "uv_size": [1, 1]},
								"west": {"uv": [18, 40], "uv_size": [2, 1]},
								"up": {"uv": [50, 45], "uv_size": [1, 2]},
								"down": {"uv": [50, 49], "uv_size": [1, -2]}
							}
						},
						{
							"origin": [-71.02757, 156.80038, -246.67275],
							"size": [0.576, 0.8, 6.765],
							"pivot": [-74.92922, 156.83125, -242.46975],
							"rotation": [-11.54275, -4.89938, 120.99928],
							"uv": {
								"north": {"uv": [34, 41], "uv_size": [1, 1]},
								"east": {"uv": [51, 10], "uv_size": [2, 1]},
								"south": {"uv": [8, 42], "uv_size": [1, 1]},
								"west": {"uv": [11, 51], "uv_size": [2, 1]},
								"up": {"uv": [51, 11], "uv_size": [1, 2]},
								"down": {"uv": [13, 53], "uv_size": [1, -2]}
							}
						},
						{
							"origin": [-78.44843, 156.80038, -246.67275],
							"size": [0.576, 0.784, 6.765],
							"pivot": [-73.97078, 156.83125, -242.46975],
							"rotation": [-11.54275, 4.89938, -120.99928],
							"uv": {
								"north": {"uv": [43, 35], "uv_size": [1, 1]},
								"east": {"uv": [51, 23], "uv_size": [2, 1]},
								"south": {"uv": [16, 44], "uv_size": [1, 1]},
								"west": {"uv": [51, 24], "uv_size": [2, 1]},
								"up": {"uv": [23, 51], "uv_size": [1, 2]},
								"down": {"uv": [51, 27], "uv_size": [1, -2]}
							}
						}
					]
				},
				{
					"name": "bone16",
					"parent": "bone14",
					"pivot": [-72.02205, 153.56812, -241.07],
					"rotation": [0, 0, 120]
				},
				{
					"name": "bone17",
					"parent": "bone14",
					"pivot": [-76.92705, 153.56812, -241.07],
					"rotation": [0, 0, -60],
					"cubes": [
						{
							"origin": [-81.40452, 153.34346, -246.30578],
							"size": [3.996, 0.784, 6.765],
							"pivot": [-76.92687, 153.55376, -241.22085],
							"rotation": [-11.5, 0, -120],
							"uv": {
								"north": {"uv": [43, 20], "uv_size": [1, 1]},
								"east": {"uv": [20, 51], "uv_size": [2, 1]},
								"south": {"uv": [25, 43], "uv_size": [1, 1]},
								"west": {"uv": [51, 20], "uv_size": [2, 1]},
								"up": {"uv": [51, 21], "uv_size": [1, 2]},
								"down": {"uv": [22, 53], "uv_size": [1, -2]}
							}
						},
						{
							"origin": [-78.1587, 153.80514, -246.39508],
							"size": [0.576, 0.784, 6.765],
							"pivot": [-77.21618, 154.01544, -241.31769],
							"rotation": [-11.59656, 7.3486, -121.50351],
							"uv": {
								"north": {"uv": [42, 33], "uv_size": [1, 1]},
								"east": {"uv": [17, 51], "uv_size": [2, 1]},
								"south": {"uv": [14, 43], "uv_size": [1, 1]},
								"west": {"uv": [51, 17], "uv_size": [2, 1]},
								"up": {"uv": [51, 18], "uv_size": [1, 2]},
								"down": {"uv": [19, 53], "uv_size": [1, -2]}
							}
						},
						{
							"origin": [-76.1083, 149.93508, -246.1982],
							"size": [0.576, 0.784, 6.765],
							"pivot": [-74.93554, 150.14538, -241.12081],
							"rotation": [-11.59656, -7.3486, -118.49649],
							"uv": {
								"north": {"uv": [17, 42], "uv_size": [1, 1]},
								"east": {"uv": [51, 13], "uv_size": [2, 1]},
								"south": {"uv": [42, 18], "uv_size": [1, 1]},
								"west": {"uv": [51, 14], "uv_size": [2, 1]},
								"up": {"uv": [51, 15], "uv_size": [1, 2]},
								"down": {"uv": [16, 53], "uv_size": [1, -2]}
							}
						}
					]
				},
				{
					"name": "bone18",
					"parent": "bone14",
					"pivot": [-78.99705, 149.96812, -241.07],
					"rotation": [0, 0, -120],
					"cubes": [
						{
							"origin": [-82.72138, 149.73745, -246.30578],
							"size": [3.996, 0.8, 6.765],
							"pivot": [-79.00873, 149.94775, -241.22085],
							"rotation": [-11.5, 0, -120],
							"uv": {
								"north": {"uv": [41, 14], "uv_size": [1, 1]},
								"east": {"uv": [51, 4], "uv_size": [2, 1]},
								"south": {"uv": [41, 31], "uv_size": [1, 1]},
								"west": {"uv": [51, 5], "uv_size": [2, 1]},
								"up": {"uv": [51, 6], "uv_size": [1, 2]},
								"down": {"uv": [51, 10], "uv_size": [1, -2]}
							}
						}
					]
				},
				{
					"name": "bone19",
					"parent": "bone14",
					"pivot": [-78.99705, 149.96812, -241.07],
					"rotation": [0, 0, -180],
					"cubes": [
						{
							"origin": [-89.4306, 148.73477, -246.25462],
							"size": [0.441, 0.784, 6.765],
							"pivot": [-88.23411, 149.62006, -241.17304],
							"rotation": [-11.54275, 4.89938, 119.00072],
							"uv": {
								"north": {"uv": [15, 35], "uv_size": [1, 1]},
								"east": {"uv": [16, 31], "uv_size": [2, 1]},
								"south": {"uv": [5, 36], "uv_size": [1, 1]},
								"west": {"uv": [19, 32], "uv_size": [2, 1]},
								"up": {"uv": [35, 50], "uv_size": [1, 2]},
								"down": {"uv": [36, 52], "uv_size": [1, -2]}
							}
						},
						{
							"origin": [-78.11374, 148.76096, -246.25462],
							"size": [0.441, 0.784, 6.765],
							"pivot": [-78.86923, 149.64625, -241.17304],
							"rotation": [-11.54275, -4.89938, -119.00072],
							"uv": {
								"north": {"uv": [36, 17], "uv_size": [1, 1]},
								"east": {"uv": [22, 33], "uv_size": [2, 1]},
								"south": {"uv": [18, 36], "uv_size": [1, 1]},
								"west": {"uv": [3, 39], "uv_size": [2, 1]},
								"up": {"uv": [37, 50], "uv_size": [1, 2]},
								"down": {"uv": [50, 41], "uv_size": [1, -2]}
							}
						}
					]
				},
				{
					"name": "bone8",
					"parent": "pbs",
					"pivot": [-77.25456, 156.65971, -162.2]
				},
				{
					"name": "bone9",
					"parent": "bone8",
					"pivot": [-70.13365, 157.60277, -156.6],
					"cubes": [
						{
							"origin": [-78.09661, 157.60555, -156.61982],
							"size": [7.104, 7.616, 7.76],
							"pivot": [-70.13636, 157.66042, -156.33182],
							"rotation": [11.5, 0, -120],
							"uv": {
								"north": {"uv": [45, 24], "uv_size": [2, 2]},
								"east": {"uv": [45, 26], "uv_size": [2, 2]},
								"south": {"uv": [45, 28], "uv_size": [2, 2]},
								"west": {"uv": [31, 45], "uv_size": [2, 2]},
								"up": {"uv": [45, 33], "uv_size": [2, 2]},
								"down": {"uv": [45, 41], "uv_size": [2, -2]}
							}
						},
						{
							"origin": [-77.40656, 156.79915, -157.57534],
							"size": [1.024, 7.616, 7.76],
							"pivot": [-69.4463, 156.85402, -157.28734],
							"rotation": [11.59656, 7.3486, -118.49649],
							"uv": {
								"north": {"uv": [5, 50], "uv_size": [1, 2]},
								"east": {"uv": [0, 46], "uv_size": [2, 2]},
								"south": {"uv": [6, 50], "uv_size": [1, 2]},
								"west": {"uv": [46, 0], "uv_size": [2, 2]},
								"up": {"uv": [50, 6], "uv_size": [1, 2]},
								"down": {"uv": [7, 52], "uv_size": [1, -2]}
							}
						},
						{
							"origin": [-72.51744, 156.79915, -157.57534],
							"size": [1.024, 7.616, 7.76],
							"pivot": [-79.4537, 156.85402, -157.28734],
							"rotation": [11.59656, -7.3486, 118.49649],
							"uv": {
								"north": {"uv": [8, 50], "uv_size": [1, 2]},
								"east": {"uv": [2, 46], "uv_size": [2, 2]},
								"south": {"uv": [50, 8], "uv_size": [1, 2]},
								"west": {"uv": [46, 2], "uv_size": [2, 2]},
								"up": {"uv": [9, 50], "uv_size": [1, 2]},
								"down": {"uv": [10, 52], "uv_size": [1, -2]}
							}
						},
						{
							"origin": [-68.36568, 163.34901, -155.99956],
							"size": [1.024, 7.616, 7.76],
							"pivot": [-75.30194, 163.40388, -155.71156],
							"rotation": [11.54275, 4.89938, 120.99928],
							"uv": {
								"north": {"uv": [50, 10], "uv_size": [1, 2]},
								"east": {"uv": [4, 46], "uv_size": [2, 2]},
								"south": {"uv": [50, 12], "uv_size": [1, 2]},
								"west": {"uv": [46, 4], "uv_size": [2, 2]},
								"up": {"uv": [14, 50], "uv_size": [1, 2]},
								"down": {"uv": [50, 16], "uv_size": [1, -2]}
							}
						},
						{
							"origin": [-81.55832, 163.34901, -155.99956],
							"size": [1.024, 7.616, 7.76],
							"pivot": [-73.59806, 163.40388, -155.71156],
							"rotation": [11.54275, -4.89938, -120.99928],
							"uv": {
								"north": {"uv": [15, 50], "uv_size": [1, 2]},
								"east": {"uv": [6, 46], "uv_size": [2, 2]},
								"south": {"uv": [50, 16], "uv_size": [1, 2]},
								"west": {"uv": [46, 6], "uv_size": [2, 2]},
								"up": {"uv": [50, 18], "uv_size": [1, 2]},
								"down": {"uv": [50, 22], "uv_size": [1, -2]}
							}
						}
					]
				},
				{
					"name": "bone10",
					"parent": "bone8",
					"pivot": [-70.13365, 157.60277, -156.6],
					"rotation": [0, 0, 120],
					"cubes": [
						{
							"origin": [-65.05318, 165.15205, -156.61982],
							"size": [7.104, 7.616, 7.76],
							"pivot": [-57.09292, 165.20692, -156.33182],
							"rotation": [11.5, 0, -120],
							"uv": {
								"north": {"uv": [46, 8], "uv_size": [2, 2]},
								"east": {"uv": [46, 10], "uv_size": [2, 2]},
								"south": {"uv": [46, 12], "uv_size": [2, 2]},
								"west": {"uv": [14, 46], "uv_size": [2, 2]},
								"up": {"uv": [46, 14], "uv_size": [2, 2]},
								"down": {"uv": [46, 18], "uv_size": [2, -2]}
							}
						}
					]
				},
				{
					"name": "bone11",
					"parent": "bone8",
					"pivot": [-78.85365, 157.60277, -156.6],
					"rotation": [0, 0, -60],
					"cubes": [
						{
							"origin": [-86.81359, 157.52236, -156.61982],
							"size": [7.104, 7.616, 7.76],
							"pivot": [-78.85333, 157.57723, -156.33182],
							"rotation": [11.5, 0, -120],
							"uv": {
								"north": {"uv": [46, 20], "uv_size": [2, 2]},
								"east": {"uv": [24, 46], "uv_size": [2, 2]},
								"south": {"uv": [26, 46], "uv_size": [2, 2]},
								"west": {"uv": [28, 46], "uv_size": [2, 2]},
								"up": {"uv": [46, 30], "uv_size": [2, 2]},
								"down": {"uv": [33, 48], "uv_size": [2, -2]}
							}
						},
						{
							"origin": [-81.2479, 158.34313, -156.44766],
							"size": [1.024, 7.616, 7.76],
							"pivot": [-79.36765, 158.39801, -156.15966],
							"rotation": [11.59656, -7.3486, -121.50351],
							"uv": {
								"north": {"uv": [50, 22], "uv_size": [1, 2]},
								"east": {"uv": [35, 46], "uv_size": [2, 2]},
								"south": {"uv": [24, 50], "uv_size": [1, 2]},
								"west": {"uv": [46, 35], "uv_size": [2, 2]},
								"up": {"uv": [50, 24], "uv_size": [1, 2]},
								"down": {"uv": [25, 52], "uv_size": [1, -2]}
							}
						},
						{
							"origin": [-77.19344, 151.46302, -156.79767],
							"size": [1.024, 7.616, 7.76],
							"pivot": [-75.31318, 151.51789, -156.50967],
							"rotation": [11.59656, 7.3486, -118.49649],
							"uv": {
								"north": {"uv": [26, 50], "uv_size": [1, 2]},
								"east": {"uv": [37, 46], "uv_size": [2, 2]},
								"south": {"uv": [50, 26], "uv_size": [1, 2]},
								"west": {"uv": [46, 37], "uv_size": [2, 2]},
								"up": {"uv": [27, 50], "uv_size": [1, 2]},
								"down": {"uv": [28, 52], "uv_size": [1, -2]}
							}
						}
					]
				},
				{
					"name": "bone12",
					"parent": "bone8",
					"pivot": [-82.53365, 151.20277, -156.6],
					"rotation": [0, 0, -120],
					"cubes": [
						{
							"origin": [-89.15467, 151.11168, -156.61982],
							"size": [7.104, 7.616, 7.76],
							"pivot": [-82.55442, 151.16655, -156.33182],
							"rotation": [11.5, 0, -120],
							"uv": {
								"north": {"uv": [39, 46], "uv_size": [2, 2]},
								"east": {"uv": [41, 46], "uv_size": [2, 2]},
								"south": {"uv": [46, 41], "uv_size": [2, 2]},
								"west": {"uv": [43, 46], "uv_size": [2, 2]},
								"up": {"uv": [46, 43], "uv_size": [2, 2]},
								"down": {"uv": [45, 48], "uv_size": [2, -2]}
							}
						}
					]
				},
				{
					"name": "bone13",
					"parent": "bone8",
					"pivot": [-82.53365, 151.20277, -156.6],
					"rotation": [0, 0, -180],
					"cubes": [
						{
							"origin": [-81.12228, 149.95048, -156.85906],
							"size": [7.104, 7.616, 7.76],
							"pivot": [-82.60202, 151.20535, -156.57106],
							"rotation": [11.5, 0, -120],
							"uv": {
								"north": {"uv": [8, 47], "uv_size": [2, 2]},
								"east": {"uv": [10, 47], "uv_size": [2, 2]},
								"south": {"uv": [12, 47], "uv_size": [2, 2]},
								"west": {"uv": [16, 47], "uv_size": [2, 2]},
								"up": {"uv": [18, 47], "uv_size": [2, 2]},
								"down": {"uv": [47, 20], "uv_size": [2, -2]}
							}
						},
						{
							"origin": [-101.21882, 149.32913, -156.70482],
							"size": [0.784, 7.616, 7.76],
							"pivot": [-98.95508, 150.584, -156.41682],
							"rotation": [11.54275, -4.89938, 119.00072],
							"uv": {
								"north": {"uv": [50, 28], "uv_size": [1, 2]},
								"east": {"uv": [30, 47], "uv_size": [2, 2]},
								"south": {"uv": [29, 50], "uv_size": [1, 2]},
								"west": {"uv": [47, 32], "uv_size": [2, 2]},
								"up": {"uv": [50, 30], "uv_size": [1, 2]},
								"down": {"uv": [32, 52], "uv_size": [1, -2]}
							}
						},
						{
							"origin": [-80.82666, 149.37569, -156.70482],
							"size": [0.784, 7.616, 7.76],
							"pivot": [-82.3064, 150.63056, -156.41682],
							"rotation": [11.54275, 4.89938, -119.00072],
							"uv": {
								"north": {"uv": [50, 32], "uv_size": [1, 2]},
								"east": {"uv": [47, 39], "uv_size": [2, 2]},
								"south": {"uv": [33, 50], "uv_size": [1, 2]},
								"west": {"uv": [47, 45], "uv_size": [2, 2]},
								"up": {"uv": [34, 50], "uv_size": [1, 2]},
								"down": {"uv": [50, 36], "uv_size": [1, -2]}
							}
						},
						{
							"origin": [-107.2432, 149.90392, -156.85906],
							"size": [7.104, 7.616, 7.76],
							"pivot": [-98.65945, 151.1588, -156.57106],
							"rotation": [11.5, 0, 120],
							"uv": {
								"north": {"uv": [47, 47], "uv_size": [2, 2]},
								"east": {"uv": [0, 48], "uv_size": [2, 2]},
								"south": {"uv": [48, 0], "uv_size": [2, 2]},
								"west": {"uv": [2, 48], "uv_size": [2, 2]},
								"up": {"uv": [48, 2], "uv_size": [2, 2]},
								"down": {"uv": [4, 50], "uv_size": [2, -2]}
							}
						}
					]
				},
				{
					"name": "head",
					"parent": "body",
					"pivot": [0, 24, 0]
				},
				{
					"name": "leftLeg",
					"parent": "waist",
					"pivot": [1.9, 12, 0]
				},
				{
					"name": "leftPants",
					"parent": "leftLeg",
					"pivot": [1.9, 12, 0]
				}
			]
		}
	]
}