{
	"format_version": "1.12.0",
	"minecraft:geometry": [
		{
			"description": {
				"identifier": "geometry.pg7vl_fire",
				"texture_width": 32,
				"texture_height": 32,
				"visible_bounds_width": 17,
				"visible_bounds_height": 4,
				"visible_bounds_offset": [0, 1, 0]
			},
			"bones": [
				{
					"name": "head",
					"pivot": [5, 5, -9.675],
					"rotation": [-90, 0, 0]
				},
				{
					"name": "waist",
					"parent": "head",
					"pivot": [5, 17, -9.675]
				},
				{
					"name": "body",
					"parent": "waist",
					"pivot": [5, 29, -9.675]
				},
				{
					"name": "cape",
					"parent": "body",
					"pivot": [5, 29, -6.675]
				},
				{
					"name": "leftArm",
					"parent": "body",
					"pivot": [10, 27, -9.675]
				},
				{
					"name": "leftSleeve",
					"parent": "leftArm",
					"pivot": [10, 27, -9.675]
				},
				{
					"name": "leftItem",
					"parent": "leftArm",
					"pivot": [11, 20, -8.675]
				},
				{
					"name": "leftArm2",
					"parent": "leftArm",
					"pivot": [10, 27, -9.675]
				},
				{
					"name": "zaryad_left",
					"parent": "leftArm2",
					"pivot": [-0.3, 12, -13.275]
				},
				{
					"name": "zaryad5",
					"parent": "zaryad_left",
					"pivot": [-0.25, 17.13448, -13.17725],
					"rotation": [90, 0, 0]
				},
				{
					"name": "zaryad3",
					"parent": "zaryad5",
					"pivot": [0.80274, 11.82558, -23.22723]
				},
				{
					"name": "bone22",
					"parent": "zaryad3",
					"pivot": [-1.52849, 14.27938, -23.579],
					"rotation": [0, 0, -90]
				},
				{
					"name": "bone23",
					"parent": "zaryad3",
					"pivot": [1.2092, 12.51065, -27.86104],
					"rotation": [7.5, 0, 0]
				},
				{
					"name": "bone24",
					"parent": "zaryad3",
					"pivot": [1.2092, 12.51065, 18.58964],
					"rotation": [-7.5, 0, 0]
				},
				{
					"name": "bone25",
					"parent": "zaryad3",
					"pivot": [1.2092, 16.04811, -27.86104],
					"rotation": [-7.5, 0, 0]
				},
				{
					"name": "bone26",
					"parent": "zaryad3",
					"pivot": [1.2092, 16.04811, 18.58964],
					"rotation": [7.5, 0, 0]
				},
				{
					"name": "zaryad4",
					"parent": "zaryad3",
					"pivot": [-0.25, 11.36098, -14.6677]
				},
				{
					"name": "bone27",
					"parent": "zaryad4",
					"pivot": [-0.24558, 10.42352, -10.44215]
				},
				{
					"name": "bone28",
					"parent": "zaryad3",
					"pivot": [5, 25.73448, -42.89225]
				},
				{
					"name": "bone",
					"parent": "bone28",
					"pivot": [-0.25, 17.175, -18]
				},
				{
					"name": "flash",
					"parent": "bone",
					"pivot": [-0.25, 18, -18.66],
					"rotation": [-159.84126, 7.04533, 2.57816],
					"cubes": [
						{
							"origin": [-0.97, 17.28, -19.6512],
							"size": [1.44, 1.44, 0],
							"uv": {
								"north": {"uv": [12, 12], "uv_size": [6, 6]}
							}
						},
						{
							"origin": [-0.97, 17.28, -19.65045],
							"size": [1.44, 1.44, 0],
							"uv": {
								"south": {"uv": [18, 12], "uv_size": [-6, 6]}
							}
						},
						{
							"origin": [-0.24775, 17.28, -23.9072],
							"size": [0, 1.44, 5.24],
							"uv": {
								"east": {"uv": [0, 0], "uv_size": [13.5, 6]}
							}
						},
						{
							"origin": [-0.25, 17.28, -23.9072],
							"size": [0, 1.44, 5.24],
							"uv": {
								"west": {"uv": [13.5, 0], "uv_size": [-13.5, 6]}
							}
						},
						{
							"origin": [-0.97, 18, -23.9072],
							"size": [1.44, 0, 5.24],
							"uv": {
								"up": {"uv": [0, 6], "uv_size": [6, 13.5]}
							}
						},
						{
							"origin": [-0.97, 17.99925, -23.9072],
							"size": [1.44, 0, 5.24],
							"uv": {
								"down": {"uv": [0, 19.5], "uv_size": [6, -13.5]}
							}
						},
						{
							"origin": [-0.25075, 17.28, -23.9072],
							"size": [0, 1.44, 5.24],
							"pivot": [-0.25, 18, -20.2872],
							"rotation": [0, 0, -45],
							"uv": {
								"east": {"uv": [12, 6], "uv_size": [13.5, 6]}
							}
						},
						{
							"origin": [-0.25, 17.28, -23.9072],
							"size": [0, 1.44, 5.24],
							"pivot": [-0.25, 18, -20.2872],
							"rotation": [0, 0, -45],
							"uv": {
								"east": {"uv": [12, 6], "uv_size": [13.5, 6]}
							}
						},
						{
							"origin": [-0.97, 17.99925, -23.9072],
							"size": [1.44, 0, 5.24],
							"pivot": [-0.25, 18, -20.2872],
							"rotation": [0, 0, -45],
							"uv": {
								"up": {"uv": [6, 6], "uv_size": [6, 13.5]}
							}
						},
						{
							"origin": [-0.97, 18, -23.9072],
							"size": [1.44, 0, 5.24],
							"pivot": [-0.25, 18, -20.2872],
							"rotation": [0, 0, -45],
							"uv": {
								"up": {"uv": [6, 6], "uv_size": [6, 13.5]}
							}
						}
					]
				},
				{
					"name": "flash2",
					"parent": "bone",
					"pivot": [-0.225, 16.2, -18.66],
					"rotation": [159.84126, -7.04533, 2.57816],
					"cubes": [
						{
							"origin": [-0.945, 15.48, -19.6512],
							"size": [1.44, 1.44, 0],
							"uv": {
								"north": {"uv": [18, 18], "uv_size": [-6, -6]}
							}
						},
						{
							"origin": [-0.945, 15.48, -19.65045],
							"size": [1.44, 1.44, 0],
							"uv": {
								"south": {"uv": [12, 18], "uv_size": [6, -6]}
							}
						},
						{
							"origin": [-0.22725, 15.48, -23.9072],
							"size": [0, 1.44, 5.24],
							"uv": {
								"west": {"uv": [13.5, 6], "uv_size": [-13.5, -6]}
							}
						},
						{
							"origin": [-0.225, 15.48, -23.9072],
							"size": [0, 1.44, 5.24],
							"uv": {
								"east": {"uv": [0, 6], "uv_size": [13.5, -6]}
							}
						},
						{
							"origin": [-0.945, 16.2, -23.9072],
							"size": [1.44, 0, 5.24],
							"uv": {
								"down": {"uv": [6, 19.5], "uv_size": [-6, -13.5]}
							}
						},
						{
							"origin": [-0.945, 16.20075, -23.9072],
							"size": [1.44, 0, 5.24],
							"uv": {
								"up": {"uv": [6, 6], "uv_size": [-6, 13.5]}
							}
						},
						{
							"origin": [-0.22425, 15.48, -23.9072],
							"size": [0, 1.44, 5.24],
							"pivot": [-0.225, 16.2, -20.2872],
							"rotation": [0, 0, -45],
							"uv": {
								"west": {"uv": [25.5, 12], "uv_size": [-13.5, -6]}
							}
						},
						{
							"origin": [-0.225, 15.48, -23.9072],
							"size": [0, 1.44, 5.24],
							"pivot": [-0.225, 16.2, -20.2872],
							"rotation": [0, 0, -45],
							"uv": {
								"west": {"uv": [25.5, 12], "uv_size": [-13.5, -6]}
							}
						},
						{
							"origin": [-0.945, 16.20075, -23.9072],
							"size": [1.44, 0, 5.24],
							"pivot": [-0.225, 16.2, -20.2872],
							"rotation": [0, 0, -45],
							"uv": {
								"down": {"uv": [12, 19.5], "uv_size": [-6, -13.5]}
							}
						},
						{
							"origin": [-0.945, 16.2, -23.9072],
							"size": [1.44, 0, 5.24],
							"pivot": [-0.225, 16.2, -20.2872],
							"rotation": [0, 0, -45],
							"uv": {
								"down": {"uv": [12, 19.5], "uv_size": [-6, -13.5]}
							}
						}
					]
				},
				{
					"name": "bone2",
					"parent": "bone",
					"pivot": [-0.25, 17.175, -18],
					"rotation": [0, 0, 50]
				},
				{
					"name": "flash3",
					"parent": "bone2",
					"pivot": [-0.25, 18, -18.66],
					"rotation": [-159.84126, 7.04533, 2.57816],
					"cubes": [
						{
							"origin": [-0.97, 17.28, -19.6512],
							"size": [1.44, 1.44, 0],
							"uv": {
								"north": {"uv": [12, 12], "uv_size": [6, 6]}
							}
						},
						{
							"origin": [-0.97, 17.28, -19.65045],
							"size": [1.44, 1.44, 0],
							"uv": {
								"south": {"uv": [18, 12], "uv_size": [-6, 6]}
							}
						},
						{
							"origin": [-0.24775, 17.28, -23.9072],
							"size": [0, 1.44, 5.24],
							"uv": {
								"east": {"uv": [0, 0], "uv_size": [13.5, 6]}
							}
						},
						{
							"origin": [-0.25, 17.28, -23.9072],
							"size": [0, 1.44, 5.24],
							"uv": {
								"west": {"uv": [13.5, 0], "uv_size": [-13.5, 6]}
							}
						},
						{
							"origin": [-0.97, 18, -23.9072],
							"size": [1.44, 0, 5.24],
							"uv": {
								"up": {"uv": [0, 6], "uv_size": [6, 13.5]}
							}
						},
						{
							"origin": [-0.97, 17.99925, -23.9072],
							"size": [1.44, 0, 5.24],
							"uv": {
								"down": {"uv": [0, 19.5], "uv_size": [6, -13.5]}
							}
						},
						{
							"origin": [-0.25075, 17.28, -23.9072],
							"size": [0, 1.44, 5.24],
							"pivot": [-0.25, 18, -20.2872],
							"rotation": [0, 0, -45],
							"uv": {
								"east": {"uv": [12, 6], "uv_size": [13.5, 6]}
							}
						},
						{
							"origin": [-0.25, 17.28, -23.9072],
							"size": [0, 1.44, 5.24],
							"pivot": [-0.25, 18, -20.2872],
							"rotation": [0, 0, -45],
							"uv": {
								"east": {"uv": [12, 6], "uv_size": [13.5, 6]}
							}
						},
						{
							"origin": [-0.97, 17.99925, -23.9072],
							"size": [1.44, 0, 5.24],
							"pivot": [-0.25, 18, -20.2872],
							"rotation": [0, 0, -45],
							"uv": {
								"up": {"uv": [6, 6], "uv_size": [6, 13.5]}
							}
						},
						{
							"origin": [-0.97, 18, -23.9072],
							"size": [1.44, 0, 5.24],
							"pivot": [-0.25, 18, -20.2872],
							"rotation": [0, 0, -45],
							"uv": {
								"up": {"uv": [6, 6], "uv_size": [6, 13.5]}
							}
						}
					]
				},
				{
					"name": "flash4",
					"parent": "bone2",
					"pivot": [-0.225, 16.2, -18.66],
					"rotation": [159.84126, -7.04533, 2.57816],
					"cubes": [
						{
							"origin": [-0.945, 15.48, -19.6512],
							"size": [1.44, 1.44, 0],
							"uv": {
								"north": {"uv": [18, 18], "uv_size": [-6, -6]}
							}
						},
						{
							"origin": [-0.945, 15.48, -19.65045],
							"size": [1.44, 1.44, 0],
							"uv": {
								"south": {"uv": [12, 18], "uv_size": [6, -6]}
							}
						},
						{
							"origin": [-0.22725, 15.48, -23.9072],
							"size": [0, 1.44, 5.24],
							"uv": {
								"west": {"uv": [13.5, 6], "uv_size": [-13.5, -6]}
							}
						},
						{
							"origin": [-0.225, 15.48, -23.9072],
							"size": [0, 1.44, 5.24],
							"uv": {
								"east": {"uv": [0, 6], "uv_size": [13.5, -6]}
							}
						},
						{
							"origin": [-0.945, 16.2, -23.9072],
							"size": [1.44, 0, 5.24],
							"uv": {
								"down": {"uv": [6, 19.5], "uv_size": [-6, -13.5]}
							}
						},
						{
							"origin": [-0.945, 16.20075, -23.9072],
							"size": [1.44, 0, 5.24],
							"uv": {
								"up": {"uv": [6, 6], "uv_size": [-6, 13.5]}
							}
						},
						{
							"origin": [-0.22425, 15.48, -23.9072],
							"size": [0, 1.44, 5.24],
							"pivot": [-0.225, 16.2, -20.2872],
							"rotation": [0, 0, -45],
							"uv": {
								"west": {"uv": [25.5, 12], "uv_size": [-13.5, -6]}
							}
						},
						{
							"origin": [-0.225, 15.48, -23.9072],
							"size": [0, 1.44, 5.24],
							"pivot": [-0.225, 16.2, -20.2872],
							"rotation": [0, 0, -45],
							"uv": {
								"west": {"uv": [25.5, 12], "uv_size": [-13.5, -6]}
							}
						},
						{
							"origin": [-0.945, 16.20075, -23.9072],
							"size": [1.44, 0, 5.24],
							"pivot": [-0.225, 16.2, -20.2872],
							"rotation": [0, 0, -45],
							"uv": {
								"down": {"uv": [12, 19.5], "uv_size": [-6, -13.5]}
							}
						},
						{
							"origin": [-0.945, 16.2, -23.9072],
							"size": [1.44, 0, 5.24],
							"pivot": [-0.225, 16.2, -20.2872],
							"rotation": [0, 0, -45],
							"uv": {
								"down": {"uv": [12, 19.5], "uv_size": [-6, -13.5]}
							}
						}
					]
				},
				{
					"name": "bone3",
					"parent": "bone",
					"pivot": [-0.25, 17.175, -18],
					"rotation": [0, 0, -47.5]
				},
				{
					"name": "flash5",
					"parent": "bone3",
					"pivot": [-0.25, 18, -18.66],
					"rotation": [-159.84126, 7.04533, 2.57816],
					"cubes": [
						{
							"origin": [-0.97, 17.28, -19.6512],
							"size": [1.44, 1.44, 0],
							"uv": {
								"north": {"uv": [12, 12], "uv_size": [6, 6]}
							}
						},
						{
							"origin": [-0.97, 17.28, -19.65045],
							"size": [1.44, 1.44, 0],
							"uv": {
								"south": {"uv": [18, 12], "uv_size": [-6, 6]}
							}
						},
						{
							"origin": [-0.24775, 17.28, -23.9072],
							"size": [0, 1.44, 5.24],
							"uv": {
								"east": {"uv": [0, 0], "uv_size": [13.5, 6]}
							}
						},
						{
							"origin": [-0.25, 17.28, -23.9072],
							"size": [0, 1.44, 5.24],
							"uv": {
								"west": {"uv": [13.5, 0], "uv_size": [-13.5, 6]}
							}
						},
						{
							"origin": [-0.97, 18, -23.9072],
							"size": [1.44, 0, 5.24],
							"uv": {
								"up": {"uv": [0, 6], "uv_size": [6, 13.5]}
							}
						},
						{
							"origin": [-0.97, 17.99925, -23.9072],
							"size": [1.44, 0, 5.24],
							"uv": {
								"down": {"uv": [0, 19.5], "uv_size": [6, -13.5]}
							}
						},
						{
							"origin": [-0.25075, 17.28, -23.9072],
							"size": [0, 1.44, 5.24],
							"pivot": [-0.25, 18, -20.2872],
							"rotation": [0, 0, -45],
							"uv": {
								"east": {"uv": [12, 6], "uv_size": [13.5, 6]}
							}
						},
						{
							"origin": [-0.25, 17.28, -23.9072],
							"size": [0, 1.44, 5.24],
							"pivot": [-0.25, 18, -20.2872],
							"rotation": [0, 0, -45],
							"uv": {
								"east": {"uv": [12, 6], "uv_size": [13.5, 6]}
							}
						},
						{
							"origin": [-0.97, 17.99925, -23.9072],
							"size": [1.44, 0, 5.24],
							"pivot": [-0.25, 18, -20.2872],
							"rotation": [0, 0, -45],
							"uv": {
								"up": {"uv": [6, 6], "uv_size": [6, 13.5]}
							}
						},
						{
							"origin": [-0.97, 18, -23.9072],
							"size": [1.44, 0, 5.24],
							"pivot": [-0.25, 18, -20.2872],
							"rotation": [0, 0, -45],
							"uv": {
								"up": {"uv": [6, 6], "uv_size": [6, 13.5]}
							}
						}
					]
				},
				{
					"name": "flash6",
					"parent": "bone3",
					"pivot": [-0.225, 16.2, -18.66],
					"rotation": [159.84126, -7.04533, 2.57816],
					"cubes": [
						{
							"origin": [-0.945, 15.48, -19.6512],
							"size": [1.44, 1.44, 0],
							"uv": {
								"north": {"uv": [18, 18], "uv_size": [-6, -6]}
							}
						},
						{
							"origin": [-0.945, 15.48, -19.65045],
							"size": [1.44, 1.44, 0],
							"uv": {
								"south": {"uv": [12, 18], "uv_size": [6, -6]}
							}
						},
						{
							"origin": [-0.22725, 15.48, -23.9072],
							"size": [0, 1.44, 5.24],
							"uv": {
								"west": {"uv": [13.5, 6], "uv_size": [-13.5, -6]}
							}
						},
						{
							"origin": [-0.225, 15.48, -23.9072],
							"size": [0, 1.44, 5.24],
							"uv": {
								"east": {"uv": [0, 6], "uv_size": [13.5, -6]}
							}
						},
						{
							"origin": [-0.945, 16.2, -23.9072],
							"size": [1.44, 0, 5.24],
							"uv": {
								"down": {"uv": [6, 19.5], "uv_size": [-6, -13.5]}
							}
						},
						{
							"origin": [-0.945, 16.20075, -23.9072],
							"size": [1.44, 0, 5.24],
							"uv": {
								"up": {"uv": [6, 6], "uv_size": [-6, 13.5]}
							}
						},
						{
							"origin": [-0.22425, 15.48, -23.9072],
							"size": [0, 1.44, 5.24],
							"pivot": [-0.225, 16.2, -20.2872],
							"rotation": [0, 0, -45],
							"uv": {
								"west": {"uv": [25.5, 12], "uv_size": [-13.5, -6]}
							}
						},
						{
							"origin": [-0.225, 15.48, -23.9072],
							"size": [0, 1.44, 5.24],
							"pivot": [-0.225, 16.2, -20.2872],
							"rotation": [0, 0, -45],
							"uv": {
								"west": {"uv": [25.5, 12], "uv_size": [-13.5, -6]}
							}
						},
						{
							"origin": [-0.945, 16.20075, -23.9072],
							"size": [1.44, 0, 5.24],
							"pivot": [-0.225, 16.2, -20.2872],
							"rotation": [0, 0, -45],
							"uv": {
								"down": {"uv": [12, 19.5], "uv_size": [-6, -13.5]}
							}
						},
						{
							"origin": [-0.945, 16.2, -23.9072],
							"size": [1.44, 0, 5.24],
							"pivot": [-0.225, 16.2, -20.2872],
							"rotation": [0, 0, -45],
							"uv": {
								"down": {"uv": [12, 19.5], "uv_size": [-6, -13.5]}
							}
						}
					]
				},
				{
					"name": "flash7",
					"parent": "bone",
					"pivot": [-0.275, 17.2, -1.965],
					"cubes": [
						{
							"origin": [-2.579, 14.896, 1.20684],
							"size": [4.608, 4.608, 0],
							"uv": {
								"south": {"uv": [18, 12], "uv_size": [-6, 6]}
							}
						},
						{
							"origin": [-2.579, 14.896, 1.20444],
							"size": [4.608, 4.608, 0],
							"uv": {
								"north": {"uv": [12, 12], "uv_size": [6, 6]}
							}
						},
						{
							"origin": [-0.2678, 14.896, -1.94196],
							"size": [0, 4.608, 10.368],
							"uv": {
								"east": {"uv": [13.5, 0], "uv_size": [-13.5, 6]}
							}
						},
						{
							"origin": [-0.275, 14.896, -1.94196],
							"size": [0, 4.608, 10.368],
							"uv": {
								"west": {"uv": [0, 0], "uv_size": [13.5, 6]}
							}
						},
						{
							"origin": [-2.579, 17.2, -1.94196],
							"size": [4.608, 0, 10.368],
							"uv": {
								"up": {"uv": [0, 19.5], "uv_size": [6, -13.5]}
							}
						},
						{
							"origin": [-2.579, 17.1976, -1.94196],
							"size": [4.608, 0, 10.368],
							"uv": {
								"down": {"uv": [0, 6], "uv_size": [6, 13.5]}
							}
						},
						{
							"origin": [-0.2774, 14.896, -1.94196],
							"size": [0, 4.608, 10.368],
							"pivot": [-0.275, 17.2, 3.24204],
							"rotation": [0, 0, -45],
							"uv": {
								"east": {"uv": [25.5, 6], "uv_size": [-13.5, 6]}
							}
						},
						{
							"origin": [-0.275, 14.896, -1.94196],
							"size": [0, 4.608, 10.368],
							"pivot": [-0.275, 17.2, 3.24204],
							"rotation": [0, 0, -45],
							"uv": {
								"east": {"uv": [25.5, 6], "uv_size": [-13.5, 6]}
							}
						},
						{
							"origin": [-2.579, 17.1976, -1.94196],
							"size": [4.608, 0, 10.368],
							"pivot": [-0.275, 17.2, 3.24204],
							"rotation": [0, 0, -45],
							"uv": {
								"up": {"uv": [6, 19.5], "uv_size": [6, -13.5]}
							}
						},
						{
							"origin": [-2.579, 17.2, -1.94196],
							"size": [4.608, 0, 10.368],
							"pivot": [-0.275, 17.2, 3.24204],
							"rotation": [0, 0, -45],
							"uv": {
								"up": {"uv": [6, 19.5], "uv_size": [6, -13.5]}
							}
						}
					]
				},
				{
					"name": "rightArm",
					"parent": "body",
					"pivot": [0, 27, -9.675]
				},
				{
					"name": "rightSleeve",
					"parent": "rightArm",
					"pivot": [0, 27, -9.675]
				},
				{
					"name": "rightItem",
					"parent": "rightArm",
					"pivot": [-1, 20, -8.675]
				},
				{
					"name": "jacket",
					"parent": "body",
					"pivot": [5, 29, -9.675]
				},
				{
					"name": "leftLeg",
					"parent": "head",
					"pivot": [6.9, 17, -9.675]
				},
				{
					"name": "leftPants",
					"parent": "leftLeg",
					"pivot": [6.9, 17, -9.675]
				},
				{
					"name": "rightLeg",
					"parent": "head",
					"pivot": [3.1, 17, -9.675]
				},
				{
					"name": "rightPants",
					"parent": "rightLeg",
					"pivot": [3.1, 17, -9.675]
				}
			]
		}
	]
}