{
	"format_version": "1.12.0",
	"minecraft:geometry": [
		{
			"description": {
				"identifier": "geometry.pg7vl",
				"texture_width": 128,
				"texture_height": 128,
				"visible_bounds_width": 17,
				"visible_bounds_height": 4,
				"visible_bounds_offset": [0, 1, 0]
			},
			"bones": [
				{
					"name": "head",
					"pivot": [5, 5, -9.675],
					"rotation": [-90, 0, 0]
				},
				{
					"name": "waist",
					"parent": "head",
					"pivot": [5, 17, -9.675]
				},
				{
					"name": "body",
					"parent": "waist",
					"pivot": [5, 29, -9.675]
				},
				{
					"name": "cape",
					"parent": "body",
					"pivot": [5, 29, -6.675]
				},
				{
					"name": "leftArm",
					"parent": "body",
					"pivot": [10, 27, -9.675]
				},
				{
					"name": "leftSleeve",
					"parent": "leftArm",
					"pivot": [10, 27, -9.675]
				},
				{
					"name": "leftItem",
					"parent": "leftArm",
					"pivot": [11, 20, -8.675]
				},
				{
					"name": "leftArm2",
					"parent": "leftArm",
					"pivot": [10, 27, -9.675]
				},
				{
					"name": "zaryad_left",
					"parent": "leftArm2",
					"pivot": [-0.3, 12, -13.275]
				},
				{
					"name": "zaryad5",
					"parent": "zaryad_left",
					"pivot": [-0.25, 17.13448, -13.17725],
					"rotation": [90, 0, 0]
				},
				{
					"name": "zaryad3",
					"parent": "zaryad5",
					"pivot": [0.80274, 11.82558, -23.22723],
					"cubes": [
						{
							"origin": [-8.40154, 13.94287, -25.12813],
							"size": [2.99984, 0.98819, 0.95719],
							"pivot": [-0.26076, 7.77847, -19.62933],
							"rotation": [0, 0, 45],
							"uv": {
								"north": {"uv": [20, 34], "uv_size": [3, 1]},
								"east": {"uv": [57, 23], "uv_size": [1, 1]},
								"south": {"uv": [37, 22], "uv_size": [3, 1]},
								"west": {"uv": [57, 30], "uv_size": [1, 1]},
								"up": {"uv": [23, 37], "uv_size": [3, 1]},
								"down": {"uv": [37, 24], "uv_size": [3, -1]}
							}
						},
						{
							"origin": [4.90168, 13.94287, -25.12813],
							"size": [2.99984, 0.98819, 0.95719],
							"pivot": [-0.23924, 7.77847, -19.62933],
							"rotation": [0, 0, -45],
							"uv": {
								"north": {"uv": [37, 24], "uv_size": [3, 1]},
								"east": {"uv": [57, 31], "uv_size": [1, 1]},
								"south": {"uv": [37, 25], "uv_size": [3, 1]},
								"west": {"uv": [57, 36], "uv_size": [1, 1]},
								"up": {"uv": [26, 37], "uv_size": [3, 1]},
								"down": {"uv": [29, 38], "uv_size": [3, -1]}
							}
						},
						{
							"origin": [-0.07299, 17.17619, -30.9432],
							"size": [0.26384, 0.98819, 5.88199],
							"pivot": [-0.21132, 18.75037, -24.86915],
							"rotation": [0, 10, -45],
							"uv": {
								"north": {"uv": [34, 70], "uv_size": [0.25, 1]},
								"east": {"uv": [27, 10], "uv_size": [6, 1]},
								"south": {"uv": [70, 34], "uv_size": [0.25, 1]},
								"west": {"uv": [29, 21], "uv_size": [6, 1]},
								"up": {"uv": [38, 46], "uv_size": [0.25, 6]},
								"down": {"uv": [39, 52], "uv_size": [0.25, -6]}
							}
						},
						{
							"origin": [1.35081, 17.96444, -27.35091],
							"size": [0.26384, 0.98819, 4.18199],
							"pivot": [0.81964, 18.95264, -23.65858],
							"rotation": [-180, 2.5, 135],
							"uv": {
								"north": {"uv": [71, 16], "uv_size": [0.25, 1]},
								"east": {"uv": [33, 19], "uv_size": [4.25, 1]},
								"south": {"uv": [17, 71], "uv_size": [0.25, 1]},
								"west": {"uv": [33, 20], "uv_size": [4.25, 1]},
								"up": {"uv": [3, 55], "uv_size": [0.25, 4.25]},
								"down": {"uv": [4, 59.25], "uv_size": [0.25, -4.25]}
							}
						},
						{
							"origin": [0.77148, 17.38511, -19.97418],
							"size": [0.26384, 0.98819, 1.18199],
							"pivot": [0.24031, 18.3733, -19.28185],
							"rotation": [-180, 57.5, 135],
							"uv": {
								"north": {"uv": [71, 17], "uv_size": [0.25, 1]},
								"east": {"uv": [49, 5], "uv_size": [1.25, 1]},
								"south": {"uv": [18, 71], "uv_size": [0.25, 1]},
								"west": {"uv": [49, 6], "uv_size": [1.25, 1]},
								"up": {"uv": [69, 16], "uv_size": [0.25, 1.25]},
								"down": {"uv": [18, 70.25], "uv_size": [0.25, -1.25]}
							}
						},
						{
							"origin": [-1.53533, 17.38512, -19.97418],
							"size": [0.26384, 0.98819, 1.18199],
							"pivot": [-0.74032, 18.37331, -19.28185],
							"rotation": [-180, -57.5, -135],
							"uv": {
								"north": {"uv": [71, 19], "uv_size": [0.25, 1]},
								"east": {"uv": [49, 9], "uv_size": [1.25, 1]},
								"south": {"uv": [20, 71], "uv_size": [0.25, 1]},
								"west": {"uv": [49, 10], "uv_size": [1.25, 1]},
								"up": {"uv": [69, 18], "uv_size": [0.25, 1.25]},
								"down": {"uv": [19, 70.25], "uv_size": [0.25, -1.25]}
							}
						},
						{
							"origin": [-2.11466, 17.96445, -27.35091],
							"size": [0.26384, 0.98819, 4.18199],
							"pivot": [-1.31965, 18.95264, -23.65858],
							"rotation": [-180, -2.5, -135],
							"uv": {
								"north": {"uv": [71, 18], "uv_size": [0.25, 1]},
								"east": {"uv": [24, 33], "uv_size": [4.25, 1]},
								"south": {"uv": [19, 71], "uv_size": [0.25, 1]},
								"west": {"uv": [34, 2], "uv_size": [4.25, 1]},
								"up": {"uv": [30, 55], "uv_size": [0.25, 4.25]},
								"down": {"uv": [31, 59.25], "uv_size": [0.25, -4.25]}
							}
						},
						{
							"origin": [-2.11809, 15.4124, -27.35091],
							"size": [0.26384, 0.98819, 4.18199],
							"pivot": [-1.32308, 15.4124, -23.65858],
							"rotation": [180, -2.5, 135],
							"uv": {
								"north": {"uv": [71, 23], "uv_size": [0.25, 1]},
								"east": {"uv": [5, 34], "uv_size": [4.25, 1]},
								"south": {"uv": [24, 71], "uv_size": [0.25, 1]},
								"west": {"uv": [34, 5], "uv_size": [4.25, 1]},
								"up": {"uv": [37, 55], "uv_size": [0.25, 4.25]},
								"down": {"uv": [54, 59.25], "uv_size": [0.25, -4.25]}
							}
						},
						{
							"origin": [-1.53876, 15.99174, -19.97418],
							"size": [0.26384, 0.98819, 1.18199],
							"pivot": [-0.74374, 15.99173, -19.28185],
							"rotation": [180, -57.5, 135],
							"uv": {
								"north": {"uv": [71, 22], "uv_size": [0.25, 1]},
								"east": {"uv": [49, 20], "uv_size": [1.25, 1]},
								"south": {"uv": [23, 71], "uv_size": [0.25, 1]},
								"west": {"uv": [49, 21], "uv_size": [1.25, 1]},
								"up": {"uv": [69, 22], "uv_size": [0.25, 1.25]},
								"down": {"uv": [23, 70.25], "uv_size": [0.25, -1.25]}
							}
						},
						{
							"origin": [0.76805, 15.99174, -19.97418],
							"size": [0.26384, 0.98819, 1.18199],
							"pivot": [0.23688, 15.99174, -19.28185],
							"rotation": [180, 57.5, -135],
							"uv": {
								"north": {"uv": [71, 21], "uv_size": [0.25, 1]},
								"east": {"uv": [49, 11], "uv_size": [1.25, 1]},
								"south": {"uv": [22, 71], "uv_size": [0.25, 1]},
								"west": {"uv": [49, 12], "uv_size": [1.25, 1]},
								"up": {"uv": [69, 20], "uv_size": [0.25, 1.25]},
								"down": {"uv": [22, 70.25], "uv_size": [0.25, -1.25]}
							}
						},
						{
							"origin": [1.34738, 15.41241, -27.35091],
							"size": [0.26384, 0.98819, 4.18199],
							"pivot": [0.81621, 15.41241, -23.65858],
							"rotation": [180, 2.5, -135],
							"uv": {
								"north": {"uv": [71, 20], "uv_size": [0.25, 1]},
								"east": {"uv": [34, 3], "uv_size": [4.25, 1]},
								"south": {"uv": [21, 71], "uv_size": [0.25, 1]},
								"west": {"uv": [34, 4], "uv_size": [4.25, 1]},
								"up": {"uv": [35, 55], "uv_size": [0.25, 4.25]},
								"down": {"uv": [36, 59.25], "uv_size": [0.25, -4.25]}
							}
						},
						{
							"origin": [-0.68744, 16.20065, -30.9432],
							"size": [0.26384, 0.98819, 5.88199],
							"pivot": [-0.28526, 15.61466, -24.86915],
							"rotation": [0, -10, -45],
							"uv": {
								"north": {"uv": [35, 70], "uv_size": [0.25, 1]},
								"east": {"uv": [29, 26], "uv_size": [6, 1]},
								"south": {"uv": [70, 35], "uv_size": [0.25, 1]},
								"west": {"uv": [29, 27], "uv_size": [6, 1]},
								"up": {"uv": [40, 46], "uv_size": [0.25, 6]},
								"down": {"uv": [41, 52], "uv_size": [0.25, -6]}
							}
						},
						{
							"origin": [-0.69087, 17.17619, -30.9432],
							"size": [0.26384, 0.98819, 5.88199],
							"pivot": [-0.28868, 18.75037, -24.86915],
							"rotation": [0, -10, 45],
							"uv": {
								"north": {"uv": [36, 70], "uv_size": [0.25, 1]},
								"east": {"uv": [29, 28], "uv_size": [6, 1]},
								"south": {"uv": [70, 36], "uv_size": [0.25, 1]},
								"west": {"uv": [29, 29], "uv_size": [6, 1]},
								"up": {"uv": [42, 46], "uv_size": [0.25, 6]},
								"down": {"uv": [43, 52], "uv_size": [0.25, -6]}
							}
						},
						{
							"origin": [-0.06957, 16.20065, -30.9432],
							"size": [0.26384, 0.98819, 5.88199],
							"pivot": [-0.2079, 15.61466, -24.86915],
							"rotation": [0, 10, 45],
							"uv": {
								"north": {"uv": [37, 70], "uv_size": [0.25, 1]},
								"east": {"uv": [30, 0], "uv_size": [6, 1]},
								"south": {"uv": [70, 37], "uv_size": [0.25, 1]},
								"west": {"uv": [30, 1], "uv_size": [6, 1]},
								"up": {"uv": [46, 45], "uv_size": [0.25, 6]},
								"down": {"uv": [23, 53], "uv_size": [0.25, -6]}
							}
						},
						{
							"origin": [-0.95585, 15.76544, -25.12813],
							"size": [1.41169, 2.82338, 0.95719],
							"uv": {
								"north": {"uv": [34, 6], "uv_size": [1.5, 2.75]},
								"east": {"uv": [16, 37], "uv_size": [1, 2.75]},
								"south": {"uv": [10, 34], "uv_size": [1.5, 2.75]},
								"west": {"uv": [11, 38], "uv_size": [1, 2.75]},
								"up": {"uv": [46, 42], "uv_size": [1.5, 1]},
								"down": {"uv": [47, 10], "uv_size": [1.5, -1]}
							}
						},
						{
							"origin": [-0.17842, 17.699, -26.06419],
							"size": [0.73681, 0.26978, 2.43463],
							"pivot": [-0.23866, 7.1458, -29.12838],
							"rotation": [7.56397, -7.43547, -0.98448],
							"uv": {
								"north": {"uv": [2, 72], "uv_size": [0.75, 0.25]},
								"east": {"uv": [2, 62], "uv_size": [2.5, 0.25]},
								"south": {"uv": [72, 2], "uv_size": [0.75, 0.25]},
								"west": {"uv": [62, 2], "uv_size": [2.5, 0.25]},
								"up": {"uv": [22, 43], "uv_size": [0.75, 2.5]},
								"down": {"uv": [32, 45.5], "uv_size": [0.75, -2.5]}
							}
						},
						{
							"origin": [-0.17842, 17.699, -28.43539],
							"size": [0.20785, 0.26978, 2.3712],
							"pivot": [-0.23866, 7.1458, -29.12838],
							"rotation": [7.56397, -7.43547, -0.98448],
							"uv": {
								"north": {"uv": [75, 34], "uv_size": [0.25, 0.25]},
								"east": {"uv": [45, 63], "uv_size": [2.25, 0.25]},
								"south": {"uv": [35, 75], "uv_size": [0.25, 0.25]},
								"west": {"uv": [63, 46], "uv_size": [2.25, 0.25]},
								"up": {"uv": [48, 63], "uv_size": [0.25, 2.25]},
								"down": {"uv": [49, 65.25], "uv_size": [0.25, -2.25]}
							}
						},
						{
							"origin": [-0.28786, 17.699, -29.32915],
							"size": [0.11665, 0.26978, 5.69959],
							"pivot": [-0.23866, 7.1458, -29.12838],
							"rotation": [7.5, 0, 0],
							"uv": {
								"north": {"uv": [75, 35], "uv_size": [0.25, 0.25]},
								"east": {"uv": [0, 48], "uv_size": [5.75, 0.25]},
								"south": {"uv": [36, 75], "uv_size": [0.25, 0.25]},
								"west": {"uv": [48, 0], "uv_size": [5.75, 0.25]},
								"up": {"uv": [48, 1], "uv_size": [0.25, 5.75]},
								"down": {"uv": [6, 53.75], "uv_size": [0.25, -5.75]}
							}
						},
						{
							"origin": [-1.0357, 17.699, -26.06419],
							"size": [0.73681, 0.26978, 2.43463],
							"pivot": [-0.23866, 7.1458, -29.12838],
							"rotation": [7.56397, 7.43547, 0.98448],
							"uv": {
								"north": {"uv": [3, 72], "uv_size": [0.75, 0.25]},
								"east": {"uv": [62, 3], "uv_size": [2.5, 0.25]},
								"south": {"uv": [72, 3], "uv_size": [0.75, 0.25]},
								"west": {"uv": [62, 6], "uv_size": [2.5, 0.25]},
								"up": {"uv": [43, 32], "uv_size": [0.75, 2.5]},
								"down": {"uv": [33, 45.5], "uv_size": [0.75, -2.5]}
							}
						},
						{
							"origin": [-0.50674, 17.699, -28.43539],
							"size": [0.20785, 0.26978, 2.3712],
							"pivot": [-0.23866, 7.1458, -29.12838],
							"rotation": [7.56397, 7.43547, 0.98448],
							"uv": {
								"north": {"uv": [75, 36], "uv_size": [0.25, 0.25]},
								"east": {"uv": [63, 47], "uv_size": [2.25, 0.25]},
								"south": {"uv": [37, 75], "uv_size": [0.25, 0.25]},
								"west": {"uv": [63, 48], "uv_size": [2.25, 0.25]},
								"up": {"uv": [50, 63], "uv_size": [0.25, 2.25]},
								"down": {"uv": [63, 52.25], "uv_size": [0.25, -2.25]}
							}
						},
						{
							"origin": [-0.7621, 17.699, -26.79379],
							"size": [0.46321, 0.26978, 0.7296],
							"pivot": [-0.23866, 7.1458, -29.12838],
							"rotation": [7.56397, 7.43547, 0.98448],
							"uv": {
								"north": {"uv": [73, 25], "uv_size": [0.5, 0.25]},
								"east": {"uv": [4, 72], "uv_size": [0.75, 0.25]},
								"south": {"uv": [26, 73], "uv_size": [0.5, 0.25]},
								"west": {"uv": [72, 4], "uv_size": [0.75, 0.25]},
								"up": {"uv": [68, 8], "uv_size": [0.5, 0.75]},
								"down": {"uv": [68, 9.75], "uv_size": [0.5, -0.75]}
							}
						},
						{
							"origin": [-1.0357, 16.38547, -26.06419],
							"size": [0.73681, 0.26978, 2.43463],
							"pivot": [-0.23866, 27.20846, -29.12838],
							"rotation": [-7.56397, 7.43547, -0.98448],
							"uv": {
								"north": {"uv": [5, 72], "uv_size": [0.75, 0.25]},
								"east": {"uv": [62, 7], "uv_size": [2.5, 0.25]},
								"south": {"uv": [72, 5], "uv_size": [0.75, 0.25]},
								"west": {"uv": [62, 8], "uv_size": [2.5, 0.25]},
								"up": {"uv": [34, 43], "uv_size": [0.75, 2.5]},
								"down": {"uv": [35, 45.5], "uv_size": [0.75, -2.5]}
							}
						},
						{
							"origin": [-0.17842, 16.38547, -26.06419],
							"size": [0.73681, 0.26978, 2.43463],
							"pivot": [-0.23866, 27.20846, -29.12838],
							"rotation": [-7.56397, -7.43547, 0.98448],
							"uv": {
								"north": {"uv": [6, 72], "uv_size": [0.75, 0.25]},
								"east": {"uv": [62, 9], "uv_size": [2.5, 0.25]},
								"south": {"uv": [72, 6], "uv_size": [0.75, 0.25]},
								"west": {"uv": [12, 62], "uv_size": [2.5, 0.25]},
								"up": {"uv": [36, 43], "uv_size": [0.75, 2.5]},
								"down": {"uv": [37, 45.5], "uv_size": [0.75, -2.5]}
							}
						},
						{
							"origin": [-0.7621, 16.38547, -26.79379],
							"size": [0.46321, 0.26978, 0.7296],
							"pivot": [-0.23866, 27.20846, -29.12838],
							"rotation": [-7.56397, 7.43547, -0.98448],
							"uv": {
								"north": {"uv": [73, 26], "uv_size": [0.5, 0.25]},
								"east": {"uv": [7, 72], "uv_size": [0.75, 0.25]},
								"south": {"uv": [27, 73], "uv_size": [0.5, 0.25]},
								"west": {"uv": [72, 7], "uv_size": [0.75, 0.25]},
								"up": {"uv": [11, 68], "uv_size": [0.5, 0.75]},
								"down": {"uv": [68, 11.75], "uv_size": [0.5, -0.75]}
							}
						},
						{
							"origin": [-0.17842, 16.38547, -28.43539],
							"size": [0.20785, 0.26978, 2.3712],
							"pivot": [-0.23866, 27.20846, -29.12838],
							"rotation": [-7.56397, -7.43547, 0.98448],
							"uv": {
								"north": {"uv": [75, 37], "uv_size": [0.25, 0.25]},
								"east": {"uv": [51, 63], "uv_size": [2.25, 0.25]},
								"south": {"uv": [38, 75], "uv_size": [0.25, 0.25]},
								"west": {"uv": [63, 53], "uv_size": [2.25, 0.25]},
								"up": {"uv": [54, 63], "uv_size": [0.25, 2.25]},
								"down": {"uv": [63, 56.25], "uv_size": [0.25, -2.25]}
							}
						},
						{
							"origin": [-0.50674, 16.38547, -28.43539],
							"size": [0.20785, 0.26978, 2.3712],
							"pivot": [-0.23866, 27.20846, -29.12838],
							"rotation": [-7.56397, 7.43547, -0.98448],
							"uv": {
								"north": {"uv": [75, 38], "uv_size": [0.25, 0.25]},
								"east": {"uv": [55, 63], "uv_size": [2.25, 0.25]},
								"south": {"uv": [39, 75], "uv_size": [0.25, 0.25]},
								"west": {"uv": [63, 58], "uv_size": [2.25, 0.25]},
								"up": {"uv": [60, 63], "uv_size": [0.25, 2.25]},
								"down": {"uv": [61, 65.25], "uv_size": [0.25, -2.25]}
							}
						},
						{
							"origin": [-0.28786, 16.38547, -29.32915],
							"size": [0.11665, 0.26978, 5.69959],
							"pivot": [-0.23866, 27.20846, -29.12838],
							"rotation": [-7.5, 0, 0],
							"uv": {
								"north": {"uv": [75, 39], "uv_size": [0.25, 0.25]},
								"east": {"uv": [7, 48], "uv_size": [5.75, 0.25]},
								"south": {"uv": [40, 75], "uv_size": [0.25, 0.25]},
								"west": {"uv": [48, 7], "uv_size": [5.75, 0.25]},
								"up": {"uv": [13, 48], "uv_size": [0.25, 5.75]},
								"down": {"uv": [14, 53.75], "uv_size": [0.25, -5.75]}
							}
						},
						{
							"origin": [-1.66169, 16.47128, -25.12813],
							"size": [2.82338, 1.41169, 0.95719],
							"uv": {
								"north": {"uv": [24, 31], "uv_size": [2.75, 1.5]},
								"east": {"uv": [24, 47], "uv_size": [1, 1.5]},
								"south": {"uv": [17, 34], "uv_size": [2.75, 1.5]},
								"west": {"uv": [25, 47], "uv_size": [1, 1.5]},
								"up": {"uv": [39, 4], "uv_size": [2.75, 1]},
								"down": {"uv": [39, 6], "uv_size": [2.75, -1]}
							}
						},
						{
							"origin": [-1.66169, 16.59628, -24.17094],
							"size": [0.125, 1.16169, 4.175],
							"pivot": [-1.67419, 17.17712, -24.17094],
							"rotation": [0, 2, 0],
							"uv": {
								"north": {"uv": [24, 69], "uv_size": [0.25, 1.25]},
								"east": {"uv": [31, 17], "uv_size": [4.25, 1.25]},
								"south": {"uv": [69, 24], "uv_size": [0.25, 1.25]},
								"west": {"uv": [31, 30], "uv_size": [4.25, 1.25]},
								"up": {"uv": [55, 55], "uv_size": [0.25, 4.25]},
								"down": {"uv": [0, 60.25], "uv_size": [0.25, -4.25]}
							}
						},
						{
							"origin": [-1.51599, 17.14628, -19.99848],
							"size": [0.125, 0.08669, 0.925],
							"pivot": [-1.52849, 17.17712, -19.99848],
							"rotation": [0, 47, 0],
							"uv": {
								"north": {"uv": [32, 76], "uv_size": [0.25, 0.25]},
								"east": {"uv": [71, 24], "uv_size": [1, 0.25]},
								"south": {"uv": [76, 32], "uv_size": [0.25, 0.25]},
								"west": {"uv": [25, 71], "uv_size": [1, 0.25]},
								"up": {"uv": [71, 25], "uv_size": [0.25, 1]},
								"down": {"uv": [26, 72], "uv_size": [0.25, -1]}
							}
						},
						{
							"origin": [-1.51599, 16.72128, -19.99848],
							"size": [0.125, 0.425, 0.2],
							"pivot": [-1.52849, 17.17712, -19.99848],
							"rotation": [0, 47, 0],
							"uv": {
								"north": {"uv": [6, 74], "uv_size": [0.25, 0.5]},
								"east": {"uv": [74, 6], "uv_size": [0.25, 0.5]},
								"south": {"uv": [7, 74], "uv_size": [0.25, 0.5]},
								"west": {"uv": [74, 7], "uv_size": [0.25, 0.5]},
								"up": {"uv": [34, 76], "uv_size": [0.25, 0.25]},
								"down": {"uv": [76, 34.25], "uv_size": [0.25, -0.25]}
							}
						},
						{
							"origin": [-1.51599, 16.62128, -19.99848],
							"size": [0.125, 0.1, 0.1],
							"pivot": [-1.52849, 17.17712, -19.99848],
							"rotation": [0, 47, 0],
							"uv": {
								"north": {"uv": [36, 76], "uv_size": [0.25, 0.25]},
								"east": {"uv": [76, 36], "uv_size": [0.25, 0.25]},
								"south": {"uv": [37, 76], "uv_size": [0.25, 0.25]},
								"west": {"uv": [76, 37], "uv_size": [0.25, 0.25]},
								"up": {"uv": [38, 76], "uv_size": [0.25, 0.25]},
								"down": {"uv": [76, 38.25], "uv_size": [0.25, -0.25]}
							}
						},
						{
							"origin": [-1.51599, 17.04628, -19.79848],
							"size": [0.125, 0.1, 0.425],
							"pivot": [-1.52849, 17.17712, -19.99848],
							"rotation": [0, 47, 0],
							"uv": {
								"north": {"uv": [35, 76], "uv_size": [0.25, 0.25]},
								"east": {"uv": [8, 74], "uv_size": [0.5, 0.25]},
								"south": {"uv": [76, 35], "uv_size": [0.25, 0.25]},
								"west": {"uv": [74, 8], "uv_size": [0.5, 0.25]},
								"up": {"uv": [9, 74], "uv_size": [0.25, 0.5]},
								"down": {"uv": [74, 9.5], "uv_size": [0.25, -0.5]}
							}
						},
						{
							"origin": [-1.51599, 16.72128, -20.24848],
							"size": [0.125, 0.08669, 0.8],
							"pivot": [-1.52849, 17.17712, -19.99848],
							"rotation": [35.75, 47, 0],
							"uv": {
								"north": {"uv": [33, 76], "uv_size": [0.25, 0.25]},
								"east": {"uv": [38, 72], "uv_size": [0.75, 0.25]},
								"south": {"uv": [76, 33], "uv_size": [0.25, 0.25]},
								"west": {"uv": [72, 38], "uv_size": [0.75, 0.25]},
								"up": {"uv": [39, 72], "uv_size": [0.25, 0.75]},
								"down": {"uv": [72, 39.75], "uv_size": [0.25, -0.75]}
							}
						},
						{
							"origin": [-1.51599, 16.80797, -20.09848],
							"size": [0.125, 0.175, 0.4],
							"pivot": [-1.52849, 17.17712, -19.99848],
							"rotation": [35.75, 47, 0],
							"uv": {
								"north": {"uv": [39, 76], "uv_size": [0.25, 0.25]},
								"east": {"uv": [10, 74], "uv_size": [0.5, 0.25]},
								"south": {"uv": [76, 39], "uv_size": [0.25, 0.25]},
								"west": {"uv": [74, 10], "uv_size": [0.5, 0.25]},
								"up": {"uv": [11, 74], "uv_size": [0.25, 0.5]},
								"down": {"uv": [74, 11.5], "uv_size": [0.25, -0.5]}
							}
						},
						{
							"origin": [-1.52451, 17.39043, -20.08934],
							"size": [0.125, 0.175, 0.4],
							"pivot": [-1.53701, 17.19628, -19.98934],
							"rotation": [-35.75, 47, 0],
							"uv": {
								"north": {"uv": [46, 76], "uv_size": [0.25, 0.25]},
								"east": {"uv": [16, 74], "uv_size": [0.5, 0.25]},
								"south": {"uv": [76, 46], "uv_size": [0.25, 0.25]},
								"west": {"uv": [74, 16], "uv_size": [0.5, 0.25]},
								"up": {"uv": [17, 74], "uv_size": [0.25, 0.5]},
								"down": {"uv": [74, 17.5], "uv_size": [0.25, -0.5]}
							}
						},
						{
							"origin": [-1.52451, 17.22712, -19.78934],
							"size": [0.125, 0.1, 0.425],
							"pivot": [-1.53701, 17.19628, -19.98934],
							"rotation": [0, 47, 0],
							"uv": {
								"north": {"uv": [45, 76], "uv_size": [0.25, 0.25]},
								"east": {"uv": [14, 74], "uv_size": [0.5, 0.25]},
								"south": {"uv": [76, 45], "uv_size": [0.25, 0.25]},
								"west": {"uv": [74, 14], "uv_size": [0.5, 0.25]},
								"up": {"uv": [15, 74], "uv_size": [0.25, 0.5]},
								"down": {"uv": [74, 15.5], "uv_size": [0.25, -0.5]}
							}
						},
						{
							"origin": [-1.52451, 17.56543, -20.23934],
							"size": [0.125, 0.08669, 0.8],
							"pivot": [-1.53701, 17.19628, -19.98934],
							"rotation": [-35.75, 47, 0],
							"uv": {
								"north": {"uv": [44, 76], "uv_size": [0.25, 0.25]},
								"east": {"uv": [40, 72], "uv_size": [0.75, 0.25]},
								"south": {"uv": [76, 44], "uv_size": [0.25, 0.25]},
								"west": {"uv": [72, 40], "uv_size": [0.75, 0.25]},
								"up": {"uv": [41, 72], "uv_size": [0.25, 0.75]},
								"down": {"uv": [72, 41.75], "uv_size": [0.25, -0.75]}
							}
						},
						{
							"origin": [-1.52451, 17.22712, -19.98934],
							"size": [0.125, 0.425, 0.2],
							"pivot": [-1.53701, 17.19628, -19.98934],
							"rotation": [0, 47, 0],
							"uv": {
								"north": {"uv": [12, 74], "uv_size": [0.25, 0.5]},
								"east": {"uv": [74, 12], "uv_size": [0.25, 0.5]},
								"south": {"uv": [13, 74], "uv_size": [0.25, 0.5]},
								"west": {"uv": [74, 13], "uv_size": [0.25, 0.5]},
								"up": {"uv": [43, 76], "uv_size": [0.25, 0.25]},
								"down": {"uv": [76, 43.25], "uv_size": [0.25, -0.25]}
							}
						},
						{
							"origin": [-1.52451, 17.65212, -19.98934],
							"size": [0.125, 0.1, 0.1],
							"pivot": [-1.53701, 17.19628, -19.98934],
							"rotation": [0, 47, 0],
							"uv": {
								"north": {"uv": [40, 76], "uv_size": [0.25, 0.25]},
								"east": {"uv": [76, 40], "uv_size": [0.25, 0.25]},
								"south": {"uv": [41, 76], "uv_size": [0.25, 0.25]},
								"west": {"uv": [76, 41], "uv_size": [0.25, 0.25]},
								"up": {"uv": [42, 76], "uv_size": [0.25, 0.25]},
								"down": {"uv": [76, 42.25], "uv_size": [0.25, -0.25]}
							}
						},
						{
							"origin": [-1.66169, 16.47128, -24.22094],
							"size": [0.125, 0.16169, 4.175],
							"pivot": [-1.67419, 17.17712, -24.17094],
							"rotation": [2.5, 2, 0],
							"uv": {
								"north": {"uv": [30, 76], "uv_size": [0.25, 0.25]},
								"east": {"uv": [55, 32], "uv_size": [4.25, 0.25]},
								"south": {"uv": [76, 30], "uv_size": [0.25, 0.25]},
								"west": {"uv": [55, 33], "uv_size": [4.25, 0.25]},
								"up": {"uv": [1, 56], "uv_size": [0.25, 4.25]},
								"down": {"uv": [2, 60.25], "uv_size": [0.25, -4.25]}
							}
						},
						{
							"origin": [-1.66169, 17.71253, -25.27094],
							"size": [0.125, 0.16169, 4.175],
							"pivot": [-1.67419, -7.38163, -24.17094],
							"rotation": [-2.5, 2, 0],
							"uv": {
								"north": {"uv": [31, 76], "uv_size": [0.25, 0.25]},
								"east": {"uv": [55, 34], "uv_size": [4.25, 0.25]},
								"south": {"uv": [76, 31], "uv_size": [0.25, 0.25]},
								"west": {"uv": [55, 35], "uv_size": [4.25, 0.25]},
								"up": {"uv": [8, 56], "uv_size": [0.25, 4.25]},
								"down": {"uv": [9, 60.25], "uv_size": [0.25, -4.25]}
							}
						},
						{
							"origin": [1.03653, 16.59262, -24.16615],
							"size": [0.125, 1.16169, 4.175],
							"pivot": [1.17403, 17.17347, -24.16615],
							"rotation": [0, -2, 0],
							"uv": {
								"north": {"uv": [25, 69], "uv_size": [0.25, 1.25]},
								"east": {"uv": [32, 11], "uv_size": [4.25, 1.25]},
								"south": {"uv": [69, 26], "uv_size": [0.25, 1.25]},
								"west": {"uv": [17, 32], "uv_size": [4.25, 1.25]},
								"up": {"uv": [15, 56], "uv_size": [0.25, 4.25]},
								"down": {"uv": [16, 60.25], "uv_size": [0.25, -4.25]}
							}
						},
						{
							"origin": [1.03653, 16.46762, -24.21615],
							"size": [0.125, 0.16169, 4.175],
							"pivot": [1.17403, 17.17347, -24.16615],
							"rotation": [2.5, -2, 0],
							"uv": {
								"north": {"uv": [63, 76], "uv_size": [0.25, 0.25]},
								"east": {"uv": [55, 47], "uv_size": [4.25, 0.25]},
								"south": {"uv": [76, 63], "uv_size": [0.25, 0.25]},
								"west": {"uv": [55, 48], "uv_size": [4.25, 0.25]},
								"up": {"uv": [12, 56], "uv_size": [0.25, 4.25]},
								"down": {"uv": [13, 60.25], "uv_size": [0.25, -4.25]}
							}
						},
						{
							"origin": [1.03653, 17.70887, -25.26615],
							"size": [0.125, 0.16169, 4.175],
							"pivot": [1.17403, -7.38528, -24.16615],
							"rotation": [-2.5, -2, 0],
							"uv": {
								"north": {"uv": [62, 76], "uv_size": [0.25, 0.25]},
								"east": {"uv": [55, 37], "uv_size": [4.25, 0.25]},
								"south": {"uv": [76, 62], "uv_size": [0.25, 0.25]},
								"west": {"uv": [55, 38], "uv_size": [4.25, 0.25]},
								"up": {"uv": [10, 56], "uv_size": [0.25, 4.25]},
								"down": {"uv": [11, 60.25], "uv_size": [0.25, -4.25]}
							}
						},
						{
							"origin": [0.89935, 17.22347, -19.98455],
							"size": [0.125, 0.425, 0.2],
							"pivot": [1.03685, 17.19262, -19.98455],
							"rotation": [0, -47, 0],
							"uv": {
								"north": {"uv": [28, 74], "uv_size": [0.25, 0.5]},
								"east": {"uv": [74, 28], "uv_size": [0.25, 0.5]},
								"south": {"uv": [29, 74], "uv_size": [0.25, 0.5]},
								"west": {"uv": [74, 29], "uv_size": [0.25, 0.5]},
								"up": {"uv": [61, 76], "uv_size": [0.25, 0.25]},
								"down": {"uv": [76, 61.25], "uv_size": [0.25, -0.25]}
							}
						},
						{
							"origin": [0.89083, 16.71762, -19.99369],
							"size": [0.125, 0.425, 0.2],
							"pivot": [1.02833, 17.17347, -19.99369],
							"rotation": [0, -47, 0],
							"uv": {
								"north": {"uv": [26, 74], "uv_size": [0.25, 0.5]},
								"east": {"uv": [74, 26], "uv_size": [0.25, 0.5]},
								"south": {"uv": [27, 74], "uv_size": [0.25, 0.5]},
								"west": {"uv": [74, 27], "uv_size": [0.25, 0.5]},
								"up": {"uv": [60, 76], "uv_size": [0.25, 0.25]},
								"down": {"uv": [76, 60.25], "uv_size": [0.25, -0.25]}
							}
						},
						{
							"origin": [0.89083, 17.14262, -19.99369],
							"size": [0.125, 0.08669, 0.925],
							"pivot": [1.02833, 17.17347, -19.99369],
							"rotation": [0, -47, 0],
							"uv": {
								"north": {"uv": [59, 76], "uv_size": [0.25, 0.25]},
								"east": {"uv": [71, 26], "uv_size": [1, 0.25]},
								"south": {"uv": [76, 59], "uv_size": [0.25, 0.25]},
								"west": {"uv": [27, 71], "uv_size": [1, 0.25]},
								"up": {"uv": [71, 27], "uv_size": [0.25, 1]},
								"down": {"uv": [28, 72], "uv_size": [0.25, -1]}
							}
						},
						{
							"origin": [0.89935, 17.22347, -19.78455],
							"size": [0.125, 0.1, 0.425],
							"pivot": [1.03685, 17.19262, -19.98455],
							"rotation": [0, -47, 0],
							"uv": {
								"north": {"uv": [58, 76], "uv_size": [0.25, 0.25]},
								"east": {"uv": [24, 74], "uv_size": [0.5, 0.25]},
								"south": {"uv": [76, 58], "uv_size": [0.25, 0.25]},
								"west": {"uv": [74, 24], "uv_size": [0.5, 0.25]},
								"up": {"uv": [25, 74], "uv_size": [0.25, 0.5]},
								"down": {"uv": [74, 25.5], "uv_size": [0.25, -0.5]}
							}
						},
						{
							"origin": [0.89935, 17.38678, -20.08455],
							"size": [0.125, 0.175, 0.4],
							"pivot": [1.03685, 17.19262, -19.98455],
							"rotation": [-35.75, -47, 0],
							"uv": {
								"north": {"uv": [57, 76], "uv_size": [0.25, 0.25]},
								"east": {"uv": [22, 74], "uv_size": [0.5, 0.25]},
								"south": {"uv": [76, 57], "uv_size": [0.25, 0.25]},
								"west": {"uv": [74, 22], "uv_size": [0.5, 0.25]},
								"up": {"uv": [23, 74], "uv_size": [0.25, 0.5]},
								"down": {"uv": [74, 23.5], "uv_size": [0.25, -0.5]}
							}
						},
						{
							"origin": [0.89935, 17.56178, -20.23455],
							"size": [0.125, 0.08669, 0.8],
							"pivot": [1.03685, 17.19262, -19.98455],
							"rotation": [-35.75, -47, 0],
							"uv": {
								"north": {"uv": [56, 76], "uv_size": [0.25, 0.25]},
								"east": {"uv": [44, 72], "uv_size": [0.75, 0.25]},
								"south": {"uv": [76, 56], "uv_size": [0.25, 0.25]},
								"west": {"uv": [72, 44], "uv_size": [0.75, 0.25]},
								"up": {"uv": [45, 72], "uv_size": [0.25, 0.75]},
								"down": {"uv": [72, 45.75], "uv_size": [0.25, -0.75]}
							}
						},
						{
							"origin": [0.89935, 17.64847, -19.98455],
							"size": [0.125, 0.1, 0.1],
							"pivot": [1.03685, 17.19262, -19.98455],
							"rotation": [0, -47, 0],
							"uv": {
								"north": {"uv": [53, 76], "uv_size": [0.25, 0.25]},
								"east": {"uv": [76, 53], "uv_size": [0.25, 0.25]},
								"south": {"uv": [54, 76], "uv_size": [0.25, 0.25]},
								"west": {"uv": [76, 54], "uv_size": [0.25, 0.25]},
								"up": {"uv": [55, 76], "uv_size": [0.25, 0.25]},
								"down": {"uv": [76, 55.25], "uv_size": [0.25, -0.25]}
							}
						},
						{
							"origin": [0.89083, 17.04262, -19.79369],
							"size": [0.125, 0.1, 0.425],
							"pivot": [1.02833, 17.17347, -19.99369],
							"rotation": [0, -47, 0],
							"uv": {
								"north": {"uv": [52, 76], "uv_size": [0.25, 0.25]},
								"east": {"uv": [20, 74], "uv_size": [0.5, 0.25]},
								"south": {"uv": [76, 52], "uv_size": [0.25, 0.25]},
								"west": {"uv": [74, 20], "uv_size": [0.5, 0.25]},
								"up": {"uv": [21, 74], "uv_size": [0.25, 0.5]},
								"down": {"uv": [74, 21.5], "uv_size": [0.25, -0.5]}
							}
						},
						{
							"origin": [0.89083, 16.80432, -20.09369],
							"size": [0.125, 0.175, 0.4],
							"pivot": [1.02833, 17.17347, -19.99369],
							"rotation": [35.75, -47, 0],
							"uv": {
								"north": {"uv": [51, 76], "uv_size": [0.25, 0.25]},
								"east": {"uv": [18, 74], "uv_size": [0.5, 0.25]},
								"south": {"uv": [76, 51], "uv_size": [0.25, 0.25]},
								"west": {"uv": [74, 18], "uv_size": [0.5, 0.25]},
								"up": {"uv": [19, 74], "uv_size": [0.25, 0.5]},
								"down": {"uv": [74, 19.5], "uv_size": [0.25, -0.5]}
							}
						},
						{
							"origin": [0.89083, 16.71762, -20.24369],
							"size": [0.125, 0.08669, 0.8],
							"pivot": [1.02833, 17.17347, -19.99369],
							"rotation": [35.75, -47, 0],
							"uv": {
								"north": {"uv": [50, 76], "uv_size": [0.25, 0.25]},
								"east": {"uv": [42, 72], "uv_size": [0.75, 0.25]},
								"south": {"uv": [76, 50], "uv_size": [0.25, 0.25]},
								"west": {"uv": [72, 42], "uv_size": [0.75, 0.25]},
								"up": {"uv": [43, 72], "uv_size": [0.25, 0.75]},
								"down": {"uv": [72, 43.75], "uv_size": [0.25, -0.75]}
							}
						},
						{
							"origin": [0.89083, 16.61762, -19.99369],
							"size": [0.125, 0.1, 0.1],
							"pivot": [1.02833, 17.17347, -19.99369],
							"rotation": [0, -47, 0],
							"uv": {
								"north": {"uv": [47, 76], "uv_size": [0.25, 0.25]},
								"east": {"uv": [76, 47], "uv_size": [0.25, 0.25]},
								"south": {"uv": [48, 76], "uv_size": [0.25, 0.25]},
								"west": {"uv": [76, 48], "uv_size": [0.25, 0.25]},
								"up": {"uv": [49, 76], "uv_size": [0.25, 0.25]},
								"down": {"uv": [76, 49.25], "uv_size": [0.25, -0.25]}
							}
						}
					]
				},
				{
					"name": "bone22",
					"parent": "zaryad3",
					"pivot": [-1.52849, 14.27938, -23.579],
					"rotation": [0, 0, -90],
					"cubes": [
						{
							"origin": [2.65571, 12.4012, -24.1684],
							"size": [0.125, 1.16169, 4.175],
							"pivot": [2.79321, 12.98205, -24.1684],
							"rotation": [0, -2, 0],
							"uv": {
								"north": {"uv": [69, 32], "uv_size": [0.25, 1.25]},
								"east": {"uv": [31, 32], "uv_size": [4.25, 1.25]},
								"south": {"uv": [69, 34], "uv_size": [0.25, 1.25]},
								"west": {"uv": [0, 33], "uv_size": [4.25, 1.25]},
								"up": {"uv": [29, 56], "uv_size": [0.25, 4.25]},
								"down": {"uv": [32, 60.25], "uv_size": [0.25, -4.25]}
							}
						},
						{
							"origin": [2.65571, 13.51745, -25.2684],
							"size": [0.125, 0.16169, 4.175],
							"pivot": [2.79321, -11.5767, -24.1684],
							"rotation": [-2.5, -2, 0],
							"uv": {
								"north": {"uv": [77, 20], "uv_size": [0.25, 0.25]},
								"east": {"uv": [56, 10], "uv_size": [4.25, 0.25]},
								"south": {"uv": [21, 77], "uv_size": [0.25, 0.25]},
								"west": {"uv": [56, 11], "uv_size": [4.25, 0.25]},
								"up": {"uv": [27, 56], "uv_size": [0.25, 4.25]},
								"down": {"uv": [28, 60.25], "uv_size": [0.25, -4.25]}
							}
						},
						{
							"origin": [2.65571, 12.2762, -24.2184],
							"size": [0.125, 0.16169, 4.175],
							"pivot": [2.79321, 12.98205, -24.1684],
							"rotation": [2.5, -2, 0],
							"uv": {
								"north": {"uv": [77, 19], "uv_size": [0.25, 0.25]},
								"east": {"uv": [56, 6], "uv_size": [4.25, 0.25]},
								"south": {"uv": [20, 77], "uv_size": [0.25, 0.25]},
								"west": {"uv": [56, 9], "uv_size": [4.25, 0.25]},
								"up": {"uv": [25, 56], "uv_size": [0.25, 4.25]},
								"down": {"uv": [26, 60.25], "uv_size": [0.25, -4.25]}
							}
						},
						{
							"origin": [2.51853, 13.45705, -19.9868],
							"size": [0.125, 0.1, 0.1],
							"pivot": [2.65603, 13.0012, -19.9868],
							"rotation": [0, -47, 0],
							"uv": {
								"north": {"uv": [77, 16], "uv_size": [0.25, 0.25]},
								"east": {"uv": [17, 77], "uv_size": [0.25, 0.25]},
								"south": {"uv": [77, 17], "uv_size": [0.25, 0.25]},
								"west": {"uv": [18, 77], "uv_size": [0.25, 0.25]},
								"up": {"uv": [77, 18], "uv_size": [0.25, 0.25]},
								"down": {"uv": [19, 77.25], "uv_size": [0.25, -0.25]}
							}
						},
						{
							"origin": [2.51853, 13.37036, -20.2368],
							"size": [0.125, 0.08669, 0.8],
							"pivot": [2.65603, 13.0012, -19.9868],
							"rotation": [-35.75, -47, 0],
							"uv": {
								"north": {"uv": [77, 15], "uv_size": [0.25, 0.25]},
								"east": {"uv": [52, 72], "uv_size": [0.75, 0.25]},
								"south": {"uv": [16, 77], "uv_size": [0.25, 0.25]},
								"west": {"uv": [72, 52], "uv_size": [0.75, 0.25]},
								"up": {"uv": [53, 72], "uv_size": [0.25, 0.75]},
								"down": {"uv": [72, 53.75], "uv_size": [0.25, -0.75]}
							}
						},
						{
							"origin": [2.51853, 13.03205, -19.9868],
							"size": [0.125, 0.425, 0.2],
							"pivot": [2.65603, 13.0012, -19.9868],
							"rotation": [0, -47, 0],
							"uv": {
								"north": {"uv": [52, 74], "uv_size": [0.25, 0.5]},
								"east": {"uv": [74, 52], "uv_size": [0.25, 0.5]},
								"south": {"uv": [53, 74], "uv_size": [0.25, 0.5]},
								"west": {"uv": [74, 53], "uv_size": [0.25, 0.5]},
								"up": {"uv": [77, 14], "uv_size": [0.25, 0.25]},
								"down": {"uv": [15, 77.25], "uv_size": [0.25, -0.25]}
							}
						},
						{
							"origin": [2.51853, 13.19536, -20.0868],
							"size": [0.125, 0.175, 0.4],
							"pivot": [2.65603, 13.0012, -19.9868],
							"rotation": [-35.75, -47, 0],
							"uv": {
								"north": {"uv": [77, 13], "uv_size": [0.25, 0.25]},
								"east": {"uv": [50, 74], "uv_size": [0.5, 0.25]},
								"south": {"uv": [14, 77], "uv_size": [0.25, 0.25]},
								"west": {"uv": [74, 50], "uv_size": [0.5, 0.25]},
								"up": {"uv": [51, 74], "uv_size": [0.25, 0.5]},
								"down": {"uv": [74, 51.5], "uv_size": [0.25, -0.5]}
							}
						},
						{
							"origin": [2.51001, 12.9512, -19.99594],
							"size": [0.125, 0.08669, 0.925],
							"pivot": [2.64751, 12.98205, -19.99594],
							"rotation": [0, -47, 0],
							"uv": {
								"north": {"uv": [77, 12], "uv_size": [0.25, 0.25]},
								"east": {"uv": [71, 30], "uv_size": [1, 0.25]},
								"south": {"uv": [13, 77], "uv_size": [0.25, 0.25]},
								"west": {"uv": [31, 71], "uv_size": [1, 0.25]},
								"up": {"uv": [71, 31], "uv_size": [0.25, 1]},
								"down": {"uv": [32, 72], "uv_size": [0.25, -1]}
							}
						},
						{
							"origin": [2.51853, 13.03205, -19.7868],
							"size": [0.125, 0.1, 0.425],
							"pivot": [2.65603, 13.0012, -19.9868],
							"rotation": [0, -47, 0],
							"uv": {
								"north": {"uv": [77, 11], "uv_size": [0.25, 0.25]},
								"east": {"uv": [48, 74], "uv_size": [0.5, 0.25]},
								"south": {"uv": [12, 77], "uv_size": [0.25, 0.25]},
								"west": {"uv": [74, 48], "uv_size": [0.5, 0.25]},
								"up": {"uv": [49, 74], "uv_size": [0.25, 0.5]},
								"down": {"uv": [74, 49.5], "uv_size": [0.25, -0.5]}
							}
						},
						{
							"origin": [2.51001, 12.8512, -19.79594],
							"size": [0.125, 0.1, 0.425],
							"pivot": [2.64751, 12.98205, -19.99594],
							"rotation": [0, -47, 0],
							"uv": {
								"north": {"uv": [77, 10], "uv_size": [0.25, 0.25]},
								"east": {"uv": [46, 74], "uv_size": [0.5, 0.25]},
								"south": {"uv": [11, 77], "uv_size": [0.25, 0.25]},
								"west": {"uv": [74, 46], "uv_size": [0.5, 0.25]},
								"up": {"uv": [47, 74], "uv_size": [0.25, 0.5]},
								"down": {"uv": [74, 47.5], "uv_size": [0.25, -0.5]}
							}
						},
						{
							"origin": [2.51001, 12.5262, -20.24594],
							"size": [0.125, 0.08669, 0.8],
							"pivot": [2.64751, 12.98205, -19.99594],
							"rotation": [35.75, -47, 0],
							"uv": {
								"north": {"uv": [77, 9], "uv_size": [0.25, 0.25]},
								"east": {"uv": [50, 72], "uv_size": [0.75, 0.25]},
								"south": {"uv": [10, 77], "uv_size": [0.25, 0.25]},
								"west": {"uv": [72, 50], "uv_size": [0.75, 0.25]},
								"up": {"uv": [51, 72], "uv_size": [0.25, 0.75]},
								"down": {"uv": [72, 51.75], "uv_size": [0.25, -0.75]}
							}
						},
						{
							"origin": [2.51001, 12.61289, -20.09594],
							"size": [0.125, 0.175, 0.4],
							"pivot": [2.64751, 12.98205, -19.99594],
							"rotation": [35.75, -47, 0],
							"uv": {
								"north": {"uv": [77, 8], "uv_size": [0.25, 0.25]},
								"east": {"uv": [44, 74], "uv_size": [0.5, 0.25]},
								"south": {"uv": [9, 77], "uv_size": [0.25, 0.25]},
								"west": {"uv": [74, 44], "uv_size": [0.5, 0.25]},
								"up": {"uv": [45, 74], "uv_size": [0.25, 0.5]},
								"down": {"uv": [74, 45.5], "uv_size": [0.25, -0.5]}
							}
						},
						{
							"origin": [2.51001, 12.5262, -19.99594],
							"size": [0.125, 0.425, 0.2],
							"pivot": [2.64751, 12.98205, -19.99594],
							"rotation": [0, -47, 0],
							"uv": {
								"north": {"uv": [42, 74], "uv_size": [0.25, 0.5]},
								"east": {"uv": [74, 42], "uv_size": [0.25, 0.5]},
								"south": {"uv": [43, 74], "uv_size": [0.25, 0.5]},
								"west": {"uv": [74, 43], "uv_size": [0.25, 0.5]},
								"up": {"uv": [77, 7], "uv_size": [0.25, 0.25]},
								"down": {"uv": [8, 77.25], "uv_size": [0.25, -0.25]}
							}
						},
						{
							"origin": [2.51001, 12.4262, -19.99594],
							"size": [0.125, 0.1, 0.1],
							"pivot": [2.64751, 12.98205, -19.99594],
							"rotation": [0, -47, 0],
							"uv": {
								"north": {"uv": [77, 4], "uv_size": [0.25, 0.25]},
								"east": {"uv": [5, 77], "uv_size": [0.25, 0.25]},
								"south": {"uv": [77, 5], "uv_size": [0.25, 0.25]},
								"west": {"uv": [6, 77], "uv_size": [0.25, 0.25]},
								"up": {"uv": [77, 6], "uv_size": [0.25, 0.25]},
								"down": {"uv": [7, 77.25], "uv_size": [0.25, -0.25]}
							}
						},
						{
							"origin": [-0.04251, 12.27986, -24.22319],
							"size": [0.125, 0.16169, 4.175],
							"pivot": [-0.05501, 12.9857, -24.17319],
							"rotation": [2.5, 2, 0],
							"uv": {
								"north": {"uv": [77, 3], "uv_size": [0.25, 0.25]},
								"east": {"uv": [56, 0], "uv_size": [4.25, 0.25]},
								"south": {"uv": [4, 77], "uv_size": [0.25, 0.25]},
								"west": {"uv": [56, 5], "uv_size": [4.25, 0.25]},
								"up": {"uv": [22, 56], "uv_size": [0.25, 4.25]},
								"down": {"uv": [24, 60.25], "uv_size": [0.25, -4.25]}
							}
						},
						{
							"origin": [-0.04251, 12.40486, -24.17319],
							"size": [0.125, 1.16169, 4.175],
							"pivot": [-0.05501, 12.9857, -24.17319],
							"rotation": [0, 2, 0],
							"uv": {
								"north": {"uv": [69, 28], "uv_size": [0.25, 1.25]},
								"east": {"uv": [32, 22], "uv_size": [4.25, 1.25]},
								"south": {"uv": [69, 30], "uv_size": [0.25, 1.25]},
								"west": {"uv": [32, 24], "uv_size": [4.25, 1.25]},
								"up": {"uv": [20, 56], "uv_size": [0.25, 4.25]},
								"down": {"uv": [21, 60.25], "uv_size": [0.25, -4.25]}
							}
						},
						{
							"origin": [-0.04251, 13.52111, -25.27319],
							"size": [0.125, 0.16169, 4.175],
							"pivot": [-0.05501, -11.57305, -24.17319],
							"rotation": [-2.5, 2, 0],
							"uv": {
								"north": {"uv": [77, 2], "uv_size": [0.25, 0.25]},
								"east": {"uv": [55, 49], "uv_size": [4.25, 0.25]},
								"south": {"uv": [3, 77], "uv_size": [0.25, 0.25]},
								"west": {"uv": [55, 51], "uv_size": [4.25, 0.25]},
								"up": {"uv": [17, 56], "uv_size": [0.25, 4.25]},
								"down": {"uv": [18, 60.25], "uv_size": [0.25, -4.25]}
							}
						},
						{
							"origin": [0.1032, 12.52986, -20.25074],
							"size": [0.125, 0.08669, 0.8],
							"pivot": [0.0907, 12.9857, -20.00074],
							"rotation": [35.75, 47, 0],
							"uv": {
								"north": {"uv": [77, 1], "uv_size": [0.25, 0.25]},
								"east": {"uv": [48, 72], "uv_size": [0.75, 0.25]},
								"south": {"uv": [2, 77], "uv_size": [0.25, 0.25]},
								"west": {"uv": [72, 48], "uv_size": [0.75, 0.25]},
								"up": {"uv": [49, 72], "uv_size": [0.25, 0.75]},
								"down": {"uv": [72, 49.75], "uv_size": [0.25, -0.75]}
							}
						},
						{
							"origin": [0.1032, 12.42986, -20.00074],
							"size": [0.125, 0.1, 0.1],
							"pivot": [0.0907, 12.9857, -20.00074],
							"rotation": [0, 47, 0],
							"uv": {
								"north": {"uv": [75, 76], "uv_size": [0.25, 0.25]},
								"east": {"uv": [76, 75], "uv_size": [0.25, 0.25]},
								"south": {"uv": [76, 76], "uv_size": [0.25, 0.25]},
								"west": {"uv": [0, 77], "uv_size": [0.25, 0.25]},
								"up": {"uv": [77, 0], "uv_size": [0.25, 0.25]},
								"down": {"uv": [1, 77.25], "uv_size": [0.25, -0.25]}
							}
						},
						{
							"origin": [0.1032, 12.52986, -20.00074],
							"size": [0.125, 0.425, 0.2],
							"pivot": [0.0907, 12.9857, -20.00074],
							"rotation": [0, 47, 0],
							"uv": {
								"north": {"uv": [40, 74], "uv_size": [0.25, 0.5]},
								"east": {"uv": [74, 40], "uv_size": [0.25, 0.5]},
								"south": {"uv": [41, 74], "uv_size": [0.25, 0.5]},
								"west": {"uv": [74, 41], "uv_size": [0.25, 0.5]},
								"up": {"uv": [74, 76], "uv_size": [0.25, 0.25]},
								"down": {"uv": [76, 74.25], "uv_size": [0.25, -0.25]}
							}
						},
						{
							"origin": [0.1032, 12.61655, -20.10074],
							"size": [0.125, 0.175, 0.4],
							"pivot": [0.0907, 12.9857, -20.00074],
							"rotation": [35.75, 47, 0],
							"uv": {
								"north": {"uv": [73, 76], "uv_size": [0.25, 0.25]},
								"east": {"uv": [38, 74], "uv_size": [0.5, 0.25]},
								"south": {"uv": [76, 73], "uv_size": [0.25, 0.25]},
								"west": {"uv": [74, 38], "uv_size": [0.5, 0.25]},
								"up": {"uv": [39, 74], "uv_size": [0.25, 0.5]},
								"down": {"uv": [74, 39.5], "uv_size": [0.25, -0.5]}
							}
						},
						{
							"origin": [0.1032, 12.95486, -20.00074],
							"size": [0.125, 0.08669, 0.925],
							"pivot": [0.0907, 12.9857, -20.00074],
							"rotation": [0, 47, 0],
							"uv": {
								"north": {"uv": [72, 76], "uv_size": [0.25, 0.25]},
								"east": {"uv": [71, 28], "uv_size": [1, 0.25]},
								"south": {"uv": [76, 72], "uv_size": [0.25, 0.25]},
								"west": {"uv": [29, 71], "uv_size": [1, 0.25]},
								"up": {"uv": [71, 29], "uv_size": [0.25, 1]},
								"down": {"uv": [30, 72], "uv_size": [0.25, -1]}
							}
						},
						{
							"origin": [0.09467, 13.0357, -19.9916],
							"size": [0.125, 0.425, 0.2],
							"pivot": [0.08217, 13.00486, -19.9916],
							"rotation": [0, 47, 0],
							"uv": {
								"north": {"uv": [36, 74], "uv_size": [0.25, 0.5]},
								"east": {"uv": [74, 36], "uv_size": [0.25, 0.5]},
								"south": {"uv": [37, 74], "uv_size": [0.25, 0.5]},
								"west": {"uv": [74, 37], "uv_size": [0.25, 0.5]},
								"up": {"uv": [71, 76], "uv_size": [0.25, 0.25]},
								"down": {"uv": [76, 71.25], "uv_size": [0.25, -0.25]}
							}
						},
						{
							"origin": [0.09467, 13.19901, -20.0916],
							"size": [0.125, 0.175, 0.4],
							"pivot": [0.08217, 13.00486, -19.9916],
							"rotation": [-35.75, 47, 0],
							"uv": {
								"north": {"uv": [70, 76], "uv_size": [0.25, 0.25]},
								"east": {"uv": [34, 74], "uv_size": [0.5, 0.25]},
								"south": {"uv": [76, 70], "uv_size": [0.25, 0.25]},
								"west": {"uv": [74, 34], "uv_size": [0.5, 0.25]},
								"up": {"uv": [35, 74], "uv_size": [0.25, 0.5]},
								"down": {"uv": [74, 35.5], "uv_size": [0.25, -0.5]}
							}
						},
						{
							"origin": [0.09467, 13.0357, -19.7916],
							"size": [0.125, 0.1, 0.425],
							"pivot": [0.08217, 13.00486, -19.9916],
							"rotation": [0, 47, 0],
							"uv": {
								"north": {"uv": [69, 76], "uv_size": [0.25, 0.25]},
								"east": {"uv": [32, 74], "uv_size": [0.5, 0.25]},
								"south": {"uv": [76, 69], "uv_size": [0.25, 0.25]},
								"west": {"uv": [74, 32], "uv_size": [0.5, 0.25]},
								"up": {"uv": [33, 74], "uv_size": [0.25, 0.5]},
								"down": {"uv": [74, 33.5], "uv_size": [0.25, -0.5]}
							}
						},
						{
							"origin": [0.09467, 13.37401, -20.2416],
							"size": [0.125, 0.08669, 0.8],
							"pivot": [0.08217, 13.00486, -19.9916],
							"rotation": [-35.75, 47, 0],
							"uv": {
								"north": {"uv": [68, 76], "uv_size": [0.25, 0.25]},
								"east": {"uv": [46, 72], "uv_size": [0.75, 0.25]},
								"south": {"uv": [76, 68], "uv_size": [0.25, 0.25]},
								"west": {"uv": [72, 46], "uv_size": [0.75, 0.25]},
								"up": {"uv": [47, 72], "uv_size": [0.25, 0.75]},
								"down": {"uv": [72, 47.75], "uv_size": [0.25, -0.75]}
							}
						},
						{
							"origin": [0.09467, 13.4607, -19.9916],
							"size": [0.125, 0.1, 0.1],
							"pivot": [0.08217, 13.00486, -19.9916],
							"rotation": [0, 47, 0],
							"uv": {
								"north": {"uv": [65, 76], "uv_size": [0.25, 0.25]},
								"east": {"uv": [76, 65], "uv_size": [0.25, 0.25]},
								"south": {"uv": [66, 76], "uv_size": [0.25, 0.25]},
								"west": {"uv": [76, 66], "uv_size": [0.25, 0.25]},
								"up": {"uv": [67, 76], "uv_size": [0.25, 0.25]},
								"down": {"uv": [76, 67.25], "uv_size": [0.25, -0.25]}
							}
						},
						{
							"origin": [0.1032, 12.85486, -19.80074],
							"size": [0.125, 0.1, 0.425],
							"pivot": [0.0907, 12.9857, -20.00074],
							"rotation": [0, 47, 0],
							"uv": {
								"north": {"uv": [64, 76], "uv_size": [0.25, 0.25]},
								"east": {"uv": [30, 74], "uv_size": [0.5, 0.25]},
								"south": {"uv": [76, 64], "uv_size": [0.25, 0.25]},
								"west": {"uv": [74, 30], "uv_size": [0.5, 0.25]},
								"up": {"uv": [31, 74], "uv_size": [0.25, 0.5]},
								"down": {"uv": [74, 31.5], "uv_size": [0.25, -0.5]}
							}
						}
					]
				},
				{
					"name": "bone23",
					"parent": "zaryad3",
					"pivot": [1.2092, 12.51065, -27.86104],
					"rotation": [7.5, 0, 0]
				},
				{
					"name": "bone24",
					"parent": "zaryad3",
					"pivot": [1.2092, 12.51065, 18.58964],
					"rotation": [-7.5, 0, 0],
					"cubes": [
						{
							"origin": [0.91719, 10.73109, -28.01412],
							"size": [0.26978, 0.71857, 2.74471],
							"pivot": [1.16152, 9.70468, -25.07735],
							"rotation": [0, 7.5, 0],
							"uv": {
								"north": {"uv": [8, 72], "uv_size": [0.25, 0.75]},
								"east": {"uv": [41, 29], "uv_size": [2.75, 0.75]},
								"south": {"uv": [72, 8], "uv_size": [0.25, 0.75]},
								"west": {"uv": [32, 41], "uv_size": [2.75, 0.75]},
								"up": {"uv": [61, 23], "uv_size": [0.25, 2.75]},
								"down": {"uv": [24, 63.75], "uv_size": [0.25, -2.75]}
							}
						},
						{
							"origin": [0.91719, 10.73109, -30.38532],
							"size": [0.26978, 0.17137, 2.3712],
							"pivot": [1.16152, 9.70468, -25.07735],
							"rotation": [0, 7.5, 0],
							"uv": {
								"north": {"uv": [75, 40], "uv_size": [0.25, 0.25]},
								"east": {"uv": [62, 63], "uv_size": [2.25, 0.25]},
								"south": {"uv": [41, 75], "uv_size": [0.25, 0.25]},
								"west": {"uv": [0, 64], "uv_size": [2.25, 0.25]},
								"up": {"uv": [5, 64], "uv_size": [0.25, 2.25]},
								"down": {"uv": [8, 66.25], "uv_size": [0.25, -2.25]}
							}
						},
						{
							"origin": [0.91719, 10.90246, -28.92612],
							"size": [0.26978, 0.1824, 0.912],
							"pivot": [1.16152, 9.70468, -25.07735],
							"rotation": [0, 7.5, 0],
							"uv": {
								"north": {"uv": [75, 41], "uv_size": [0.25, 0.25]},
								"east": {"uv": [40, 70], "uv_size": [1, 0.25]},
								"south": {"uv": [42, 75], "uv_size": [0.25, 0.25]},
								"west": {"uv": [70, 40], "uv_size": [1, 0.25]},
								"up": {"uv": [41, 70], "uv_size": [0.25, 1]},
								"down": {"uv": [70, 42], "uv_size": [0.25, -1]}
							}
						},
						{
							"origin": [-1.68698, 10.90246, -28.92612],
							"size": [0.26978, 0.1824, 0.912],
							"pivot": [-1.66152, 9.70468, -25.07735],
							"rotation": [0, -7.5, 0],
							"uv": {
								"north": {"uv": [75, 42], "uv_size": [0.25, 0.25]},
								"east": {"uv": [42, 70], "uv_size": [1, 0.25]},
								"south": {"uv": [43, 75], "uv_size": [0.25, 0.25]},
								"west": {"uv": [70, 42], "uv_size": [1, 0.25]},
								"up": {"uv": [43, 70], "uv_size": [0.25, 1]},
								"down": {"uv": [70, 44], "uv_size": [0.25, -1]}
							}
						},
						{
							"origin": [-1.68698, 10.73109, -30.38532],
							"size": [0.26978, 0.17137, 2.3712],
							"pivot": [-1.66152, 9.70468, -25.07735],
							"rotation": [0, -7.5, 0],
							"uv": {
								"north": {"uv": [75, 43], "uv_size": [0.25, 0.25]},
								"east": {"uv": [9, 64], "uv_size": [2.25, 0.25]},
								"south": {"uv": [44, 75], "uv_size": [0.25, 0.25]},
								"west": {"uv": [64, 10], "uv_size": [2.25, 0.25]},
								"up": {"uv": [64, 11], "uv_size": [0.25, 2.25]},
								"down": {"uv": [12, 66.25], "uv_size": [0.25, -2.25]}
							}
						},
						{
							"origin": [-1.68698, 10.73109, -28.01412],
							"size": [0.26978, 0.71857, 2.74471],
							"pivot": [-1.66152, 9.70468, -25.07735],
							"rotation": [0, -7.5, 0],
							"uv": {
								"north": {"uv": [9, 72], "uv_size": [0.25, 0.75]},
								"east": {"uv": [35, 41], "uv_size": [2.75, 0.75]},
								"south": {"uv": [72, 9], "uv_size": [0.25, 0.75]},
								"west": {"uv": [41, 36], "uv_size": [2.75, 0.75]},
								"up": {"uv": [25, 61], "uv_size": [0.25, 2.75]},
								"down": {"uv": [26, 63.75], "uv_size": [0.25, -2.75]}
							}
						},
						{
							"origin": [-1.68698, 10.90246, -28.92612],
							"size": [0.26978, 0.1824, 0.912],
							"pivot": [-1.66152, 9.70468, -25.07735],
							"rotation": [0, -7.5, 0],
							"uv": {
								"north": {"uv": [75, 44], "uv_size": [0.25, 0.25]},
								"east": {"uv": [44, 70], "uv_size": [1, 0.25]},
								"south": {"uv": [45, 75], "uv_size": [0.25, 0.25]},
								"west": {"uv": [70, 44], "uv_size": [1, 0.25]},
								"up": {"uv": [45, 70], "uv_size": [0.25, 1]},
								"down": {"uv": [70, 46], "uv_size": [0.25, -1]}
							}
						},
						{
							"origin": [-1.68698, 10.73109, -30.38532],
							"size": [0.26978, 0.17137, 2.3712],
							"pivot": [-1.66152, 9.70468, -25.07735],
							"rotation": [0, -7.5, 0],
							"uv": {
								"north": {"uv": [75, 45], "uv_size": [0.25, 0.25]},
								"east": {"uv": [64, 14], "uv_size": [2.25, 0.25]},
								"south": {"uv": [46, 75], "uv_size": [0.25, 0.25]},
								"west": {"uv": [64, 15], "uv_size": [2.25, 0.25]},
								"up": {"uv": [13, 64], "uv_size": [0.25, 2.25]},
								"down": {"uv": [14, 66.25], "uv_size": [0.25, -2.25]}
							}
						}
					]
				},
				{
					"name": "bone25",
					"parent": "zaryad3",
					"pivot": [1.2092, 16.04811, -27.86104],
					"rotation": [-7.5, 0, 0]
				},
				{
					"name": "bone26",
					"parent": "zaryad3",
					"pivot": [1.2092, 16.04811, 18.58964],
					"rotation": [7.5, 0, 0],
					"cubes": [
						{
							"origin": [0.91719, 22.85502, -27.25766],
							"size": [0.26978, 0.71857, 2.74471],
							"pivot": [1.16152, 24.6, -24.32088],
							"rotation": [0, 7.5, 0],
							"uv": {
								"north": {"uv": [10, 72], "uv_size": [0.25, 0.75]},
								"east": {"uv": [38, 41], "uv_size": [2.75, 0.75]},
								"south": {"uv": [72, 10], "uv_size": [0.25, 0.75]},
								"west": {"uv": [41, 41], "uv_size": [2.75, 0.75]},
								"up": {"uv": [61, 26], "uv_size": [0.25, 2.75]},
								"down": {"uv": [27, 63.75], "uv_size": [0.25, -2.75]}
							}
						},
						{
							"origin": [0.91719, 23.36574, -29.44646],
							"size": [0.26978, 0.20785, 2.1888],
							"pivot": [1.16152, 24.6, -24.32088],
							"rotation": [0, 7.5, 0],
							"uv": {
								"north": {"uv": [75, 46], "uv_size": [0.25, 0.25]},
								"east": {"uv": [64, 16], "uv_size": [2.25, 0.25]},
								"south": {"uv": [47, 75], "uv_size": [0.25, 0.25]},
								"west": {"uv": [17, 64], "uv_size": [2.25, 0.25]},
								"up": {"uv": [64, 17], "uv_size": [0.25, 2.25]},
								"down": {"uv": [20, 66.25], "uv_size": [0.25, -2.25]}
							}
						},
						{
							"origin": [0.91719, 23.18334, -28.53446],
							"size": [0.26978, 0.1824, 1.2768],
							"pivot": [1.16152, 24.6, -24.32088],
							"rotation": [0, 7.5, 0],
							"uv": {
								"north": {"uv": [75, 47], "uv_size": [0.25, 0.25]},
								"east": {"uv": [69, 6], "uv_size": [1.25, 0.25]},
								"south": {"uv": [48, 75], "uv_size": [0.25, 0.25]},
								"west": {"uv": [7, 69], "uv_size": [1.25, 0.25]},
								"up": {"uv": [69, 7], "uv_size": [0.25, 1.25]},
								"down": {"uv": [9, 70.25], "uv_size": [0.25, -1.25]}
							}
						},
						{
							"origin": [-1.68698, 22.85502, -27.25766],
							"size": [0.26978, 0.71857, 2.74471],
							"pivot": [-1.66152, 24.6, -24.32088],
							"rotation": [0, -7.5, 0],
							"uv": {
								"north": {"uv": [11, 72], "uv_size": [0.25, 0.75]},
								"east": {"uv": [42, 2], "uv_size": [2.75, 0.75]},
								"south": {"uv": [72, 11], "uv_size": [0.25, 0.75]},
								"west": {"uv": [42, 3], "uv_size": [2.75, 0.75]},
								"up": {"uv": [28, 61], "uv_size": [0.25, 2.75]},
								"down": {"uv": [29, 63.75], "uv_size": [0.25, -2.75]}
							}
						},
						{
							"origin": [-1.68698, 23.36574, -29.44646],
							"size": [0.26978, 0.20785, 2.1888],
							"pivot": [-1.66152, 24.6, -24.32088],
							"rotation": [0, -7.5, 0],
							"uv": {
								"north": {"uv": [75, 48], "uv_size": [0.25, 0.25]},
								"east": {"uv": [64, 20], "uv_size": [2.25, 0.25]},
								"south": {"uv": [49, 75], "uv_size": [0.25, 0.25]},
								"west": {"uv": [21, 64], "uv_size": [2.25, 0.25]},
								"up": {"uv": [64, 21], "uv_size": [0.25, 2.25]},
								"down": {"uv": [24, 66.25], "uv_size": [0.25, -2.25]}
							}
						},
						{
							"origin": [-1.68698, 23.18334, -28.53446],
							"size": [0.26978, 0.1824, 1.2768],
							"pivot": [-1.66152, 24.6, -24.32088],
							"rotation": [0, -7.5, 0],
							"uv": {
								"north": {"uv": [75, 49], "uv_size": [0.25, 0.25]},
								"east": {"uv": [69, 9], "uv_size": [1.25, 0.25]},
								"south": {"uv": [50, 75], "uv_size": [0.25, 0.25]},
								"west": {"uv": [10, 69], "uv_size": [1.25, 0.25]},
								"up": {"uv": [69, 10], "uv_size": [0.25, 1.25]},
								"down": {"uv": [12, 70.25], "uv_size": [0.25, -1.25]}
							}
						},
						{
							"origin": [-1.68014, 22.85502, -27.25766],
							"size": [0.26978, 0.71857, 2.74471],
							"pivot": [-1.65468, 24.6, -24.32088],
							"rotation": [0, -7.5, 0],
							"uv": {
								"north": {"uv": [12, 72], "uv_size": [0.25, 0.75]},
								"east": {"uv": [42, 4], "uv_size": [2.75, 0.75]},
								"south": {"uv": [72, 12], "uv_size": [0.25, 0.75]},
								"west": {"uv": [42, 5], "uv_size": [2.75, 0.75]},
								"up": {"uv": [61, 29], "uv_size": [0.25, 2.75]},
								"down": {"uv": [30, 63.75], "uv_size": [0.25, -2.75]}
							}
						},
						{
							"origin": [-1.68014, 23.36574, -29.44646],
							"size": [0.26978, 0.20785, 2.1888],
							"pivot": [-1.65468, 24.6, -24.32088],
							"rotation": [0, -7.5, 0],
							"uv": {
								"north": {"uv": [75, 50], "uv_size": [0.25, 0.25]},
								"east": {"uv": [64, 24], "uv_size": [2.25, 0.25]},
								"south": {"uv": [51, 75], "uv_size": [0.25, 0.25]},
								"west": {"uv": [25, 64], "uv_size": [2.25, 0.25]},
								"up": {"uv": [64, 25], "uv_size": [0.25, 2.25]},
								"down": {"uv": [28, 66.25], "uv_size": [0.25, -2.25]}
							}
						},
						{
							"origin": [-1.68014, 23.18334, -28.53446],
							"size": [0.26978, 0.1824, 1.2768],
							"pivot": [-1.65468, 24.6, -24.32088],
							"rotation": [0, -7.5, 0],
							"uv": {
								"north": {"uv": [75, 51], "uv_size": [0.25, 0.25]},
								"east": {"uv": [69, 12], "uv_size": [1.25, 0.25]},
								"south": {"uv": [52, 75], "uv_size": [0.25, 0.25]},
								"west": {"uv": [13, 69], "uv_size": [1.25, 0.25]},
								"up": {"uv": [69, 13], "uv_size": [0.25, 1.25]},
								"down": {"uv": [15, 70.25], "uv_size": [0.25, -1.25]}
							}
						}
					]
				},
				{
					"name": "zaryad4",
					"parent": "zaryad3",
					"pivot": [-0.25, 11.36098, -14.6677],
					"cubes": [
						{
							"origin": [-3.68553, 15.65331, -32.01516],
							"size": [0.97591, 0.98956, 1.0944],
							"pivot": [-0.47981, 13.09417, -13.70805],
							"rotation": [0, 0, 45],
							"uv": {
								"north": {"uv": [38, 57], "uv_size": [1, 1]},
								"east": {"uv": [39, 57], "uv_size": [1, 1]},
								"south": {"uv": [57, 39], "uv_size": [1, 1]},
								"west": {"uv": [40, 57], "uv_size": [1, 1]},
								"up": {"uv": [57, 40], "uv_size": [1, 1]},
								"down": {"uv": [41, 58], "uv_size": [1, -1]}
							}
						}
					]
				},
				{
					"name": "bone27",
					"parent": "zaryad4",
					"pivot": [-0.24558, 10.42352, -10.44215]
				},
				{
					"name": "bone28",
					"parent": "zaryad3",
					"pivot": [5, 25.73448, -42.89225],
					"cubes": [
						{
							"origin": [-3.73356, 15.79006, -19.48003],
							"size": [1.28199, 0.4223, 1.34444],
							"pivot": [-0.2546, 13.15571, -17.13011],
							"rotation": [0, 0, 45],
							"uv": {
								"north": {"uv": [61, 43], "uv_size": [1.25, 0.5]},
								"east": {"uv": [61, 44], "uv_size": [1.25, 0.5]},
								"south": {"uv": [61, 46], "uv_size": [1.25, 0.5]},
								"west": {"uv": [61, 47], "uv_size": [1.25, 0.5]},
								"up": {"uv": [23, 45], "uv_size": [1.25, 1.25]},
								"down": {"uv": [44, 46.25], "uv_size": [1.25, -1.25]}
							}
						},
						{
							"origin": [1.95158, 15.79006, -19.48003],
							"size": [1.28199, 0.4223, 1.34444],
							"pivot": [-0.2454, 13.15571, -17.13011],
							"rotation": [0, 0, -45],
							"uv": {
								"north": {"uv": [61, 48], "uv_size": [1.25, 0.5]},
								"east": {"uv": [61, 50], "uv_size": [1.25, 0.5]},
								"south": {"uv": [61, 51], "uv_size": [1.25, 0.5]},
								"west": {"uv": [52, 61], "uv_size": [1.25, 0.5]},
								"up": {"uv": [0, 46], "uv_size": [1.25, 1.25]},
								"down": {"uv": [2, 47.25], "uv_size": [1.25, -1.25]}
							}
						},
						{
							"origin": [-0.55164, 16.56894, -19.48003],
							"size": [0.60329, 1.20658, 1.34444],
							"uv": {
								"north": {"uv": [54, 61], "uv_size": [0.5, 1.25]},
								"east": {"uv": [46, 3], "uv_size": [1.25, 1.25]},
								"south": {"uv": [55, 61], "uv_size": [0.5, 1.25]},
								"west": {"uv": [4, 46], "uv_size": [1.25, 1.25]},
								"up": {"uv": [56, 61], "uv_size": [0.5, 1.25]},
								"down": {"uv": [57, 62.25], "uv_size": [0.5, -1.25]}
							}
						},
						{
							"origin": [-0.45164, 17.1039, -19.48465],
							"size": [0.40329, 0.70658, 1.34444],
							"pivot": [-0.24999, 17.12263, -19.00746],
							"rotation": [32.5, 0, 0],
							"uv": {
								"north": {"uv": [54, 61], "uv_size": [0.5, 1.25]},
								"east": {"uv": [46, 3], "uv_size": [1.25, 1.25]},
								"south": {"uv": [55, 61], "uv_size": [0.5, 1.25]},
								"west": {"uv": [4, 46], "uv_size": [1.25, 1.25]},
								"up": {"uv": [56, 61], "uv_size": [0.5, 1.25]},
								"down": {"uv": [57, 62.25], "uv_size": [0.5, -1.25]}
							}
						},
						{
							"origin": [-0.45164, 16.45118, -19.45888],
							"size": [0.40329, 0.70658, 1.34444],
							"pivot": [-0.24999, 17.12263, -19.00746],
							"rotation": [-32.5, 0, 0],
							"uv": {
								"north": {"uv": [54, 62.25], "uv_size": [0.5, -1.25]},
								"east": {"uv": [46, 4.25], "uv_size": [1.25, -1.25]},
								"south": {"uv": [55, 62.25], "uv_size": [0.5, -1.25]},
								"west": {"uv": [4, 47.25], "uv_size": [1.25, -1.25]},
								"up": {"uv": [57, 61], "uv_size": [0.5, 1.25]},
								"down": {"uv": [56, 62.25], "uv_size": [0.5, -1.25]}
							}
						},
						{
							"origin": [-0.45164, 16.45118, -19.45888],
							"size": [0.40329, 0.70658, 1.34444],
							"pivot": [-0.24999, 17.12263, -19.00746],
							"rotation": [-32.5, 0, -52.5],
							"uv": {
								"north": {"uv": [54, 62.25], "uv_size": [0.5, -1.25]},
								"east": {"uv": [46, 4.25], "uv_size": [1.25, -1.25]},
								"south": {"uv": [55, 62.25], "uv_size": [0.5, -1.25]},
								"west": {"uv": [4, 47.25], "uv_size": [1.25, -1.25]},
								"up": {"uv": [57, 61], "uv_size": [0.5, 1.25]},
								"down": {"uv": [56, 62.25], "uv_size": [0.5, -1.25]}
							}
						},
						{
							"origin": [-0.45164, 17.1039, -19.48465],
							"size": [0.40329, 0.70658, 1.34444],
							"pivot": [-0.24999, 17.12263, -19.00746],
							"rotation": [32.5, 0, -52.5],
							"uv": {
								"north": {"uv": [54, 61], "uv_size": [0.5, 1.25]},
								"east": {"uv": [46, 3], "uv_size": [1.25, 1.25]},
								"south": {"uv": [55, 61], "uv_size": [0.5, 1.25]},
								"west": {"uv": [4, 46], "uv_size": [1.25, 1.25]},
								"up": {"uv": [56, 61], "uv_size": [0.5, 1.25]},
								"down": {"uv": [57, 62.25], "uv_size": [0.5, -1.25]}
							}
						},
						{
							"origin": [-0.45164, 16.45118, -19.45888],
							"size": [0.40329, 0.70658, 1.34444],
							"pivot": [-0.24999, 17.12263, -19.00746],
							"rotation": [-32.5, 0, -125],
							"uv": {
								"north": {"uv": [54, 62.25], "uv_size": [0.5, -1.25]},
								"east": {"uv": [46, 4.25], "uv_size": [1.25, -1.25]},
								"south": {"uv": [55, 62.25], "uv_size": [0.5, -1.25]},
								"west": {"uv": [4, 47.25], "uv_size": [1.25, -1.25]},
								"up": {"uv": [57, 61], "uv_size": [0.5, 1.25]},
								"down": {"uv": [56, 62.25], "uv_size": [0.5, -1.25]}
							}
						},
						{
							"origin": [-0.45164, 17.1039, -19.48465],
							"size": [0.40329, 0.70658, 1.34444],
							"pivot": [-0.24999, 17.12263, -19.00746],
							"rotation": [32.5, 0, -125],
							"uv": {
								"north": {"uv": [54, 61], "uv_size": [0.5, 1.25]},
								"east": {"uv": [46, 3], "uv_size": [1.25, 1.25]},
								"south": {"uv": [55, 61], "uv_size": [0.5, 1.25]},
								"west": {"uv": [4, 46], "uv_size": [1.25, 1.25]},
								"up": {"uv": [56, 61], "uv_size": [0.5, 1.25]},
								"down": {"uv": [57, 62.25], "uv_size": [0.5, -1.25]}
							}
						},
						{
							"origin": [-0.85329, 16.87059, -19.48003],
							"size": [1.20658, 0.60329, 1.34444],
							"uv": {
								"north": {"uv": [61, 52], "uv_size": [1.25, 0.5]},
								"east": {"uv": [61, 58], "uv_size": [1.25, 0.5]},
								"south": {"uv": [60, 61], "uv_size": [1.25, 0.5]},
								"west": {"uv": [0, 62], "uv_size": [1.25, 0.5]},
								"up": {"uv": [46, 5], "uv_size": [1.25, 1.25]},
								"down": {"uv": [46, 8.25], "uv_size": [1.25, -1.25]}
							}
						},
						{
							"origin": [-2.47948, 16.2782, -12.1753],
							"size": [0.82047, 0.27027, 10.35964],
							"pivot": [-0.25294, 14.59221, -10.25536],
							"rotation": [0, 0, 45],
							"uv": {
								"north": {"uv": [93.5, 70], "uv_size": [1, 0.25]},
								"east": {"uv": [120.5, 35.5], "uv_size": [6.75, 0.25]},
								"south": {"uv": [125.5, 38], "uv_size": [1, 0.25]},
								"west": {"uv": [120.5, 36.5], "uv_size": [6.75, 0.25]},
								"up": {"uv": [99.5, 42.5], "uv_size": [1, 6.75]},
								"down": {"uv": [100.5, 31.25], "uv_size": [1, -6.75]}
							}
						},
						{
							"origin": [-4.66118, 17.14622, -6.9253],
							"size": [8.82047, 0.02027, 0.45964],
							"pivot": [-0.24069, 17.1586, -6.49548],
							"rotation": [0, 0, 57.5],
							"uv": {
								"north": {"uv": [93.5, 70], "uv_size": [1, 0.25]},
								"east": {"uv": [120.5, 35.5], "uv_size": [6.75, 0.25]},
								"south": {"uv": [125.5, 38], "uv_size": [1, 0.25]},
								"west": {"uv": [120.5, 36.5], "uv_size": [6.75, 0.25]},
								"up": {"uv": [99.5, 42.5], "uv_size": [1, 6.75]},
								"down": {"uv": [100.5, 31.25], "uv_size": [1, -6.75]}
							}
						},
						{
							"origin": [-4.64868, 17.13821, -6.9253],
							"size": [8.82047, 0.02027, 0.45964],
							"pivot": [-0.24069, 17.1586, -6.49548],
							"rotation": [0, 0, -60],
							"uv": {
								"north": {"uv": [93.5, 70.25], "uv_size": [1, -0.25]},
								"east": {"uv": [120.5, 35.75], "uv_size": [6.75, -0.25]},
								"south": {"uv": [125.5, 38.25], "uv_size": [1, -0.25]},
								"west": {"uv": [120.5, 36.75], "uv_size": [6.75, -0.25]},
								"up": {"uv": [100.5, 24.5], "uv_size": [1, 6.75]},
								"down": {"uv": [99.5, 49.25], "uv_size": [1, -6.75]}
							}
						},
						{
							"origin": [-1.66118, 17.14622, -2.5253],
							"size": [2.82047, 0.02027, 0.45964],
							"pivot": [-0.24069, 17.1586, -2.09548],
							"rotation": [0, 0, 57.5],
							"uv": {
								"north": {"uv": [93.5, 70], "uv_size": [1, 0.25]},
								"east": {"uv": [120.5, 35.5], "uv_size": [6.75, 0.25]},
								"south": {"uv": [125.5, 38], "uv_size": [1, 0.25]},
								"west": {"uv": [120.5, 36.5], "uv_size": [6.75, 0.25]},
								"up": {"uv": [99.5, 42.5], "uv_size": [1, 6.75]},
								"down": {"uv": [100.5, 31.25], "uv_size": [1, -6.75]}
							}
						},
						{
							"origin": [-1.64868, 17.13821, -2.5253],
							"size": [2.82047, 0.02027, 0.45964],
							"pivot": [-0.24069, 17.1586, -2.09548],
							"rotation": [0, 0, -60],
							"uv": {
								"north": {"uv": [93.5, 70.25], "uv_size": [1, -0.25]},
								"east": {"uv": [120.5, 35.75], "uv_size": [6.75, -0.25]},
								"south": {"uv": [125.5, 38.25], "uv_size": [1, -0.25]},
								"west": {"uv": [120.5, 36.75], "uv_size": [6.75, -0.25]},
								"up": {"uv": [100.5, 24.5], "uv_size": [1, 6.75]},
								"down": {"uv": [99.5, 49.25], "uv_size": [1, -6.75]}
							}
						},
						{
							"origin": [-0.6361, 16.96973, -12.1753],
							"size": [0.77221, 0.3861, 10.35964],
							"uv": {
								"north": {"uv": [120.5, 23], "uv_size": [1, 0.5]},
								"east": {"uv": [111.5, 37.5], "uv_size": [6.75, 0.5]},
								"south": {"uv": [80.5, 65], "uv_size": [1, 0.5]},
								"west": {"uv": [111.5, 38.5], "uv_size": [6.75, 0.5]},
								"up": {"uv": [100.5, 42.5], "uv_size": [1, 6.75]},
								"down": {"uv": [77.5, 53.25], "uv_size": [1, -6.75]}
							}
						},
						{
							"origin": [-0.44306, 16.77668, -12.1753],
							"size": [0.3861, 0.77221, 10.35964],
							"uv": {
								"north": {"uv": [120.5, 25], "uv_size": [0.5, 1]},
								"east": {"uv": [100.5, 31.5], "uv_size": [6.75, 1]},
								"south": {"uv": [81.5, 65], "uv_size": [0.5, 1]},
								"west": {"uv": [100.5, 32.5], "uv_size": [6.75, 1]},
								"up": {"uv": [94.5, 56.5], "uv_size": [0.5, 6.75]},
								"down": {"uv": [95.5, 63.25], "uv_size": [0.5, -6.75]}
							}
						},
						{
							"origin": [1.15901, 16.2782, -12.1753],
							"size": [0.82047, 0.27027, 10.35964],
							"pivot": [-0.24706, 14.59221, -10.25536],
							"rotation": [0, 0, -45],
							"uv": {
								"north": {"uv": [94.5, 70], "uv_size": [1, 0.25]},
								"east": {"uv": [120.5, 43.5], "uv_size": [6.75, 0.25]},
								"south": {"uv": [125.5, 39], "uv_size": [1, 0.25]},
								"west": {"uv": [120.5, 44.5], "uv_size": [6.75, 0.25]},
								"up": {"uv": [78.5, 46.5], "uv_size": [1, 6.75]},
								"down": {"uv": [79.5, 53.25], "uv_size": [1, -6.75]}
							}
						},
						{
							"origin": [-3.03685, 16.0665, -19.73837],
							"size": [1.02559, 0.33784, 7.69955],
							"pivot": [-0.25368, 13.95901, -16.33844],
							"rotation": [0, 0, 45],
							"uv": {
								"north": {"uv": [46, 70], "uv_size": [1, 0.25]},
								"east": {"uv": [45, 25], "uv_size": [6.75, 0.25]},
								"south": {"uv": [70, 46], "uv_size": [1, 0.25]},
								"west": {"uv": [45, 26], "uv_size": [6.75, 0.25]},
								"up": {"uv": [26, 4], "uv_size": [1, 6.75]},
								"down": {"uv": [5, 32.75], "uv_size": [1, -6.75]}
							}
						},
						{
							"origin": [1.51126, 16.0665, -19.73837],
							"size": [1.02559, 0.33784, 7.69955],
							"pivot": [-0.24632, 13.95901, -16.33844],
							"rotation": [0, 0, -45],
							"uv": {
								"north": {"uv": [47, 70], "uv_size": [1, 0.25]},
								"east": {"uv": [45, 27], "uv_size": [6.75, 0.25]},
								"south": {"uv": [70, 47], "uv_size": [1, 0.25]},
								"west": {"uv": [45, 28], "uv_size": [6.75, 0.25]},
								"up": {"uv": [6, 26], "uv_size": [1, 6.75]},
								"down": {"uv": [7, 32.75], "uv_size": [1, -6.75]}
							}
						},
						{
							"origin": [-0.49132, 16.6896, -19.73837],
							"size": [0.48263, 0.96526, 7.69955],
							"uv": {
								"north": {"uv": [65, 26], "uv_size": [0.5, 1]},
								"east": {"uv": [25, 13], "uv_size": [6.75, 1]},
								"south": {"uv": [27, 65], "uv_size": [0.5, 1]},
								"west": {"uv": [26, 14], "uv_size": [6.75, 1]},
								"up": {"uv": [21, 36], "uv_size": [0.5, 6.75]},
								"down": {"uv": [22, 42.75], "uv_size": [0.5, -6.75]}
							}
						},
						{
							"origin": [-0.73263, 16.93091, -19.73837],
							"size": [0.96526, 0.48263, 7.69955],
							"uv": {
								"north": {"uv": [65, 27], "uv_size": [1, 0.5]},
								"east": {"uv": [23, 36], "uv_size": [6.75, 0.5]},
								"south": {"uv": [65, 28], "uv_size": [1, 0.5]},
								"west": {"uv": [30, 36], "uv_size": [6.75, 0.5]},
								"up": {"uv": [8, 26], "uv_size": [1, 6.75]},
								"down": {"uv": [9, 32.75], "uv_size": [1, -6.75]}
							}
						}
					]
				},
				{
					"name": "rightArm",
					"parent": "body",
					"pivot": [0, 27, -9.675]
				},
				{
					"name": "rightSleeve",
					"parent": "rightArm",
					"pivot": [0, 27, -9.675]
				},
				{
					"name": "rightItem",
					"parent": "rightArm",
					"pivot": [-1, 20, -8.675],
					"locators": {
						"lead_hold": [-1, 20, -8.675]
					}
				},
				{
					"name": "jacket",
					"parent": "body",
					"pivot": [5, 29, -9.675]
				},
				{
					"name": "leftLeg",
					"parent": "head",
					"pivot": [6.9, 17, -9.675]
				},
				{
					"name": "leftPants",
					"parent": "leftLeg",
					"pivot": [6.9, 17, -9.675]
				},
				{
					"name": "rightLeg",
					"parent": "head",
					"pivot": [3.1, 17, -9.675]
				},
				{
					"name": "rightPants",
					"parent": "rightLeg",
					"pivot": [3.1, 17, -9.675]
				}
			]
		}
	]
}