{
	"format_version": "1.12.0",
	"minecraft:geometry": [
		{
			"description": {
				"identifier": "geometry.player.pkm_flash",
				"texture_width": 32,
				"texture_height": 32,
				"visible_bounds_width": 57,
				"visible_bounds_height": 27,
				"visible_bounds_offset": [0, 8.5, 0]
			},
			"bones": [
				{
					"name": "root",
					"pivot": [0, 0, 0]
				},
				{
					"name": "waist",
					"parent": "root",
					"pivot": [0, 12, 0]
				},
				{
					"name": "body",
					"parent": "waist",
					"pivot": [0, 24, 0]
				},
				{
					"name": "leftArm",
					"parent": "body",
					"pivot": [5, 22, 0]
				},
				{
					"name": "leftSleeve",
					"parent": "leftArm",
					"pivot": [5, 22, 0]
				},
				{
					"name": "leftItem",
					"parent": "leftArm",
					"pivot": [6, 15, 1]
				},
				{
					"name": "rightArm",
					"parent": "body",
					"pivot": [-5, 22, 0]
				},
				{
					"name": "rightSleeve",
					"parent": "rightArm",
					"pivot": [-5, 22, 0]
				},
				{
					"name": "rightArm3",
					"parent": "body",
					"pivot": [-5, 22, 0],
					"rotation": [-90, 0, 0]
				},
				{
					"name": "gun",
					"parent": "rightArm3",
					"pivot": [-80.2, 153, -51.6],
					"rotation": [90, 0, 0]
				},
				{
					"name": "flash",
					"parent": "gun",
					"pivot": [-74.125, 144.525, -269.76],
					"cubes": [
						{
							"origin": [-76.525, 142.125, -273.064],
							"size": [4.8, 4.8, 0],
							"uv": {
								"north": {"uv": [12, 12], "uv_size": [6, 6]}
							}
						},
						{
							"origin": [-76.525, 142.125, -273.0615],
							"size": [4.8, 4.8, 0],
							"uv": {
								"south": {"uv": [18, 12], "uv_size": [-6, 6]}
							}
						},
						{
							"origin": [-74.1175, 142.125, -280.584],
							"size": [0, 4.8, 10.8],
							"uv": {
								"east": {"uv": [0, 0], "uv_size": [13.5, 6]}
							}
						},
						{
							"origin": [-74.125, 142.125, -280.584],
							"size": [0, 4.8, 10.8],
							"uv": {
								"west": {"uv": [13.5, 0], "uv_size": [-13.5, 6]}
							}
						},
						{
							"origin": [-76.525, 144.525, -280.584],
							"size": [4.8, 0, 10.8],
							"uv": {
								"up": {"uv": [0, 6], "uv_size": [6, 13.5]}
							}
						},
						{
							"origin": [-76.525, 144.5225, -280.584],
							"size": [4.8, 0, 10.8],
							"uv": {
								"down": {"uv": [0, 19.5], "uv_size": [6, -13.5]}
							}
						},
						{
							"origin": [-74.1275, 142.125, -280.584],
							"size": [0, 4.8, 10.8],
							"pivot": [-74.125, 144.525, -275.184],
							"rotation": [0, 0, -45],
							"uv": {
								"east": {"uv": [12, 6], "uv_size": [13.5, 6]}
							}
						},
						{
							"origin": [-74.125, 142.125, -280.584],
							"size": [0, 4.8, 10.8],
							"pivot": [-74.125, 144.525, -275.184],
							"rotation": [0, 0, -45],
							"uv": {
								"east": {"uv": [12, 6], "uv_size": [13.5, 6]}
							}
						},
						{
							"origin": [-76.525, 144.5225, -280.584],
							"size": [4.8, 0, 10.8],
							"pivot": [-74.125, 144.525, -275.184],
							"rotation": [0, 0, -45],
							"uv": {
								"up": {"uv": [6, 6], "uv_size": [6, 13.5]}
							}
						},
						{
							"origin": [-76.525, 144.525, -280.584],
							"size": [4.8, 0, 10.8],
							"pivot": [-74.125, 144.525, -275.184],
							"rotation": [0, 0, -45],
							"uv": {
								"up": {"uv": [6, 6], "uv_size": [6, 13.5]}
							}
						}
					]
				}
			]
		}
	]
}