{
	"format_version": "1.12.0",
	"minecraft:geometry": [
		{
			"description": {
				"identifier": "geometry.player.poyas_a",
				"texture_width": 64,
				"texture_height": 64,
				"visible_bounds_width": 7,
				"visible_bounds_height": 7,
				"visible_bounds_offset": [0, 1.5, 0]
			},
			"bones": [
				{
					"name": "root",
					"pivot": [0, 0, 0]
				},
				{
					"name": "waist",
					"parent": "root",
					"pivot": [0, 12, 0]
				},
				{
					"name": "body",
					"parent": "waist",
					"pivot": [0, 24, 0]
				},
				{
					"name": "rightarmor",
					"parent": "body",
					"pivot": [-7.14, 23.315, 0],
					"rotation": [0, 180, -5]
				},
				{
					"name": "rps",
					"parent": "body",
					"pivot": [0, 24, 0],
					"cubes": [
						{
							"origin": [-4.15, 15, -2.175],
							"size": [8.3, 5, 1.425],
							"uv": {
								"north": {"uv": [8, 12], "uv_size": [8.5, 5]},
								"east": {"uv": [8, 37], "uv_size": [1.5, 5]},
								"south": {"uv": [16, 0], "uv_size": [8.5, 5]},
								"west": {"uv": [10, 37], "uv_size": [1.5, 5]},
								"up": {"uv": [34, 26], "uv_size": [8.5, 1.5]},
								"down": {"uv": [34, 29.5], "uv_size": [8.5, -1.5]}
							}
						},
						{
							"origin": [-4.9, 18.25, -2.325],
							"size": [1, 0.75, 1.175],
							"uv": {
								"north": {"uv": [31, 44], "uv_size": [1, 1]},
								"east": {"uv": [32, 44], "uv_size": [1, 1]},
								"south": {"uv": [33, 44], "uv_size": [1, 1]},
								"west": {"uv": [34, 44], "uv_size": [1, 1]},
								"up": {"uv": [35, 44], "uv_size": [1, 1]},
								"down": {"uv": [36, 45], "uv_size": [1, -1]}
							}
						},
						{
							"origin": [-4.9, 15.75, -2.325],
							"size": [1, 0.75, 1.175],
							"uv": {
								"north": {"uv": [44, 36], "uv_size": [1, 1]},
								"east": {"uv": [37, 44], "uv_size": [1, 1]},
								"south": {"uv": [44, 37], "uv_size": [1, 1]},
								"west": {"uv": [38, 44], "uv_size": [1, 1]},
								"up": {"uv": [44, 38], "uv_size": [1, 1]},
								"down": {"uv": [39, 45], "uv_size": [1, -1]}
							}
						},
						{
							"origin": [3.9, 15.75, -2.325],
							"size": [1, 0.75, 1.175],
							"uv": {
								"north": {"uv": [0, 45], "uv_size": [1, 1]},
								"east": {"uv": [1, 45], "uv_size": [1, 1]},
								"south": {"uv": [2, 45], "uv_size": [1, 1]},
								"west": {"uv": [3, 45], "uv_size": [1, 1]},
								"up": {"uv": [4, 45], "uv_size": [1, 1]},
								"down": {"uv": [5, 46], "uv_size": [1, -1]}
							}
						},
						{
							"origin": [3.9, 15.35, -2.225],
							"size": [0.9, 4.65, 0.975],
							"uv": {
								"north": {"uv": [34, 38], "uv_size": [1, 4.5]},
								"east": {"uv": [35, 38], "uv_size": [1, 4.5]},
								"south": {"uv": [36, 38], "uv_size": [1, 4.5]},
								"west": {"uv": [37, 38], "uv_size": [1, 4.5]},
								"up": {"uv": [6, 45], "uv_size": [1, 1]},
								"down": {"uv": [45, 7], "uv_size": [1, -1]}
							}
						},
						{
							"origin": [3.875, 20, -2.25],
							"size": [0.95, 0.8, 1.025],
							"uv": {
								"north": {"uv": [45, 7], "uv_size": [1, 1]},
								"east": {"uv": [45, 8], "uv_size": [1, 1]},
								"south": {"uv": [45, 9], "uv_size": [1, 1]},
								"west": {"uv": [45, 10], "uv_size": [1, 1]},
								"up": {"uv": [45, 11], "uv_size": [1, 1]},
								"down": {"uv": [45, 13], "uv_size": [1, -1]}
							}
						},
						{
							"origin": [-4.825, 20, -2.25],
							"size": [0.95, 0.8, 1.025],
							"uv": {
								"north": {"uv": [45, 14], "uv_size": [1, 1]},
								"east": {"uv": [15, 45], "uv_size": [1, 1]},
								"south": {"uv": [45, 15], "uv_size": [1, 1]},
								"west": {"uv": [16, 45], "uv_size": [1, 1]},
								"up": {"uv": [45, 16], "uv_size": [1, 1]},
								"down": {"uv": [17, 46], "uv_size": [1, -1]}
							}
						},
						{
							"origin": [-4.8, 15.35, -2.225],
							"size": [0.9, 4.65, 0.975],
							"uv": {
								"north": {"uv": [38, 38], "uv_size": [1, 4.5]},
								"east": {"uv": [39, 36], "uv_size": [1, 4.5]},
								"south": {"uv": [40, 3], "uv_size": [1, 4.5]},
								"west": {"uv": [40, 36], "uv_size": [1, 4.5]},
								"up": {"uv": [45, 13], "uv_size": [1, 1]},
								"down": {"uv": [14, 46], "uv_size": [1, -1]}
							}
						},
						{
							"origin": [3.9, 18.25, -2.325],
							"size": [1, 0.75, 1.175],
							"uv": {
								"north": {"uv": [44, 39], "uv_size": [1, 1]},
								"east": {"uv": [40, 44], "uv_size": [1, 1]},
								"south": {"uv": [41, 44], "uv_size": [1, 1]},
								"west": {"uv": [42, 44], "uv_size": [1, 1]},
								"up": {"uv": [43, 44], "uv_size": [1, 1]},
								"down": {"uv": [44, 45], "uv_size": [1, -1]}
							}
						},
						{
							"origin": [-1.05, 14.9, -3.175],
							"size": [2.1, 5.45, 1],
							"uv": {
								"north": {"uv": [35, 10], "uv_size": [2, 5.5]},
								"east": {"uv": [20, 38], "uv_size": [1, 5.5]},
								"south": {"uv": [0, 36], "uv_size": [2, 5.5]},
								"west": {"uv": [21, 38], "uv_size": [1, 5.5]},
								"up": {"uv": [24, 8], "uv_size": [2, 1]},
								"down": {"uv": [26, 17], "uv_size": [2, -1]}
							}
						},
						{
							"origin": [-3.2, 14.9, -3.175],
							"size": [2.1, 5.45, 1],
							"uv": {
								"north": {"uv": [2, 36], "uv_size": [2, 5.5]},
								"east": {"uv": [22, 38], "uv_size": [1, 5.5]},
								"south": {"uv": [4, 36], "uv_size": [2, 5.5]},
								"west": {"uv": [23, 38], "uv_size": [1, 5.5]},
								"up": {"uv": [38, 7], "uv_size": [2, 1]},
								"down": {"uv": [42, 39], "uv_size": [2, -1]}
							}
						},
						{
							"origin": [-3.1, 19.95, -3.275],
							"size": [1.9, 0.475, 1.125],
							"uv": {
								"north": {"uv": [21, 44], "uv_size": [2, 0.5]},
								"east": {"uv": [44, 45], "uv_size": [1, 0.5]},
								"south": {"uv": [23, 44], "uv_size": [2, 0.5]},
								"west": {"uv": [45, 44], "uv_size": [1, 0.5]},
								"up": {"uv": [43, 10], "uv_size": [2, 1]},
								"down": {"uv": [43, 12], "uv_size": [2, -1]}
							}
						},
						{
							"origin": [-2.25, 19.3, -3.25],
							"size": [0.25, 0.65, 0.075],
							"uv": {
								"north": {"uv": [47, 29], "uv_size": [0.5, 0.5]},
								"east": {"uv": [30, 47], "uv_size": [0.5, 0.5]},
								"south": {"uv": [47, 30], "uv_size": [0.5, 0.5]},
								"west": {"uv": [31, 47], "uv_size": [0.5, 0.5]},
								"up": {"uv": [47, 31], "uv_size": [0.5, 0.5]},
								"down": {"uv": [32, 47.5], "uv_size": [0.5, -0.5]}
							}
						},
						{
							"origin": [1.2, 19.95, -3.275],
							"size": [1.9, 0.475, 1.125],
							"uv": {
								"north": {"uv": [44, 23], "uv_size": [2, 0.5]},
								"east": {"uv": [45, 45], "uv_size": [1, 0.5]},
								"south": {"uv": [25, 44], "uv_size": [2, 0.5]},
								"west": {"uv": [0, 46], "uv_size": [1, 0.5]},
								"up": {"uv": [43, 12], "uv_size": [2, 1]},
								"down": {"uv": [43, 14], "uv_size": [2, -1]}
							}
						},
						{
							"origin": [2, 19.3, -3.25],
							"size": [0.25, 0.65, 0.075],
							"uv": {
								"north": {"uv": [47, 32], "uv_size": [0.5, 0.5]},
								"east": {"uv": [33, 47], "uv_size": [0.5, 0.5]},
								"south": {"uv": [47, 33], "uv_size": [0.5, 0.5]},
								"west": {"uv": [34, 47], "uv_size": [0.5, 0.5]},
								"up": {"uv": [47, 34], "uv_size": [0.5, 0.5]},
								"down": {"uv": [35, 47.5], "uv_size": [0.5, -0.5]}
							}
						},
						{
							"origin": [-0.95, 19.95, -3.275],
							"size": [1.9, 0.475, 1.125],
							"uv": {
								"north": {"uv": [27, 44], "uv_size": [2, 0.5]},
								"east": {"uv": [1, 46], "uv_size": [1, 0.5]},
								"south": {"uv": [29, 44], "uv_size": [2, 0.5]},
								"west": {"uv": [2, 46], "uv_size": [1, 0.5]},
								"up": {"uv": [43, 14], "uv_size": [2, 1]},
								"down": {"uv": [43, 16], "uv_size": [2, -1]}
							}
						},
						{
							"origin": [-0.1, 19.3, -3.25],
							"size": [0.25, 0.65, 0.075],
							"uv": {
								"north": {"uv": [47, 35], "uv_size": [0.5, 0.5]},
								"east": {"uv": [36, 47], "uv_size": [0.5, 0.5]},
								"south": {"uv": [47, 36], "uv_size": [0.5, 0.5]},
								"west": {"uv": [37, 47], "uv_size": [0.5, 0.5]},
								"up": {"uv": [47, 37], "uv_size": [0.5, 0.5]},
								"down": {"uv": [38, 47.5], "uv_size": [0.5, -0.5]}
							}
						},
						{
							"origin": [-1.575, 17.9, -4.775],
							"size": [1.3, 1.45, 1],
							"pivot": [0, 24, 0],
							"rotation": [0, 45, 0],
							"uv": {
								"north": {"uv": [42, 4], "uv_size": [1.5, 1.5]},
								"east": {"uv": [16, 9], "uv_size": [1, 1.5]},
								"south": {"uv": [42, 6], "uv_size": [1.5, 1.5]},
								"west": {"uv": [28, 21], "uv_size": [1, 1.5]},
								"up": {"uv": [43, 41], "uv_size": [1.5, 1]},
								"down": {"uv": [43, 43], "uv_size": [1.5, -1]}
							}
						},
						{
							"origin": [-1.075, 18.875, -4.85],
							"size": [0.3, 0.375, 0.075],
							"pivot": [0, 24, 0],
							"rotation": [0, 45, 0],
							"uv": {
								"north": {"uv": [47, 17], "uv_size": [0.5, 0.5]},
								"east": {"uv": [18, 47], "uv_size": [0.5, 0.5]},
								"south": {"uv": [47, 18], "uv_size": [0.5, 0.5]},
								"west": {"uv": [19, 47], "uv_size": [0.5, 0.5]},
								"up": {"uv": [47, 19], "uv_size": [0.5, 0.5]},
								"down": {"uv": [20, 47.5], "uv_size": [0.5, -0.5]}
							}
						},
						{
							"origin": [-1.475, 19.25, -4.85],
							"size": [1.1, 0.125, 1.025],
							"pivot": [0, 24, 0],
							"rotation": [0, 45, 0],
							"uv": {
								"north": {"uv": [35, 45], "uv_size": [1, 0.5]},
								"east": {"uv": [36, 45], "uv_size": [1, 0.5]},
								"south": {"uv": [45, 36], "uv_size": [1, 0.5]},
								"west": {"uv": [37, 45], "uv_size": [1, 0.5]},
								"up": {"uv": [16, 11], "uv_size": [1, 1]},
								"down": {"uv": [28, 24], "uv_size": [1, -1]}
							}
						},
						{
							"origin": [-1.075, 16.4, -4.85],
							"size": [0.3, 0.375, 0.075],
							"pivot": [0, 24, 0],
							"rotation": [0, 45, 0],
							"uv": {
								"north": {"uv": [47, 20], "uv_size": [0.5, 0.5]},
								"east": {"uv": [21, 47], "uv_size": [0.5, 0.5]},
								"south": {"uv": [47, 21], "uv_size": [0.5, 0.5]},
								"west": {"uv": [22, 47], "uv_size": [0.5, 0.5]},
								"up": {"uv": [47, 22], "uv_size": [0.5, 0.5]},
								"down": {"uv": [23, 47.5], "uv_size": [0.5, -0.5]}
							}
						},
						{
							"origin": [-1.475, 16.775, -4.85],
							"size": [1.1, 0.125, 1.025],
							"pivot": [0, 24, 0],
							"rotation": [0, 45, 0],
							"uv": {
								"north": {"uv": [45, 37], "uv_size": [1, 0.5]},
								"east": {"uv": [38, 45], "uv_size": [1, 0.5]},
								"south": {"uv": [45, 38], "uv_size": [1, 0.5]},
								"west": {"uv": [39, 45], "uv_size": [1, 0.5]},
								"up": {"uv": [29, 26], "uv_size": [1, 1]},
								"down": {"uv": [32, 21], "uv_size": [1, -1]}
							}
						},
						{
							"origin": [0.775, 16.4, -4.85],
							"size": [0.3, 0.375, 0.075],
							"pivot": [0, 24, 0],
							"rotation": [0, -45, 0],
							"uv": {
								"north": {"uv": [47, 26], "uv_size": [0.5, 0.5]},
								"east": {"uv": [27, 47], "uv_size": [0.5, 0.5]},
								"south": {"uv": [47, 27], "uv_size": [0.5, 0.5]},
								"west": {"uv": [28, 47], "uv_size": [0.5, 0.5]},
								"up": {"uv": [47, 28], "uv_size": [0.5, 0.5]},
								"down": {"uv": [29, 47.5], "uv_size": [0.5, -0.5]}
							}
						},
						{
							"origin": [0.375, 16.775, -4.85],
							"size": [1.1, 0.125, 1.025],
							"pivot": [0, 24, 0],
							"rotation": [0, -45, 0],
							"uv": {
								"north": {"uv": [42, 45], "uv_size": [1, 0.5]},
								"east": {"uv": [45, 42], "uv_size": [1, 0.5]},
								"south": {"uv": [43, 45], "uv_size": [1, 0.5]},
								"west": {"uv": [45, 43], "uv_size": [1, 0.5]},
								"up": {"uv": [44, 16], "uv_size": [1, 1]},
								"down": {"uv": [44, 18], "uv_size": [1, -1]}
							}
						},
						{
							"origin": [0.375, 19.25, -4.85],
							"size": [1.1, 0.125, 1.025],
							"pivot": [0, 24, 0],
							"rotation": [0, -45, 0],
							"uv": {
								"north": {"uv": [45, 39], "uv_size": [1, 0.5]},
								"east": {"uv": [40, 45], "uv_size": [1, 0.5]},
								"south": {"uv": [41, 45], "uv_size": [1, 0.5]},
								"west": {"uv": [45, 41], "uv_size": [1, 0.5]},
								"up": {"uv": [33, 7], "uv_size": [1, 1]},
								"down": {"uv": [12, 36], "uv_size": [1, -1]}
							}
						},
						{
							"origin": [0.775, 18.875, -4.85],
							"size": [0.3, 0.375, 0.075],
							"pivot": [0, 24, 0],
							"rotation": [0, -45, 0],
							"uv": {
								"north": {"uv": [47, 23], "uv_size": [0.5, 0.5]},
								"east": {"uv": [24, 47], "uv_size": [0.5, 0.5]},
								"south": {"uv": [47, 24], "uv_size": [0.5, 0.5]},
								"west": {"uv": [25, 47], "uv_size": [0.5, 0.5]},
								"up": {"uv": [47, 25], "uv_size": [0.5, 0.5]},
								"down": {"uv": [26, 47.5], "uv_size": [0.5, -0.5]}
							}
						},
						{
							"origin": [-1.575, 15.4, -4.775],
							"size": [1.3, 1.45, 1],
							"pivot": [0, 24, 0],
							"rotation": [0, 45, 0],
							"uv": {
								"north": {"uv": [14, 42], "uv_size": [1.5, 1.5]},
								"east": {"uv": [32, 18], "uv_size": [1, 1.5]},
								"south": {"uv": [16, 42], "uv_size": [1.5, 1.5]},
								"west": {"uv": [33, 5], "uv_size": [1, 1.5]},
								"up": {"uv": [43, 43], "uv_size": [1.5, 1]},
								"down": {"uv": [4, 45], "uv_size": [1.5, -1]}
							}
						},
						{
							"origin": [-1.025, 16.4, -4.95],
							"size": [0.2, 0.2, 0.175],
							"pivot": [0, 24, 0],
							"rotation": [0, 45, 0],
							"uv": {
								"north": {"uv": [46, 37], "uv_size": [0.5, 0.5]},
								"east": {"uv": [38, 46], "uv_size": [0.5, 0.5]},
								"south": {"uv": [46, 38], "uv_size": [0.5, 0.5]},
								"west": {"uv": [39, 46], "uv_size": [0.5, 0.5]},
								"up": {"uv": [46, 39], "uv_size": [0.5, 0.5]},
								"down": {"uv": [40, 46.5], "uv_size": [0.5, -0.5]}
							}
						},
						{
							"origin": [-1.025, 18.9, -4.95],
							"size": [0.2, 0.2, 0.175],
							"pivot": [0, 24, 0],
							"rotation": [0, 45, 0],
							"uv": {
								"north": {"uv": [46, 40], "uv_size": [0.5, 0.5]},
								"east": {"uv": [41, 46], "uv_size": [0.5, 0.5]},
								"south": {"uv": [46, 41], "uv_size": [0.5, 0.5]},
								"west": {"uv": [42, 46], "uv_size": [0.5, 0.5]},
								"up": {"uv": [46, 42], "uv_size": [0.5, 0.5]},
								"down": {"uv": [43, 46.5], "uv_size": [0.5, -0.5]}
							}
						},
						{
							"origin": [-0.075, 19.4, -3.35],
							"size": [0.2, 0.2, 0.175],
							"uv": {
								"north": {"uv": [5, 47], "uv_size": [0.5, 0.5]},
								"east": {"uv": [47, 5], "uv_size": [0.5, 0.5]},
								"south": {"uv": [6, 47], "uv_size": [0.5, 0.5]},
								"west": {"uv": [47, 6], "uv_size": [0.5, 0.5]},
								"up": {"uv": [47, 7], "uv_size": [0.5, 0.5]},
								"down": {"uv": [47, 8.5], "uv_size": [0.5, -0.5]}
							}
						},
						{
							"origin": [2.025, 19.4, -3.35],
							"size": [0.2, 0.2, 0.175],
							"uv": {
								"north": {"uv": [47, 9], "uv_size": [0.5, 0.5]},
								"east": {"uv": [47, 10], "uv_size": [0.5, 0.5]},
								"south": {"uv": [47, 11], "uv_size": [0.5, 0.5]},
								"west": {"uv": [47, 12], "uv_size": [0.5, 0.5]},
								"up": {"uv": [47, 13], "uv_size": [0.5, 0.5]},
								"down": {"uv": [14, 47.5], "uv_size": [0.5, -0.5]}
							}
						},
						{
							"origin": [-2.225, 19.4, -3.35],
							"size": [0.2, 0.2, 0.175],
							"uv": {
								"north": {"uv": [47, 14], "uv_size": [0.5, 0.5]},
								"east": {"uv": [15, 47], "uv_size": [0.5, 0.5]},
								"south": {"uv": [47, 15], "uv_size": [0.5, 0.5]},
								"west": {"uv": [16, 47], "uv_size": [0.5, 0.5]},
								"up": {"uv": [47, 16], "uv_size": [0.5, 0.5]},
								"down": {"uv": [17, 47.5], "uv_size": [0.5, -0.5]}
							}
						},
						{
							"origin": [0.825, 18.9, -4.95],
							"size": [0.2, 0.2, 0.175],
							"pivot": [0, 24, 0],
							"rotation": [0, -45, 0],
							"uv": {
								"north": {"uv": [0, 47], "uv_size": [0.5, 0.5]},
								"east": {"uv": [1, 47], "uv_size": [0.5, 0.5]},
								"south": {"uv": [2, 47], "uv_size": [0.5, 0.5]},
								"west": {"uv": [3, 47], "uv_size": [0.5, 0.5]},
								"up": {"uv": [4, 47], "uv_size": [0.5, 0.5]},
								"down": {"uv": [47, 4.5], "uv_size": [0.5, -0.5]}
							}
						},
						{
							"origin": [0.825, 16.4, -4.95],
							"size": [0.2, 0.2, 0.175],
							"pivot": [0, 24, 0],
							"rotation": [0, -45, 0],
							"uv": {
								"north": {"uv": [46, 43], "uv_size": [0.5, 0.5]},
								"east": {"uv": [44, 46], "uv_size": [0.5, 0.5]},
								"south": {"uv": [46, 44], "uv_size": [0.5, 0.5]},
								"west": {"uv": [45, 46], "uv_size": [0.5, 0.5]},
								"up": {"uv": [46, 45], "uv_size": [0.5, 0.5]},
								"down": {"uv": [46, 46.5], "uv_size": [0.5, -0.5]}
							}
						},
						{
							"origin": [0.275, 15.4, -4.775],
							"size": [1.3, 1.45, 1],
							"pivot": [0, 24, 0],
							"rotation": [0, -45, 0],
							"uv": {
								"north": {"uv": [42, 22], "uv_size": [1.5, 1.5]},
								"east": {"uv": [44, 6], "uv_size": [1, 1.5]},
								"south": {"uv": [42, 36], "uv_size": [1.5, 1.5]},
								"west": {"uv": [44, 8], "uv_size": [1, 1.5]},
								"up": {"uv": [14, 44], "uv_size": [1.5, 1]},
								"down": {"uv": [16, 45], "uv_size": [1.5, -1]}
							}
						},
						{
							"origin": [0.275, 17.9, -4.775],
							"size": [1.3, 1.45, 1],
							"pivot": [0, 24, 0],
							"rotation": [0, -45, 0],
							"uv": {
								"north": {"uv": [18, 42], "uv_size": [1.5, 1.5]},
								"east": {"uv": [12, 33], "uv_size": [1, 1.5]},
								"south": {"uv": [42, 20], "uv_size": [1.5, 1.5]},
								"west": {"uv": [6, 43], "uv_size": [1, 1.5]},
								"up": {"uv": [44, 4], "uv_size": [1.5, 1]},
								"down": {"uv": [44, 6], "uv_size": [1.5, -1]}
							}
						},
						{
							"origin": [1.1, 14.9, -3.175],
							"size": [2.1, 5.45, 1],
							"uv": {
								"north": {"uv": [6, 36], "uv_size": [2, 5.5]},
								"east": {"uv": [24, 38], "uv_size": [1, 5.5]},
								"south": {"uv": [12, 36], "uv_size": [2, 5.5]},
								"west": {"uv": [25, 38], "uv_size": [1, 5.5]},
								"up": {"uv": [42, 39], "uv_size": [2, 1]},
								"down": {"uv": [4, 44], "uv_size": [2, -1]}
							}
						},
						{
							"origin": [2.45, 19.4, -2.2],
							"size": [0.8, 5.4, 0.125],
							"pivot": [0, 24, 0],
							"rotation": [0, 0, 7.5],
							"uv": {
								"north": {"uv": [26, 38], "uv_size": [1, 5.5]},
								"east": {"uv": [7, 42], "uv_size": [0.5, 5.5]},
								"south": {"uv": [27, 38], "uv_size": [1, 5.5]},
								"west": {"uv": [8, 42], "uv_size": [0.5, 5.5]},
								"up": {"uv": [3, 46], "uv_size": [1, 0.5]},
								"down": {"uv": [4, 46.5], "uv_size": [1, -0.5]}
							}
						},
						{
							"origin": [2.45, 24.725, -2.075],
							"size": [0.8, 0.075, 4.125],
							"pivot": [0, 24, 0],
							"rotation": [0, 0, 7.5],
							"uv": {
								"north": {"uv": [46, 10], "uv_size": [1, 0.5]},
								"east": {"uv": [43, 28], "uv_size": [4, 0.5]},
								"south": {"uv": [46, 11], "uv_size": [1, 0.5]},
								"west": {"uv": [43, 29], "uv_size": [4, 0.5]},
								"up": {"uv": [29, 32], "uv_size": [1, 4]},
								"down": {"uv": [41, 8], "uv_size": [1, -4]}
							}
						},
						{
							"origin": [2.25, 22.1, -2.15],
							"size": [1.3, 2.65, 0.15],
							"pivot": [0, 24, 0],
							"rotation": [0, 0, 7.5],
							"uv": {
								"north": {"uv": [39, 41], "uv_size": [1.5, 2.5]},
								"east": {"uv": [18, 44], "uv_size": [0.5, 2.5]},
								"south": {"uv": [41, 40], "uv_size": [1.5, 2.5]},
								"west": {"uv": [19, 44], "uv_size": [0.5, 2.5]},
								"up": {"uv": [45, 17], "uv_size": [1.5, 0.5]},
								"down": {"uv": [45, 20.5], "uv_size": [1.5, -0.5]}
							}
						},
						{
							"origin": [2.25, 24.575, -2],
							"size": [1.3, 0.175, 4.05],
							"pivot": [0, 24, 0],
							"rotation": [0, 0, 7.5],
							"uv": {
								"north": {"uv": [21, 45], "uv_size": [1.5, 0.5]},
								"east": {"uv": [43, 26], "uv_size": [4, 0.5]},
								"south": {"uv": [45, 21], "uv_size": [1.5, 0.5]},
								"west": {"uv": [43, 27], "uv_size": [4, 0.5]},
								"up": {"uv": [38, 3], "uv_size": [1.5, 4]},
								"down": {"uv": [14, 42], "uv_size": [1.5, -4]}
							}
						},
						{
							"origin": [2.375, 24.75, 1.2],
							"size": [1, 0.075, 0.575],
							"pivot": [0, 24, 0],
							"rotation": [0, 0, 7.5],
							"uv": {
								"north": {"uv": [46, 12], "uv_size": [1, 0.5]},
								"east": {"uv": [47, 40], "uv_size": [0.5, 0.5]},
								"south": {"uv": [46, 13], "uv_size": [1, 0.5]},
								"west": {"uv": [41, 47], "uv_size": [0.5, 0.5]},
								"up": {"uv": [14, 46], "uv_size": [1, 0.5]},
								"down": {"uv": [46, 14.5], "uv_size": [1, -0.5]}
							}
						},
						{
							"origin": [2.35, 22.325, -2.225],
							"size": [1.1, 0.425, 0.075],
							"pivot": [0, 24, 0],
							"rotation": [0, 0, 7.5],
							"uv": {
								"north": {"uv": [46, 4], "uv_size": [1, 0.5]},
								"east": {"uv": [47, 38], "uv_size": [0.5, 0.5]},
								"south": {"uv": [5, 46], "uv_size": [1, 0.5]},
								"west": {"uv": [39, 47], "uv_size": [0.5, 0.5]},
								"up": {"uv": [46, 5], "uv_size": [1, 0.5]},
								"down": {"uv": [6, 46.5], "uv_size": [1, -0.5]}
							}
						},
						{
							"origin": [2.35, 23.95, -2.225],
							"size": [1.1, 0.425, 0.075],
							"pivot": [0, 24, 0],
							"rotation": [0, 0, 7.5],
							"uv": {
								"north": {"uv": [46, 6], "uv_size": [1, 0.5]},
								"east": {"uv": [47, 39], "uv_size": [0.5, 0.5]},
								"south": {"uv": [46, 7], "uv_size": [1, 0.5]},
								"west": {"uv": [40, 47], "uv_size": [0.5, 0.5]},
								"up": {"uv": [46, 8], "uv_size": [1, 0.5]},
								"down": {"uv": [46, 9.5], "uv_size": [1, -0.5]}
							}
						},
						{
							"origin": [-3.375, 24.75, 1.2],
							"size": [1, 0.075, 0.575],
							"pivot": [0, 24, 0],
							"rotation": [0, 0, -7.5],
							"uv": {
								"north": {"uv": [46, 24], "uv_size": [1, 0.5]},
								"east": {"uv": [47, 43], "uv_size": [0.5, 0.5]},
								"south": {"uv": [25, 46], "uv_size": [1, 0.5]},
								"west": {"uv": [44, 47], "uv_size": [0.5, 0.5]},
								"up": {"uv": [46, 25], "uv_size": [1, 0.5]},
								"down": {"uv": [26, 46.5], "uv_size": [1, -0.5]}
							}
						},
						{
							"origin": [-3.25, 19.4, -2.2],
							"size": [0.8, 5.4, 0.125],
							"pivot": [0, 24, 0],
							"rotation": [0, 0, -7.5],
							"uv": {
								"north": {"uv": [28, 38], "uv_size": [1, 5.5]},
								"east": {"uv": [9, 42], "uv_size": [0.5, 5.5]},
								"south": {"uv": [29, 38], "uv_size": [1, 5.5]},
								"west": {"uv": [10, 42], "uv_size": [0.5, 5.5]},
								"up": {"uv": [46, 23], "uv_size": [1, 0.5]},
								"down": {"uv": [24, 46.5], "uv_size": [1, -0.5]}
							}
						},
						{
							"origin": [-3.275, 20.875, -2.225],
							"size": [0.85, 0.175, 0.15],
							"pivot": [0, 24, 0],
							"rotation": [0, 0, -7.5],
							"uv": {
								"north": {"uv": [33, 46], "uv_size": [1, 0.5]},
								"east": {"uv": [47, 45], "uv_size": [0.5, 0.5]},
								"south": {"uv": [34, 46], "uv_size": [1, 0.5]},
								"west": {"uv": [46, 47], "uv_size": [0.5, 0.5]},
								"up": {"uv": [46, 34], "uv_size": [1, 0.5]},
								"down": {"uv": [35, 46.5], "uv_size": [1, -0.5]}
							}
						},
						{
							"origin": [2.425, 20.875, -2.225],
							"size": [0.85, 0.175, 0.15],
							"pivot": [0, 24, 0],
							"rotation": [0, 0, 7.5],
							"uv": {
								"north": {"uv": [46, 35], "uv_size": [1, 0.5]},
								"east": {"uv": [47, 46], "uv_size": [0.5, 0.5]},
								"south": {"uv": [36, 46], "uv_size": [1, 0.5]},
								"west": {"uv": [47, 47], "uv_size": [0.5, 0.5]},
								"up": {"uv": [46, 36], "uv_size": [1, 0.5]},
								"down": {"uv": [37, 46.5], "uv_size": [1, -0.5]}
							}
						},
						{
							"origin": [-3.25, 19.4, 2.075],
							"size": [0.8, 5.4, 0.125],
							"pivot": [0, 24, 0],
							"rotation": [0, 0, -7.5],
							"uv": {
								"north": {"uv": [32, 38], "uv_size": [1, 5.5]},
								"east": {"uv": [12, 42], "uv_size": [0.5, 5.5]},
								"south": {"uv": [33, 38], "uv_size": [1, 5.5]},
								"west": {"uv": [13, 42], "uv_size": [0.5, 5.5]},
								"up": {"uv": [31, 46], "uv_size": [1, 0.5]},
								"down": {"uv": [32, 46.5], "uv_size": [1, -0.5]}
							}
						},
						{
							"origin": [2.45, 19.4, 2.075],
							"size": [0.8, 5.4, 0.125],
							"pivot": [0, 24, 0],
							"rotation": [0, 0, 7.5],
							"uv": {
								"north": {"uv": [30, 38], "uv_size": [1, 5.5]},
								"east": {"uv": [42, 10], "uv_size": [0.5, 5.5]},
								"south": {"uv": [31, 38], "uv_size": [1, 5.5]},
								"west": {"uv": [11, 42], "uv_size": [0.5, 5.5]},
								"up": {"uv": [27, 46], "uv_size": [1, 0.5]},
								"down": {"uv": [28, 46.5], "uv_size": [1, -0.5]}
							}
						},
						{
							"origin": [-3.55, 22.1, -2.15],
							"size": [1.3, 2.65, 0.15],
							"pivot": [0, 24, 0],
							"rotation": [0, 0, -7.5],
							"uv": {
								"north": {"uv": [0, 42], "uv_size": [1.5, 2.5]},
								"east": {"uv": [20, 44], "uv_size": [0.5, 2.5]},
								"south": {"uv": [2, 42], "uv_size": [1.5, 2.5]},
								"west": {"uv": [44, 20], "uv_size": [0.5, 2.5]},
								"up": {"uv": [25, 45], "uv_size": [1.5, 0.5]},
								"down": {"uv": [27, 45.5], "uv_size": [1.5, -0.5]}
							}
						},
						{
							"origin": [-3.45, 22.325, -2.225],
							"size": [1.1, 0.425, 0.075],
							"pivot": [0, 24, 0],
							"rotation": [0, 0, -7.5],
							"uv": {
								"north": {"uv": [46, 19], "uv_size": [1, 0.5]},
								"east": {"uv": [47, 42], "uv_size": [0.5, 0.5]},
								"south": {"uv": [21, 46], "uv_size": [1, 0.5]},
								"west": {"uv": [43, 47], "uv_size": [0.5, 0.5]},
								"up": {"uv": [22, 46], "uv_size": [1, 0.5]},
								"down": {"uv": [23, 46.5], "uv_size": [1, -0.5]}
							}
						},
						{
							"origin": [-3.45, 23.95, -2.225],
							"size": [1.1, 0.425, 0.075],
							"pivot": [0, 24, 0],
							"rotation": [0, 0, -7.5],
							"uv": {
								"north": {"uv": [16, 46], "uv_size": [1, 0.5]},
								"east": {"uv": [47, 41], "uv_size": [0.5, 0.5]},
								"south": {"uv": [46, 16], "uv_size": [1, 0.5]},
								"west": {"uv": [42, 47], "uv_size": [0.5, 0.5]},
								"up": {"uv": [17, 46], "uv_size": [1, 0.5]},
								"down": {"uv": [46, 18.5], "uv_size": [1, -0.5]}
							}
						},
						{
							"origin": [-3.25, 24.725, -2.075],
							"size": [0.8, 0.075, 4.125],
							"pivot": [0, 24, 0],
							"rotation": [0, 0, -7.5],
							"uv": {
								"north": {"uv": [15, 46], "uv_size": [1, 0.5]},
								"east": {"uv": [43, 32], "uv_size": [4, 0.5]},
								"south": {"uv": [46, 15], "uv_size": [1, 0.5]},
								"west": {"uv": [43, 33], "uv_size": [4, 0.5]},
								"up": {"uv": [41, 20], "uv_size": [1, 4]},
								"down": {"uv": [41, 40], "uv_size": [1, -4]}
							}
						},
						{
							"origin": [-3.55, 24.575, -2],
							"size": [1.3, 0.175, 4.05],
							"pivot": [0, 24, 0],
							"rotation": [0, 0, -7.5],
							"uv": {
								"north": {"uv": [45, 22], "uv_size": [1.5, 0.5]},
								"east": {"uv": [43, 30], "uv_size": [4, 0.5]},
								"south": {"uv": [23, 45], "uv_size": [1.5, 0.5]},
								"west": {"uv": [43, 31], "uv_size": [4, 0.5]},
								"up": {"uv": [16, 38], "uv_size": [1.5, 4]},
								"down": {"uv": [18, 42], "uv_size": [1.5, -4]}
							}
						},
						{
							"origin": [-4.15, 16.07894, 0.17117],
							"size": [8.3, 1.125, 1.425],
							"uv": {
								"north": {"uv": [37, 18], "uv_size": [8.5, 1]},
								"east": {"uv": [37, 43], "uv_size": [1.5, 1]},
								"south": {"uv": [37, 19], "uv_size": [8.5, 1]},
								"west": {"uv": [41, 43], "uv_size": [1.5, 1]},
								"up": {"uv": [34, 30], "uv_size": [8.5, 1.5]},
								"down": {"uv": [34, 33.5], "uv_size": [8.5, -1.5]}
							}
						},
						{
							"origin": [-4.15, 15.07596, -4.75734],
							"size": [8.3, 2.45, 2.55],
							"pivot": [0, 24.07596, -2.58234],
							"rotation": [25, 0, 0],
							"uv": {
								"north": {"uv": [24, 5], "uv_size": [8.5, 2.5]},
								"east": {"uv": [13, 28], "uv_size": [2.5, 2.5]},
								"south": {"uv": [20, 24], "uv_size": [8.5, 2.5]},
								"west": {"uv": [38, 0], "uv_size": [2.5, 2.5]},
								"up": {"uv": [25, 0], "uv_size": [8.5, 2.5]},
								"down": {"uv": [26, 10.5], "uv_size": [8.5, -2.5]}
							}
						},
						{
							"origin": [-4.15, 13.74046, 4.40991],
							"size": [8.3, 1.825, 3.65],
							"pivot": [0, 23.31546, 6.58491],
							"rotation": [-50, 0, 0],
							"uv": {
								"north": {"uv": [25, 3], "uv_size": [8.5, 2]},
								"east": {"uv": [37, 20], "uv_size": [3.5, 2]},
								"south": {"uv": [32, 16], "uv_size": [8.5, 2]},
								"west": {"uv": [37, 22], "uv_size": [3.5, 2]},
								"up": {"uv": [17, 9], "uv_size": [8.5, 3.5]},
								"down": {"uv": [17, 16.5], "uv_size": [8.5, -3.5]}
							}
						},
						{
							"origin": [-4.125, 15.56546, 6.55991],
							"size": [8.25, 1.4, 0.5],
							"pivot": [0, 23.31546, 6.58491],
							"rotation": [-50, 0, 0],
							"uv": {
								"north": {"uv": [34, 34], "uv_size": [8.5, 1.5]},
								"east": {"uv": [29, 45], "uv_size": [0.5, 1.5]},
								"south": {"uv": [35, 8], "uv_size": [8.5, 1.5]},
								"west": {"uv": [30, 45], "uv_size": [0.5, 1.5]},
								"up": {"uv": [37, 24], "uv_size": [8.5, 0.5]},
								"down": {"uv": [37, 25.5], "uv_size": [8.5, -0.5]}
							}
						},
						{
							"origin": [-4.125, 11.47791, 9.42946],
							"size": [8.25, 0.5, 0.5],
							"pivot": [0, 19.22791, 9.45446],
							"rotation": [-90, 0, 0],
							"uv": {
								"north": {"uv": [41, 0], "uv_size": [8.5, 0.5]},
								"east": {"uv": [47, 44], "uv_size": [0.5, 0.5]},
								"south": {"uv": [41, 1], "uv_size": [8.5, 0.5]},
								"west": {"uv": [45, 47], "uv_size": [0.5, 0.5]},
								"up": {"uv": [41, 2], "uv_size": [8.5, 0.5]},
								"down": {"uv": [41, 3.5], "uv_size": [8.5, -0.5]}
							}
						}
					]
				}
			]
		}
	]
}