{
	"format_version": "1.12.0",
	"minecraft:geometry": [
		{
			"description": {
				"identifier": "geometry.player.pso1",
				"texture_width": 256,
				"texture_height": 256,
				"visible_bounds_width": 118,
				"visible_bounds_height": 141,
				"visible_bounds_offset": [0, 58.5, 0]
			},
			"bones": [
				{
					"name": "root",
					"pivot": [0, 0, 0]
				},
				{
					"name": "waist",
					"parent": "root",
					"pivot": [0, 12, 0]
				},
				{
					"name": "body",
					"parent": "waist",
					"pivot": [0, 24, 0]
				},
				{
					"name": "leftArm",
					"parent": "body",
					"pivot": [5, 22, 0]
				},
				{
					"name": "leftSleeve",
					"parent": "leftArm",
					"pivot": [5, 22, 0]
				},
				{
					"name": "leftItem",
					"parent": "leftArm",
					"pivot": [6, 15, 1]
				},
				{
					"name": "rightArm",
					"parent": "body",
					"pivot": [-6, 22, 0]
				},
				{
					"name": "rightSleeve",
					"parent": "rightArm",
					"pivot": [-5.7, 22, 0]
				},
				{
					"name": "rightArm2",
					"parent": "rightArm",
					"pivot": [-6, 22, 0]
				},
				{
					"name": "gun",
					"parent": "rightArm2",
					"pivot": [-80.2, 153, -51.6],
					"rotation": [90, 0, 0]
				},
				{
					"name": "pso",
					"parent": "gun",
					"pivot": [-74.444, -26.4664, -56.325],
					"cubes": [
						{
							"origin": [-66.58992, 140.99856, -69.77012],
							"size": [2.00511, 6.25664, 36.07552],
							"uv": {
								"north": {"uv": [87, 178], "uv_size": [2, 6.25]},
								"east": {"uv": [54, 0], "uv_size": [36, 6.25]},
								"south": {"uv": [30, 180], "uv_size": [2, 6.25]},
								"west": {"uv": [54, 7], "uv_size": [36, 6.25]},
								"up": {"uv": [43, 126], "uv_size": [2, 36]},
								"down": {"uv": [45, 162], "uv_size": [2, -36]}
							}
						},
						{
							"origin": [-104.31323, 152.49206, 37.60447],
							"size": [9.95738, 4.47283, 1.47763],
							"pivot": [-109.29191, 186.39772, 37.60447],
							"rotation": [0, 0, -60],
							"uv": {
								"north": {"uv": [57, 158], "uv_size": [10, 4.5]},
								"east": {"uv": [72, 188], "uv_size": [1.5, 4.5]},
								"south": {"uv": [158, 126], "uv_size": [10, 4.5]},
								"west": {"uv": [74, 188], "uv_size": [1.5, 4.5]},
								"up": {"uv": [116, 180], "uv_size": [10, 1.5]},
								"down": {"uv": [180, 124.5], "uv_size": [10, -1.5]}
							}
						},
						{
							"origin": [-104.31323, 195.02105, 37.60447],
							"size": [9.95738, 4.47283, 1.47763],
							"pivot": [-109.29191, 165.58822, 37.60447],
							"rotation": [0, 0, 60],
							"uv": {
								"north": {"uv": [159, 30], "uv_size": [10, 4.5]},
								"east": {"uv": [76, 188], "uv_size": [1.5, 4.5]},
								"south": {"uv": [99, 159], "uv_size": [10, 4.5]},
								"west": {"uv": [78, 188], "uv_size": [1.5, 4.5]},
								"up": {"uv": [126, 180], "uv_size": [10, 1.5]},
								"down": {"uv": [136, 181.5], "uv_size": [10, -1.5]}
							}
						},
						{
							"origin": [-76.3343, 167.36963, 37.60447],
							"size": [9.95738, 4.47283, 1.47763],
							"uv": {
								"north": {"uv": [125, 159], "uv_size": [10, 4.5]},
								"east": {"uv": [80, 188], "uv_size": [1.5, 4.5]},
								"south": {"uv": [16, 160], "uv_size": [10, 4.5]},
								"west": {"uv": [82, 188], "uv_size": [1.5, 4.5]},
								"up": {"uv": [146, 180], "uv_size": [10, 1.5]},
								"down": {"uv": [180, 148.5], "uv_size": [10, -1.5]}
							}
						},
						{
							"origin": [-48.35538, 195.02105, 37.60447],
							"size": [9.95738, 4.47283, 1.47763],
							"pivot": [-33.41932, 165.58822, 37.60447],
							"rotation": [0, 0, -60],
							"uv": {
								"north": {"uv": [26, 160], "uv_size": [10, 4.5]},
								"east": {"uv": [86, 188], "uv_size": [1.5, 4.5]},
								"south": {"uv": [160, 64], "uv_size": [10, 4.5]},
								"west": {"uv": [88, 188], "uv_size": [1.5, 4.5]},
								"up": {"uv": [180, 149], "uv_size": [10, 1.5]},
								"down": {"uv": [180, 152.5], "uv_size": [10, -1.5]}
							}
						},
						{
							"origin": [-48.35538, 152.49206, 37.60447],
							"size": [9.95738, 4.47283, 1.47763],
							"pivot": [-33.41932, 186.39772, 37.60447],
							"rotation": [0, 0, 60],
							"uv": {
								"north": {"uv": [161, 35], "uv_size": [10, 4.5]},
								"east": {"uv": [90, 188], "uv_size": [1.5, 4.5]},
								"south": {"uv": [67, 161], "uv_size": [10, 4.5]},
								"west": {"uv": [92, 188], "uv_size": [1.5, 4.5]},
								"up": {"uv": [180, 153], "uv_size": [10, 1.5]},
								"down": {"uv": [180, 156.5], "uv_size": [10, -1.5]}
							}
						},
						{
							"origin": [-76.3343, 180.14348, 37.60447],
							"size": [9.95738, 4.47283, 1.47763],
							"uv": {
								"north": {"uv": [77, 161], "uv_size": [10, 4.5]},
								"east": {"uv": [110, 188], "uv_size": [1.5, 4.5]},
								"south": {"uv": [109, 161], "uv_size": [10, 4.5]},
								"west": {"uv": [112, 188], "uv_size": [1.5, 4.5]},
								"up": {"uv": [156, 180], "uv_size": [10, 1.5]},
								"down": {"uv": [166, 181.5], "uv_size": [10, -1.5]}
							}
						},
						{
							"origin": [-66.58992, 135.48593, -49.19666],
							"size": [1.9968, 6.25664, 9.71776],
							"uv": {
								"north": {"uv": [47, 181], "uv_size": [2, 6.25]},
								"east": {"uv": [140, 42], "uv_size": [9.75, 6.25]},
								"south": {"uv": [13, 182], "uv_size": [2, 6.25]},
								"west": {"uv": [135, 140], "uv_size": [9.75, 6.25]},
								"up": {"uv": [114, 38], "uv_size": [2, 9.75]},
								"down": {"uv": [121, 37.75], "uv_size": [2, -9.75]}
							}
						},
						{
							"origin": [-65.7912, 135.48593, -49.4629],
							"size": [3.9936, 10.91584, 8.78592],
							"uv": {
								"north": {"uv": [35, 112], "uv_size": [4, 11]},
								"east": {"uv": [131, 30], "uv_size": [8.75, 11]},
								"south": {"uv": [91, 151], "uv_size": [4, 11]},
								"west": {"uv": [131, 41], "uv_size": [8.75, 11]},
								"up": {"uv": [99, 117], "uv_size": [4, 8.75]},
								"down": {"uv": [30, 139.75], "uv_size": [4, -8.75]}
							}
						},
						{
							"origin": [-66.58992, 135.48593, -39.4789],
							"size": [1.9968, 6.25664, 7.9872],
							"pivot": [-74.444, 135.48593, -39.4789],
							"rotation": [43.25, 0, 0],
							"uv": {
								"north": {"uv": [28, 182], "uv_size": [2, 6.25]},
								"east": {"uv": [105, 147], "uv_size": [8, 6.25]},
								"south": {"uv": [50, 182], "uv_size": [2, 6.25]},
								"west": {"uv": [113, 147], "uv_size": [8, 6.25]},
								"up": {"uv": [129, 20], "uv_size": [2, 8]},
								"down": {"uv": [4, 179], "uv_size": [2, -8]}
							}
						},
						{
							"origin": [-66.58992, 140.99856, -69.77012],
							"size": [1.9968, 6.25664, 21.2992],
							"pivot": [-74.444, 140.99856, -69.77012],
							"rotation": [-15, 0, 0],
							"uv": {
								"north": {"uv": [58, 182], "uv_size": [2, 6.25]},
								"east": {"uv": [90, 0], "uv_size": [21.25, 6.25]},
								"south": {"uv": [0, 183], "uv_size": [2, 6.25]},
								"west": {"uv": [90, 7], "uv_size": [21.25, 6.25]},
								"up": {"uv": [38, 155], "uv_size": [2, 21.25]},
								"down": {"uv": [87, 177.25], "uv_size": [2, -21.25]}
							}
						},
						{
							"origin": [-74.419, 171.9586, 38.675],
							"size": [5.75, 5.75, 0],
							"uv": {
								"north": {"uv": [246.25, 0], "uv_size": [9.75, 9.75]},
								"east": {"uv": [0, 0], "uv_size": [0, 9.75]},
								"south": {"uv": [189.75, 192.75], "uv_size": [66.25, 63.25]},
								"west": {"uv": [0, 0], "uv_size": [0, 9.75]},
								"up": {"uv": [9.75, 0], "uv_size": [-9.75, 0]},
								"down": {"uv": [9.75, 0], "uv_size": [-9.75, 0]}
							}
						}
					]
				},
				{
					"name": "pso_1",
					"parent": "pso",
					"pivot": [0, 0, 0],
					"cubes": [
						{
							"origin": [-76.78691, 173.42659, 38.8558],
							"size": [10.70285, 5.72416, 0],
							"uv": {
								"north": {"uv": [140, 30], "uv_size": [10.75, 5.75]},
								"east": {"uv": [0, 0], "uv_size": [0, 5.75]},
								"south": {"uv": [140, 36], "uv_size": [10.75, 5.75]},
								"west": {"uv": [0, 0], "uv_size": [0, 5.75]},
								"up": {"uv": [0, 0], "uv_size": [10.75, 0]},
								"down": {"uv": [0, 0], "uv_size": [10.75, 0]}
							}
						},
						{
							"origin": [-75.18947, 171.42979, 38.8558],
							"size": [7.37485, 9.45152, 0],
							"uv": {
								"north": {"uv": [137, 0], "uv_size": [7.25, 9.5]},
								"east": {"uv": [0, 0], "uv_size": [0, 9.5]},
								"south": {"uv": [99, 137], "uv_size": [7.25, 9.5]},
								"west": {"uv": [0, 0], "uv_size": [0, 9.5]},
								"up": {"uv": [0, 0], "uv_size": [7.25, 0]},
								"down": {"uv": [0, 0], "uv_size": [7.25, 0]}
							}
						},
						{
							"origin": [-101.47684, 193.15958, -60.9842],
							"size": [9.05216, 2.12992, 28.48768],
							"pivot": [-106.00292, 166.40246, -56.325],
							"rotation": [0, 0, 60],
							"uv": {
								"north": {"uv": [134, 175], "uv_size": [9, 2.25]},
								"east": {"uv": [133, 120], "uv_size": [28.5, 2.25]},
								"south": {"uv": [143, 175], "uv_size": [9, 2.25]},
								"west": {"uv": [133, 123], "uv_size": [28.5, 2.25]},
								"up": {"uv": [18, 0], "uv_size": [9, 28.5]},
								"down": {"uv": [27, 28.5], "uv_size": [9, -28.5]}
							}
						},
						{
							"origin": [-50.60604, 193.15958, -60.9842],
							"size": [9.05216, 2.12992, 28.48768],
							"pivot": [-37.0278, 166.40246, -56.325],
							"rotation": [0, 0, -60],
							"uv": {
								"north": {"uv": [175, 144], "uv_size": [9, 2.25]},
								"east": {"uv": [123, 137], "uv_size": [28.5, 2.25]},
								"south": {"uv": [152, 175], "uv_size": [9, 2.25]},
								"west": {"uv": [139, 10], "uv_size": [28.5, 2.25]},
								"up": {"uv": [0, 29], "uv_size": [9, 28.5]},
								"down": {"uv": [9, 57.5], "uv_size": [9, -28.5]}
							}
						},
						{
							"origin": [-101.47684, 156.43313, -60.9842],
							"size": [9.05216, 2.12992, 28.48768],
							"pivot": [-106.00292, 185.32017, -56.325],
							"rotation": [0, 0, -60],
							"uv": {
								"north": {"uv": [161, 175], "uv_size": [9, 2.25]},
								"east": {"uv": [139, 13], "uv_size": [28.5, 2.25]},
								"south": {"uv": [170, 175], "uv_size": [9, 2.25]},
								"west": {"uv": [139, 16], "uv_size": [28.5, 2.25]},
								"up": {"uv": [18, 29], "uv_size": [9, 28.5]},
								"down": {"uv": [27, 57.5], "uv_size": [9, -28.5]}
							}
						},
						{
							"origin": [-50.60604, 156.43313, -60.9842],
							"size": [9.05216, 2.12992, 28.48768],
							"pivot": [-37.0278, 185.32017, -56.325],
							"rotation": [0, 0, 60],
							"uv": {
								"north": {"uv": [40, 176], "uv_size": [9, 2.25]},
								"east": {"uv": [139, 52], "uv_size": [28.5, 2.25]},
								"south": {"uv": [67, 176], "uv_size": [9, 2.25]},
								"west": {"uv": [139, 55], "uv_size": [28.5, 2.25]},
								"up": {"uv": [36, 0], "uv_size": [9, 28.5]},
								"down": {"uv": [36, 57.5], "uv_size": [9, -28.5]}
							}
						},
						{
							"origin": [-76.04144, 181.57079, -60.9842],
							"size": [9.05216, 2.12992, 28.48768],
							"uv": {
								"north": {"uv": [176, 74], "uv_size": [9, 2.25]},
								"east": {"uv": [139, 58], "uv_size": [28.5, 2.25]},
								"south": {"uv": [76, 176], "uv_size": [9, 2.25]},
								"west": {"uv": [139, 61], "uv_size": [28.5, 2.25]},
								"up": {"uv": [45, 0], "uv_size": [9, 28.5]},
								"down": {"uv": [45, 57.5], "uv_size": [9, -28.5]}
							}
						},
						{
							"origin": [-50.60604, 156.43313, -9.0674],
							"size": [9.05216, 2.12992, 4.12672],
							"pivot": [-37.0278, 185.32017, -9.0674],
							"rotation": [0, 0, 60],
							"uv": {
								"north": {"uv": [176, 89], "uv_size": [9, 2.25]},
								"east": {"uv": [22, 186], "uv_size": [4.25, 2.25]},
								"south": {"uv": [176, 92], "uv_size": [9, 2.25]},
								"west": {"uv": [187, 100], "uv_size": [4.25, 2.25]},
								"up": {"uv": [162, 158], "uv_size": [9, 4.25]},
								"down": {"uv": [163, 4.25], "uv_size": [9, -4.25]}
							}
						},
						{
							"origin": [-50.60604, 193.15958, -9.0674],
							"size": [9.05216, 2.12992, 4.12672],
							"pivot": [-37.0278, 166.40246, -9.0674],
							"rotation": [0, 0, -60],
							"uv": {
								"north": {"uv": [99, 176], "uv_size": [9, 2.25]},
								"east": {"uv": [101, 187], "uv_size": [4.25, 2.25]},
								"south": {"uv": [108, 176], "uv_size": [9, 2.25]},
								"west": {"uv": [187, 103], "uv_size": [4.25, 2.25]},
								"up": {"uv": [163, 5], "uv_size": [9, 4.25]},
								"down": {"uv": [6, 167.25], "uv_size": [9, -4.25]}
							}
						},
						{
							"origin": [-76.04144, 181.57079, -9.0674],
							"size": [9.05216, 2.12992, 4.12672],
							"uv": {
								"north": {"uv": [125, 176], "uv_size": [9, 2.25]},
								"east": {"uv": [187, 106], "uv_size": [4.25, 2.25]},
								"south": {"uv": [20, 177], "uv_size": [9, 2.25]},
								"west": {"uv": [187, 109], "uv_size": [4.25, 2.25]},
								"up": {"uv": [43, 163], "uv_size": [9, 4.25]},
								"down": {"uv": [52, 167.25], "uv_size": [9, -4.25]}
							}
						},
						{
							"origin": [-101.47684, 156.43313, -9.0674],
							"size": [9.05216, 2.12992, 4.12672],
							"pivot": [-106.00292, 185.32017, -9.0674],
							"rotation": [0, 0, -60],
							"uv": {
								"north": {"uv": [177, 42], "uv_size": [9, 2.25]},
								"east": {"uv": [187, 125], "uv_size": [4.25, 2.25]},
								"south": {"uv": [177, 45], "uv_size": [9, 2.25]},
								"west": {"uv": [187, 128], "uv_size": [4.25, 2.25]},
								"up": {"uv": [163, 136], "uv_size": [9, 4.25]},
								"down": {"uv": [163, 145.25], "uv_size": [9, -4.25]}
							}
						},
						{
							"origin": [-101.47684, 193.15958, -9.0674],
							"size": [9.05216, 2.12992, 4.12672],
							"pivot": [-106.00292, 166.40246, -9.0674],
							"rotation": [0, 0, 60],
							"uv": {
								"north": {"uv": [177, 77], "uv_size": [9, 2.25]},
								"east": {"uv": [187, 186], "uv_size": [4.25, 2.25]},
								"south": {"uv": [177, 80], "uv_size": [9, 2.25]},
								"west": {"uv": [188, 18], "uv_size": [4.25, 2.25]},
								"up": {"uv": [162, 163], "uv_size": [9, 4.25]},
								"down": {"uv": [164, 73.25], "uv_size": [9, -4.25]}
							}
						},
						{
							"origin": [-75.05635, 169.72586, -71.23444],
							"size": [7.24173, 1.70394, 13.73798],
							"uv": {
								"north": {"uv": [182, 8], "uv_size": [7.25, 1.75]},
								"east": {"uv": [170, 64], "uv_size": [13.75, 1.75]},
								"south": {"uv": [20, 182], "uv_size": [7.25, 1.75]},
								"west": {"uv": [170, 66], "uv_size": [13.75, 1.75]},
								"up": {"uv": [67, 117], "uv_size": [7.25, 13.75]},
								"down": {"uv": [75, 130.75], "uv_size": [7.25, -13.75]}
							}
						},
						{
							"origin": [-95.40465, 189.83597, -71.23444],
							"size": [7.24173, 1.70394, 13.73798],
							"pivot": [-99.02551, 168.43028, -76.55924],
							"rotation": [0, 0, 60],
							"uv": {
								"north": {"uv": [112, 182], "uv_size": [7.25, 1.75]},
								"east": {"uv": [134, 170], "uv_size": [13.75, 1.75]},
								"south": {"uv": [182, 112], "uv_size": [7.25, 1.75]},
								"west": {"uv": [148, 170], "uv_size": [13.75, 1.75]},
								"up": {"uv": [83, 117], "uv_size": [7.25, 13.75]},
								"down": {"uv": [117, 98.75], "uv_size": [7.25, -13.75]}
							}
						},
						{
							"origin": [-54.70805, 189.83597, -71.23444],
							"size": [7.24173, 1.70394, 13.73798],
							"pivot": [-43.84546, 168.43028, -76.55924],
							"rotation": [0, 0, -60],
							"uv": {
								"north": {"uv": [120, 182], "uv_size": [7.25, 1.75]},
								"east": {"uv": [162, 170], "uv_size": [13.75, 1.75]},
								"south": {"uv": [128, 182], "uv_size": [7.25, 1.75]},
								"west": {"uv": [171, 34], "uv_size": [13.75, 1.75]},
								"up": {"uv": [91, 117], "uv_size": [7.25, 13.75]},
								"down": {"uv": [117, 112.75], "uv_size": [7.25, -13.75]}
							}
						},
						{
							"origin": [-75.05635, 180.56497, -71.23444],
							"size": [7.24173, 1.70394, 13.73798],
							"uv": {
								"north": {"uv": [182, 135], "uv_size": [7.25, 1.75]},
								"east": {"uv": [171, 36], "uv_size": [13.75, 1.75]},
								"south": {"uv": [136, 182], "uv_size": [7.25, 1.75]},
								"west": {"uv": [171, 38], "uv_size": [13.75, 1.75]},
								"up": {"uv": [117, 113], "uv_size": [7.25, 13.75]},
								"down": {"uv": [119, 13.75], "uv_size": [7.25, -13.75]}
							}
						},
						{
							"origin": [-54.70805, 160.45482, -71.23444],
							"size": [7.24173, 1.70394, 13.73798],
							"pivot": [-43.84546, 183.56445, -76.55924],
							"rotation": [0, 0, 60],
							"uv": {
								"north": {"uv": [182, 137], "uv_size": [7.25, 1.75]},
								"east": {"uv": [40, 171], "uv_size": [13.75, 1.75]},
								"south": {"uv": [182, 139], "uv_size": [7.25, 1.75]},
								"west": {"uv": [99, 171], "uv_size": [13.75, 1.75]},
								"up": {"uv": [121, 14], "uv_size": [7.25, 13.75]},
								"down": {"uv": [123, 41.75], "uv_size": [7.25, -13.75]}
							}
						},
						{
							"origin": [-95.40465, 160.45482, -71.23444],
							"size": [7.24173, 1.70394, 13.73798],
							"pivot": [-99.02551, 183.56445, -76.55924],
							"rotation": [0, 0, -60],
							"uv": {
								"north": {"uv": [182, 141], "uv_size": [7.25, 1.75]},
								"east": {"uv": [171, 157], "uv_size": [13.75, 1.75]},
								"south": {"uv": [144, 182], "uv_size": [7.25, 1.75]},
								"west": {"uv": [171, 159], "uv_size": [13.75, 1.75]},
								"up": {"uv": [123, 42], "uv_size": [7.25, 13.75]},
								"down": {"uv": [123, 69.75], "uv_size": [7.25, -13.75]}
							}
						},
						{
							"origin": [-95.40465, 160.45482, -98.79028],
							"size": [7.24173, 1.70394, 27.04998],
							"pivot": [-99.02551, 183.56445, -90.80308],
							"rotation": [0, 0, -60],
							"uv": {
								"north": {"uv": [152, 182], "uv_size": [7.25, 1.75]},
								"east": {"uv": [139, 132], "uv_size": [27, 1.75]},
								"south": {"uv": [160, 182], "uv_size": [7.25, 1.75]},
								"west": {"uv": [139, 134], "uv_size": [27, 1.75]},
								"up": {"uv": [54, 14], "uv_size": [7.25, 27]},
								"down": {"uv": [54, 68], "uv_size": [7.25, -27]}
							}
						},
						{
							"origin": [-54.70805, 160.45482, -98.79028],
							"size": [7.24173, 1.70394, 27.04998],
							"pivot": [-43.84546, 183.56445, -90.80308],
							"rotation": [0, 0, 60],
							"uv": {
								"north": {"uv": [182, 167], "uv_size": [7.25, 1.75]},
								"east": {"uv": [140, 49], "uv_size": [27, 1.75]},
								"south": {"uv": [168, 182], "uv_size": [7.25, 1.75]},
								"west": {"uv": [141, 28], "uv_size": [27, 1.75]},
								"up": {"uv": [0, 58], "uv_size": [7.25, 27]},
								"down": {"uv": [8, 85], "uv_size": [7.25, -27]}
							}
						},
						{
							"origin": [-75.05635, 180.56497, -98.79028],
							"size": [7.24173, 1.70394, 27.04998],
							"uv": {
								"north": {"uv": [176, 182], "uv_size": [7.25, 1.75]},
								"east": {"uv": [142, 115], "uv_size": [27, 1.75]},
								"south": {"uv": [36, 183], "uv_size": [7.25, 1.75]},
								"west": {"uv": [142, 117], "uv_size": [27, 1.75]},
								"up": {"uv": [16, 58], "uv_size": [7.25, 27]},
								"down": {"uv": [24, 85], "uv_size": [7.25, -27]}
							}
						},
						{
							"origin": [-54.70805, 189.83597, -98.79028],
							"size": [7.24173, 1.70394, 27.04998],
							"pivot": [-43.84546, 168.43028, -90.80308],
							"rotation": [0, 0, -60],
							"uv": {
								"north": {"uv": [183, 40], "uv_size": [7.25, 1.75]},
								"east": {"uv": [147, 95], "uv_size": [27, 1.75]},
								"south": {"uv": [61, 183], "uv_size": [7.25, 1.75]},
								"west": {"uv": [149, 26], "uv_size": [27, 1.75]},
								"up": {"uv": [32, 58], "uv_size": [7.25, 27]},
								"down": {"uv": [40, 85], "uv_size": [7.25, -27]}
							}
						},
						{
							"origin": [-95.40465, 189.83597, -98.79028],
							"size": [7.24173, 1.70394, 27.04998],
							"pivot": [-99.02551, 168.43028, -90.80308],
							"rotation": [0, 0, 60],
							"uv": {
								"north": {"uv": [183, 68], "uv_size": [7.25, 1.75]},
								"east": {"uv": [142, 149], "uv_size": [27, 1.75]},
								"south": {"uv": [69, 183], "uv_size": [7.25, 1.75]},
								"west": {"uv": [150, 42], "uv_size": [27, 1.75]},
								"up": {"uv": [62, 14], "uv_size": [7.25, 27]},
								"down": {"uv": [62, 68], "uv_size": [7.25, -27]}
							}
						},
						{
							"origin": [-75.05635, 169.72586, -98.79028],
							"size": [7.24173, 1.70394, 27.04998],
							"uv": {
								"north": {"uv": [183, 70], "uv_size": [7.25, 1.75]},
								"east": {"uv": [150, 44], "uv_size": [27, 1.75]},
								"south": {"uv": [183, 72], "uv_size": [7.25, 1.75]},
								"west": {"uv": [150, 46], "uv_size": [27, 1.75]},
								"up": {"uv": [48, 68], "uv_size": [7.25, 27]},
								"down": {"uv": [56, 95], "uv_size": [7.25, -27]}
							}
						},
						{
							"origin": [-75.18947, 171.42979, -98.2578],
							"size": [7.37485, 9.45152, 0],
							"uv": {
								"north": {"uv": [47, 136], "uv_size": [7.25, 9.5]},
								"east": {"uv": [0, 0], "uv_size": [0, 9.5]},
								"south": {"uv": [55, 136], "uv_size": [7.25, 9.5]},
								"west": {"uv": [0, 0], "uv_size": [0, 9.5]},
								"up": {"uv": [0, 0], "uv_size": [7.25, 0]},
								"down": {"uv": [0, 0], "uv_size": [7.25, 0]}
							}
						},
						{
							"origin": [-76.78691, 173.42659, -98.2578],
							"size": [10.70285, 5.72416, 0],
							"uv": {
								"north": {"uv": [139, 126], "uv_size": [10.75, 5.75]},
								"east": {"uv": [0, 0], "uv_size": [0, 5.75]},
								"south": {"uv": [30, 140], "uv_size": [10.75, 5.75]},
								"west": {"uv": [0, 0], "uv_size": [0, 5.75]},
								"up": {"uv": [0, 0], "uv_size": [10.75, 0]},
								"down": {"uv": [0, 0], "uv_size": [10.75, 0]}
							}
						},
						{
							"origin": [-75.05635, 169.72586, -16.92148],
							"size": [7.24173, 1.70394, 8.28006],
							"uv": {
								"north": {"uv": [134, 184], "uv_size": [7.25, 1.75]},
								"east": {"uv": [61, 181], "uv_size": [8.25, 1.75]},
								"south": {"uv": [142, 184], "uv_size": [7.25, 1.75]},
								"west": {"uv": [70, 181], "uv_size": [8.25, 1.75]},
								"up": {"uv": [0, 141], "uv_size": [7.25, 8.25]},
								"down": {"uv": [8, 149.25], "uv_size": [7.25, -8.25]}
							}
						},
						{
							"origin": [-95.40465, 189.83597, -16.92148],
							"size": [7.24173, 1.70394, 8.28006],
							"pivot": [-99.02551, 168.43028, -12.12916],
							"rotation": [0, 0, 60],
							"uv": {
								"north": {"uv": [184, 143], "uv_size": [7.25, 1.75]},
								"east": {"uv": [94, 181], "uv_size": [8.25, 1.75]},
								"south": {"uv": [184, 145], "uv_size": [7.25, 1.75]},
								"west": {"uv": [103, 181], "uv_size": [8.25, 1.75]},
								"up": {"uv": [16, 141], "uv_size": [7.25, 8.25]},
								"down": {"uv": [141, 27.25], "uv_size": [7.25, -8.25]}
							}
						},
						{
							"origin": [-54.70805, 189.83597, -16.92148],
							"size": [7.24173, 1.70394, 8.28006],
							"pivot": [-43.84546, 168.43028, -12.12916],
							"rotation": [0, 0, -60],
							"uv": {
								"north": {"uv": [150, 184], "uv_size": [7.25, 1.75]},
								"east": {"uv": [181, 161], "uv_size": [8.25, 1.75]},
								"south": {"uv": [158, 184], "uv_size": [7.25, 1.75]},
								"west": {"uv": [181, 163], "uv_size": [8.25, 1.75]},
								"up": {"uv": [142, 78], "uv_size": [7.25, 8.25]},
								"down": {"uv": [142, 105.25], "uv_size": [7.25, -8.25]}
							}
						},
						{
							"origin": [-75.05635, 180.56497, -16.92148],
							"size": [7.24173, 1.70394, 8.28006],
							"uv": {
								"north": {"uv": [166, 184], "uv_size": [7.25, 1.75]},
								"east": {"uv": [181, 165], "uv_size": [8.25, 1.75]},
								"south": {"uv": [174, 184], "uv_size": [7.25, 1.75]},
								"west": {"uv": [182, 0], "uv_size": [8.25, 1.75]},
								"up": {"uv": [142, 106], "uv_size": [7.25, 8.25]},
								"down": {"uv": [63, 151.25], "uv_size": [7.25, -8.25]}
							}
						},
						{
							"origin": [-54.70805, 160.45482, -16.92148],
							"size": [7.24173, 1.70394, 8.28006],
							"pivot": [-43.84546, 183.56445, -12.12916],
							"rotation": [0, 0, 60],
							"uv": {
								"north": {"uv": [184, 177], "uv_size": [7.25, 1.75]},
								"east": {"uv": [182, 2], "uv_size": [8.25, 1.75]},
								"south": {"uv": [182, 184], "uv_size": [7.25, 1.75]},
								"west": {"uv": [4, 182], "uv_size": [8.25, 1.75]},
								"up": {"uv": [145, 0], "uv_size": [7.25, 8.25]},
								"down": {"uv": [145, 148.25], "uv_size": [7.25, -8.25]}
							}
						},
						{
							"origin": [-95.40465, 160.45482, -16.92148],
							"size": [7.24173, 1.70394, 8.28006],
							"pivot": [-99.02551, 183.56445, -12.12916],
							"rotation": [0, 0, -60],
							"uv": {
								"north": {"uv": [184, 182], "uv_size": [7.25, 1.75]},
								"east": {"uv": [182, 4], "uv_size": [8.25, 1.75]},
								"south": {"uv": [185, 34], "uv_size": [7.25, 1.75]},
								"west": {"uv": [182, 6], "uv_size": [8.25, 1.75]},
								"up": {"uv": [24, 146], "uv_size": [7.25, 8.25]},
								"down": {"uv": [32, 154.25], "uv_size": [7.25, -8.25]}
							}
						},
						{
							"origin": [-74.862, 170.20775, -34.75956],
							"size": [6.51756, 1.53354, 19.02019],
							"uv": {
								"north": {"uv": [186, 25], "uv_size": [6.5, 1.5]},
								"east": {"uv": [134, 166], "uv_size": [19, 1.5]},
								"south": {"uv": [186, 42], "uv_size": [6.5, 1.5]},
								"west": {"uv": [167, 50], "uv_size": [19, 1.5]},
								"up": {"uv": [82, 98], "uv_size": [6.5, 19]},
								"down": {"uv": [89, 117], "uv_size": [6.5, -19]}
							}
						},
						{
							"origin": [-93.17547, 188.30688, -34.75956],
							"size": [6.51756, 1.53354, 19.02019],
							"pivot": [-96.43425, 169.04175, -27.57108],
							"rotation": [0, 0, 60],
							"uv": {
								"north": {"uv": [186, 44], "uv_size": [6.5, 1.5]},
								"east": {"uv": [168, 10], "uv_size": [19, 1.5]},
								"south": {"uv": [186, 46], "uv_size": [6.5, 1.5]},
								"west": {"uv": [168, 12], "uv_size": [19, 1.5]},
								"up": {"uv": [96, 98], "uv_size": [6.5, 19]},
								"down": {"uv": [100, 51], "uv_size": [6.5, -19]}
							}
						},
						{
							"origin": [-56.54852, 188.30688, -34.75956],
							"size": [6.51756, 1.53354, 19.02019],
							"pivot": [-46.77219, 169.04175, -27.57108],
							"rotation": [0, 0, -60],
							"uv": {
								"north": {"uv": [186, 50], "uv_size": [6.5, 1.5]},
								"east": {"uv": [168, 14], "uv_size": [19, 1.5]},
								"south": {"uv": [186, 77], "uv_size": [6.5, 1.5]},
								"west": {"uv": [168, 16], "uv_size": [19, 1.5]},
								"up": {"uv": [102, 51], "uv_size": [6.5, 19]},
								"down": {"uv": [102, 89], "uv_size": [6.5, -19]}
							}
						},
						{
							"origin": [-74.862, 179.96294, -34.75956],
							"size": [6.51756, 1.53354, 19.02019],
							"uv": {
								"north": {"uv": [186, 79], "uv_size": [6.5, 1.5]},
								"east": {"uv": [168, 28], "uv_size": [19, 1.5]},
								"south": {"uv": [186, 81], "uv_size": [6.5, 1.5]},
								"west": {"uv": [168, 52], "uv_size": [19, 1.5]},
								"up": {"uv": [103, 89], "uv_size": [6.5, 19]},
								"down": {"uv": [107, 51], "uv_size": [6.5, -19]}
							}
						},
						{
							"origin": [-56.54852, 161.86384, -34.75956],
							"size": [6.51756, 1.53354, 19.02019],
							"pivot": [-46.77219, 182.66251, -27.57108],
							"rotation": [0, 0, 60],
							"uv": {
								"north": {"uv": [186, 83], "uv_size": [6.5, 1.5]},
								"east": {"uv": [168, 54], "uv_size": [19, 1.5]},
								"south": {"uv": [186, 94], "uv_size": [6.5, 1.5]},
								"west": {"uv": [168, 56], "uv_size": [19, 1.5]},
								"up": {"uv": [40, 107], "uv_size": [6.5, 19]},
								"down": {"uv": [103, 127], "uv_size": [6.5, -19]}
							}
						},
						{
							"origin": [-93.17547, 161.86384, -34.75956],
							"size": [6.51756, 1.53354, 19.02019],
							"pivot": [-96.43425, 182.66251, -27.57108],
							"rotation": [0, 0, -60],
							"uv": {
								"north": {"uv": [186, 96], "uv_size": [6.5, 1.5]},
								"east": {"uv": [168, 58], "uv_size": [19, 1.5]},
								"south": {"uv": [110, 186], "uv_size": [6.5, 1.5]},
								"west": {"uv": [168, 60], "uv_size": [19, 1.5]},
								"up": {"uv": [109, 51], "uv_size": [6.5, 19]},
								"down": {"uv": [109, 89], "uv_size": [6.5, -19]}
							}
						},
						{
							"origin": [-93.17547, 161.86384, -82.68276],
							"size": [6.51756, 1.53354, 19.02019],
							"pivot": [-96.43425, 182.66251, -75.49428],
							"rotation": [0, 0, -60],
							"uv": {
								"north": {"uv": [187, 12], "uv_size": [6.5, 1.5]},
								"east": {"uv": [168, 62], "uv_size": [19, 1.5]},
								"south": {"uv": [187, 14], "uv_size": [6.5, 1.5]},
								"west": {"uv": [168, 126], "uv_size": [19, 1.5]},
								"up": {"uv": [110, 89], "uv_size": [6.5, 19]},
								"down": {"uv": [110, 127], "uv_size": [6.5, -19]}
							}
						},
						{
							"origin": [-56.54852, 161.86384, -82.68276],
							"size": [6.51756, 1.53354, 19.02019],
							"pivot": [-46.77219, 182.66251, -75.49428],
							"rotation": [0, 0, 60],
							"uv": {
								"north": {"uv": [187, 16], "uv_size": [6.5, 1.5]},
								"east": {"uv": [168, 128], "uv_size": [19, 1.5]},
								"south": {"uv": [187, 27], "uv_size": [6.5, 1.5]},
								"west": {"uv": [134, 168], "uv_size": [19, 1.5]},
								"up": {"uv": [0, 112], "uv_size": [6.5, 19]},
								"down": {"uv": [112, 19], "uv_size": [6.5, -19]}
							}
						},
						{
							"origin": [-74.862, 179.96294, -82.68276],
							"size": [6.51756, 1.53354, 19.02019],
							"uv": {
								"north": {"uv": [187, 52], "uv_size": [6.5, 1.5]},
								"east": {"uv": [153, 168], "uv_size": [19, 1.5]},
								"south": {"uv": [187, 54], "uv_size": [6.5, 1.5]},
								"west": {"uv": [169, 30], "uv_size": [19, 1.5]},
								"up": {"uv": [7, 112], "uv_size": [6.5, 19]},
								"down": {"uv": [14, 131], "uv_size": [6.5, -19]}
							}
						},
						{
							"origin": [-56.54852, 188.30688, -82.68276],
							"size": [6.51756, 1.53354, 19.02019],
							"pivot": [-46.77219, 169.04175, -75.49428],
							"rotation": [0, 0, -60],
							"uv": {
								"north": {"uv": [187, 56], "uv_size": [6.5, 1.5]},
								"east": {"uv": [169, 32], "uv_size": [19, 1.5]},
								"south": {"uv": [187, 58], "uv_size": [6.5, 1.5]},
								"west": {"uv": [99, 169], "uv_size": [19, 1.5]},
								"up": {"uv": [21, 112], "uv_size": [6.5, 19]},
								"down": {"uv": [28, 131], "uv_size": [6.5, -19]}
							}
						},
						{
							"origin": [-93.17547, 188.30688, -82.68276],
							"size": [6.51756, 1.53354, 19.02019],
							"pivot": [-96.43425, 169.04175, -75.49428],
							"rotation": [0, 0, 60],
							"uv": {
								"north": {"uv": [187, 60], "uv_size": [6.5, 1.5]},
								"east": {"uv": [169, 115], "uv_size": [19, 1.5]},
								"south": {"uv": [187, 62], "uv_size": [6.5, 1.5]},
								"west": {"uv": [169, 117], "uv_size": [19, 1.5]},
								"up": {"uv": [114, 19], "uv_size": [6.5, 19]},
								"down": {"uv": [116, 57], "uv_size": [6.5, -19]}
							}
						},
						{
							"origin": [-74.862, 170.20775, -82.68276],
							"size": [6.51756, 1.53354, 19.02019],
							"uv": {
								"north": {"uv": [94, 187], "uv_size": [6.5, 1.5]},
								"east": {"uv": [169, 119], "uv_size": [19, 1.5]},
								"south": {"uv": [187, 98], "uv_size": [6.5, 1.5]},
								"west": {"uv": [169, 121], "uv_size": [19, 1.5]},
								"up": {"uv": [116, 57], "uv_size": [6.5, 19]},
								"down": {"uv": [47, 136], "uv_size": [6.5, -19]}
							}
						},
						{
							"origin": [-74.31088, 181.14609, -70.49586],
							"size": [5.72416, 2.12992, 10.6496],
							"uv": {
								"north": {"uv": [125, 156], "uv_size": [5.75, 2.25]},
								"east": {"uv": [169, 151], "uv_size": [10.75, 2.25]},
								"south": {"uv": [67, 172], "uv_size": [5.75, 2.25]},
								"west": {"uv": [169, 154], "uv_size": [10.75, 2.25]},
								"up": {"uv": [72, 140], "uv_size": [5.75, 10.75]},
								"down": {"uv": [78, 150.75], "uv_size": [5.75, -10.75]}
							}
						},
						{
							"origin": [-74.31088, 182.07793, -58.7813],
							"size": [5.72416, 2.39616, 10.6496],
							"uv": {
								"north": {"uv": [82, 95], "uv_size": [5.75, 2.5]},
								"east": {"uv": [108, 166], "uv_size": [10.75, 2.5]},
								"south": {"uv": [24, 141], "uv_size": [5.75, 2.5]},
								"west": {"uv": [43, 168], "uv_size": [10.75, 2.5]},
								"up": {"uv": [84, 140], "uv_size": [5.75, 10.75]},
								"down": {"uv": [90, 150.75], "uv_size": [5.75, -10.75]}
							}
						},
						{
							"origin": [-74.17776, 184.47409, -55.32018],
							"size": [5.45792, 2.12992, 5.45792],
							"uv": {
								"north": {"uv": [36, 185], "uv_size": [5.5, 2.25]},
								"east": {"uv": [185, 36], "uv_size": [5.5, 2.25]},
								"south": {"uv": [61, 185], "uv_size": [5.5, 2.25]},
								"west": {"uv": [67, 185], "uv_size": [5.5, 2.25]},
								"up": {"uv": [123, 70], "uv_size": [5.5, 5.5]},
								"down": {"uv": [20, 170.5], "uv_size": [5.5, -5.5]}
							}
						},
						{
							"origin": [-74.71024, 185.67217, -55.85266],
							"size": [6.52288, 1.73056, 6.52288],
							"uv": {
								"north": {"uv": [185, 88], "uv_size": [6.5, 1.75]},
								"east": {"uv": [185, 90], "uv_size": [6.5, 1.75]},
								"south": {"uv": [185, 92], "uv_size": [6.5, 1.75]},
								"west": {"uv": [94, 185], "uv_size": [6.5, 1.75]},
								"up": {"uv": [155, 161], "uv_size": [6.5, 6.5]},
								"down": {"uv": [89, 168.5], "uv_size": [6.5, -6.5]}
							}
						},
						{
							"origin": [-82.83056, 192.06193, -58.7813],
							"size": [5.72416, 2.39616, 10.6496],
							"pivot": [-71.4488, 184.90673, -53.02386],
							"rotation": [0, 0, -90],
							"uv": {
								"north": {"uv": [18, 150], "uv_size": [5.75, 2.5]},
								"east": {"uv": [169, 123], "uv_size": [10.75, 2.5]},
								"south": {"uv": [99, 156], "uv_size": [5.75, 2.5]},
								"west": {"uv": [169, 148], "uv_size": [10.75, 2.5]},
								"up": {"uv": [123, 140], "uv_size": [5.75, 10.75]},
								"down": {"uv": [129, 150.75], "uv_size": [5.75, -10.75]}
							}
						},
						{
							"origin": [-82.69744, 194.45809, -55.32018],
							"size": [5.45792, 2.12992, 5.45792],
							"pivot": [-71.4488, 184.90673, -53.02386],
							"rotation": [0, 0, -90],
							"uv": {
								"north": {"uv": [73, 185], "uv_size": [5.5, 2.25]},
								"east": {"uv": [185, 74], "uv_size": [5.5, 2.25]},
								"south": {"uv": [79, 185], "uv_size": [5.5, 2.25]},
								"west": {"uv": [87, 185], "uv_size": [5.5, 2.25]},
								"up": {"uv": [26, 165], "uv_size": [5.5, 5.5]},
								"down": {"uv": [67, 171.5], "uv_size": [5.5, -5.5]}
							}
						},
						{
							"origin": [-83.22992, 195.65617, -55.85266],
							"size": [6.52288, 1.73056, 6.52288],
							"pivot": [-71.4488, 184.90673, -53.02386],
							"rotation": [0, 0, -90],
							"uv": {
								"north": {"uv": [101, 185], "uv_size": [6.5, 1.75]},
								"east": {"uv": [185, 157], "uv_size": [6.5, 1.75]},
								"south": {"uv": [185, 159], "uv_size": [6.5, 1.75]},
								"west": {"uv": [185, 179], "uv_size": [6.5, 1.75]},
								"up": {"uv": [162, 119], "uv_size": [6.5, 6.5]},
								"down": {"uv": [162, 157.5], "uv_size": [6.5, -6.5]}
							}
						},
						{
							"origin": [-76.04144, 168.02192, -60.9842],
							"size": [9.05216, 2.12992, 28.48768],
							"uv": {
								"north": {"uv": [20, 174], "uv_size": [9, 2.25]},
								"east": {"uv": [131, 64], "uv_size": [28.5, 2.25]},
								"south": {"uv": [174, 172], "uv_size": [9, 2.25]},
								"west": {"uv": [131, 67], "uv_size": [28.5, 2.25]},
								"up": {"uv": [0, 0], "uv_size": [9, 28.5]},
								"down": {"uv": [9, 28.5], "uv_size": [9, -28.5]}
							}
						},
						{
							"origin": [-66.19056, 163.49584, -62.44852],
							"size": [1.59744, 8.78592, 22.09792],
							"pivot": [-64.59312, 160.83344, -56.325],
							"rotation": [0, 0, -32.5],
							"uv": {
								"north": {"uv": [32, 178], "uv_size": [1.5, 8.75]},
								"east": {"uv": [86, 14], "uv_size": [22, 8.75]},
								"south": {"uv": [54, 178], "uv_size": [1.5, 8.75]},
								"west": {"uv": [86, 23], "uv_size": [22, 8.75]},
								"up": {"uv": [36, 160], "uv_size": [1.5, 22]},
								"down": {"uv": [18, 187], "uv_size": [1.5, -22]}
							}
						},
						{
							"origin": [-66.19056, 160.83344, -41.0162],
							"size": [1.59744, 9.58464, 7.3216],
							"pivot": [-64.59312, 160.83344, -56.325],
							"rotation": [0, 0, -32.5],
							"uv": {
								"north": {"uv": [52, 173], "uv_size": [1.5, 9.5]},
								"east": {"uv": [107, 137], "uv_size": [7.25, 9.5]},
								"south": {"uv": [15, 177], "uv_size": [1.5, 9.5]},
								"west": {"uv": [115, 137], "uv_size": [7.25, 9.5]},
								"up": {"uv": [10, 186], "uv_size": [1.5, 7.25]},
								"down": {"uv": [20, 193.25], "uv_size": [1.5, -7.25]}
							}
						},
						{
							"origin": [-64.59312, 160.83344, -34.62644],
							"size": [2.92864, 9.58464, 0.93184],
							"pivot": [-64.59312, 160.83344, -56.325],
							"rotation": [0, 0, -32.5],
							"uv": {
								"north": {"uv": [73, 166], "uv_size": [3, 9.5]},
								"east": {"uv": [12, 184], "uv_size": [1, 9.5]},
								"south": {"uv": [76, 166], "uv_size": [3, 9.5]},
								"west": {"uv": [27, 186], "uv_size": [1, 9.5]},
								"up": {"uv": [48, 67], "uv_size": [3, 1]},
								"down": {"uv": [51, 68], "uv_size": [3, -1]}
							}
						},
						{
							"origin": [-66.19056, 160.83344, -69.77012],
							"size": [1.59744, 11.44832, 7.3216],
							"pivot": [-64.59312, 160.83344, -56.325],
							"rotation": [0, 0, -32.5],
							"uv": {
								"north": {"uv": [94, 169], "uv_size": [1.5, 11.5]},
								"east": {"uv": [131, 52], "uv_size": [7.25, 11.5]},
								"south": {"uv": [0, 171], "uv_size": [1.5, 11.5]},
								"west": {"uv": [64, 131], "uv_size": [7.25, 11.5]},
								"up": {"uv": [6, 186], "uv_size": [1.5, 7.25]},
								"down": {"uv": [8, 193.25], "uv_size": [1.5, -7.25]}
							}
						},
						{
							"origin": [-64.59312, 160.83344, -63.51348],
							"size": [2.92864, 11.18208, 0.93184],
							"pivot": [-64.59312, 160.83344, -56.325],
							"rotation": [0, 0, -32.5],
							"uv": {
								"north": {"uv": [131, 164], "uv_size": [3, 11.25]},
								"east": {"uv": [45, 183], "uv_size": [1, 11.25]},
								"south": {"uv": [15, 165], "uv_size": [3, 11.25]},
								"west": {"uv": [46, 183], "uv_size": [1, 11.25]},
								"up": {"uv": [133, 126], "uv_size": [3, 1]},
								"down": {"uv": [136, 127], "uv_size": [3, -1]}
							}
						},
						{
							"origin": [-64.59312, 160.83344, -69.90324],
							"size": [2.92864, 11.18208, 0.93184],
							"pivot": [-64.59312, 160.83344, -56.325],
							"rotation": [0, 0, -32.5],
							"uv": {
								"north": {"uv": [125, 164], "uv_size": [3, 11.25]},
								"east": {"uv": [56, 178], "uv_size": [1, 11.25]},
								"south": {"uv": [128, 164], "uv_size": [3, 11.25]},
								"west": {"uv": [44, 183], "uv_size": [1, 11.25]},
								"up": {"uv": [35, 125], "uv_size": [3, 1]},
								"down": {"uv": [99, 127], "uv_size": [3, -1]}
							}
						},
						{
							"origin": [-64.59312, 160.83344, -41.0162],
							"size": [2.92864, 9.58464, 0.93184],
							"pivot": [-64.59312, 160.83344, -56.325],
							"rotation": [0, 0, -32.5],
							"uv": {
								"north": {"uv": [79, 166], "uv_size": [3, 9.5]},
								"east": {"uv": [2, 187], "uv_size": [1, 9.5]},
								"south": {"uv": [82, 166], "uv_size": [3, 9.5]},
								"west": {"uv": [3, 187], "uv_size": [1, 9.5]},
								"up": {"uv": [35, 123], "uv_size": [3, 1]},
								"down": {"uv": [35, 125], "uv_size": [3, -1]}
							}
						},
						{
							"origin": [-76.04144, 168.02192, -9.0674],
							"size": [9.05216, 2.12992, 4.12672],
							"uv": {
								"north": {"uv": [177, 83], "uv_size": [9, 2.25]},
								"east": {"uv": [188, 21], "uv_size": [4.25, 2.25]},
								"south": {"uv": [177, 95], "uv_size": [9, 2.25]},
								"west": {"uv": [188, 29], "uv_size": [4.25, 2.25]},
								"up": {"uv": [164, 86], "uv_size": [9, 4.25]},
								"down": {"uv": [99, 168.25], "uv_size": [9, -4.25]}
							}
						},
						{
							"origin": [-76.3343, 167.36963, -5.65953],
							"size": [9.95738, 2.34291, 9.86419],
							"uv": {
								"north": {"uv": [20, 171], "uv_size": [10, 2.25]},
								"east": {"uv": [144, 172], "uv_size": [9.75, 2.25]},
								"south": {"uv": [171, 161], "uv_size": [10, 2.25]},
								"west": {"uv": [154, 172], "uv_size": [9.75, 2.25]},
								"up": {"uv": [54, 126], "uv_size": [10, 9.75]},
								"down": {"uv": [127, 9.75], "uv_size": [10, -9.75]}
							}
						},
						{
							"origin": [-48.35538, 195.02105, -5.65953],
							"size": [9.95738, 2.34291, 9.86419],
							"pivot": [-33.41932, 165.58822, -5.65953],
							"rotation": [0, 0, -60],
							"uv": {
								"north": {"uv": [171, 164], "uv_size": [10, 2.25]},
								"east": {"uv": [164, 172], "uv_size": [9.75, 2.25]},
								"south": {"uv": [172, 0], "uv_size": [10, 2.25]},
								"west": {"uv": [172, 167], "uv_size": [9.75, 2.25]},
								"up": {"uv": [99, 127], "uv_size": [10, 9.75]},
								"down": {"uv": [109, 136.75], "uv_size": [10, -9.75]}
							}
						},
						{
							"origin": [-48.35538, 154.62198, -5.65953],
							"size": [9.95738, 2.34291, 9.86419],
							"pivot": [-33.41932, 186.39772, -5.65953],
							"rotation": [0, 0, 60],
							"uv": {
								"north": {"uv": [172, 3], "uv_size": [10, 2.25]},
								"east": {"uv": [40, 173], "uv_size": [9.75, 2.25]},
								"south": {"uv": [172, 6], "uv_size": [10, 2.25]},
								"west": {"uv": [173, 68], "uv_size": [9.75, 2.25]},
								"up": {"uv": [119, 127], "uv_size": [10, 9.75]},
								"down": {"uv": [129, 19.75], "uv_size": [10, -9.75]}
							}
						},
						{
							"origin": [-76.3343, 182.2734, -5.65953],
							"size": [9.95738, 2.34291, 9.86419],
							"uv": {
								"north": {"uv": [134, 172], "uv_size": [10, 2.25]},
								"east": {"uv": [173, 71], "uv_size": [9.75, 2.25]},
								"south": {"uv": [172, 135], "uv_size": [10, 2.25]},
								"west": {"uv": [173, 86], "uv_size": [9.75, 2.25]},
								"up": {"uv": [129, 70], "uv_size": [10, 9.75]},
								"down": {"uv": [129, 136.75], "uv_size": [10, -9.75]}
							}
						},
						{
							"origin": [-104.31323, 152.49206, -5.65953],
							"size": [9.95738, 4.47283, 9.86419],
							"pivot": [-109.29191, 186.39772, -5.65953],
							"rotation": [0, 0, -60],
							"uv": {
								"north": {"uv": [151, 36], "uv_size": [10, 4.5]},
								"east": {"uv": [135, 161], "uv_size": [9.75, 4.5]},
								"south": {"uv": [71, 151], "uv_size": [10, 4.5]},
								"west": {"uv": [145, 161], "uv_size": [9.75, 4.5]},
								"up": {"uv": [0, 131], "uv_size": [10, 9.75]},
								"down": {"uv": [10, 140.75], "uv_size": [10, -9.75]}
							}
						},
						{
							"origin": [-104.31323, 195.02105, -5.65953],
							"size": [9.95738, 2.34291, 9.86419],
							"pivot": [-109.29191, 165.58822, -5.65953],
							"rotation": [0, 0, 60],
							"uv": {
								"north": {"uv": [172, 138], "uv_size": [10, 2.25]},
								"east": {"uv": [99, 173], "uv_size": [9.75, 2.25]},
								"south": {"uv": [172, 141], "uv_size": [10, 2.25]},
								"west": {"uv": [109, 173], "uv_size": [9.75, 2.25]},
								"up": {"uv": [20, 131], "uv_size": [10, 9.75]},
								"down": {"uv": [131, 29.75], "uv_size": [10, -9.75]}
							}
						},
						{
							"origin": [-75.05635, 169.72586, 1.5822],
							"size": [7.24173, 1.70394, 27.04998],
							"uv": {
								"north": {"uv": [77, 183], "uv_size": [7.25, 1.75]},
								"east": {"uv": [150, 78], "uv_size": [27, 1.75]},
								"south": {"uv": [183, 86], "uv_size": [7.25, 1.75]},
								"west": {"uv": [150, 80], "uv_size": [27, 1.75]},
								"up": {"uv": [64, 68], "uv_size": [7.25, 27]},
								"down": {"uv": [70, 41], "uv_size": [7.25, -27]}
							}
						},
						{
							"origin": [-66.58992, 158.96976, -32.49652],
							"size": [7.9872, 7.9872, 5.72416],
							"uv": {
								"north": {"uv": [139, 70], "uv_size": [8, 8]},
								"east": {"uv": [6, 150], "uv_size": [5.75, 8]},
								"south": {"uv": [139, 89], "uv_size": [8, 8]},
								"west": {"uv": [12, 150], "uv_size": [5.75, 8]},
								"up": {"uv": [150, 126], "uv_size": [8, 5.75]},
								"down": {"uv": [151, 35.75], "uv_size": [8, -5.75]}
							}
						},
						{
							"origin": [-66.85616, 158.70352, -28.10356],
							"size": [8.51968, 8.51968, 1.86368],
							"uv": {
								"north": {"uv": [133, 102], "uv_size": [8.5, 8.5]},
								"east": {"uv": [30, 171], "uv_size": [1.75, 8.5]},
								"south": {"uv": [133, 111], "uv_size": [8.5, 8.5]},
								"west": {"uv": [50, 173], "uv_size": [1.75, 8.5]},
								"up": {"uv": [176, 180], "uv_size": [8.5, 1.75]},
								"down": {"uv": [38, 182.75], "uv_size": [8.5, -1.75]}
							}
						},
						{
							"origin": [-67.1224, 158.43728, -34.62644],
							"size": [9.05216, 9.05216, 0.93184],
							"uv": {
								"north": {"uv": [72, 131], "uv_size": [9, 9]},
								"east": {"uv": [102, 89], "uv_size": [1, 9]},
								"south": {"uv": [81, 131], "uv_size": [9, 9]},
								"west": {"uv": [34, 131], "uv_size": [1, 9]},
								"up": {"uv": [139, 136], "uv_size": [9, 1]},
								"down": {"uv": [140, 52], "uv_size": [9, -1]}
							}
						},
						{
							"origin": [-66.05744, 159.50224, -40.08436],
							"size": [6.92224, 6.92224, 7.58784],
							"uv": {
								"north": {"uv": [135, 147], "uv_size": [7, 7]},
								"east": {"uv": [47, 146], "uv_size": [7.5, 7]},
								"south": {"uv": [149, 19], "uv_size": [7, 7]},
								"west": {"uv": [55, 146], "uv_size": [7.5, 7]},
								"up": {"uv": [147, 70], "uv_size": [7, 7.5]},
								"down": {"uv": [147, 94.5], "uv_size": [7, -7.5]}
							}
						},
						{
							"origin": [-67.1224, 158.43728, -41.0162],
							"size": [9.05216, 9.05216, 0.93184],
							"uv": {
								"north": {"uv": [90, 131], "uv_size": [9, 9]},
								"east": {"uv": [15, 187], "uv_size": [1, 9]},
								"south": {"uv": [133, 80], "uv_size": [9, 9]},
								"west": {"uv": [16, 187], "uv_size": [1, 9]},
								"up": {"uv": [142, 119], "uv_size": [9, 1]},
								"down": {"uv": [149, 52], "uv_size": [9, -1]}
							}
						},
						{
							"origin": [-65.7912, 154.52209, -73.95698],
							"size": [5.72416, 8.78592, 12.77952],
							"uv": {
								"north": {"uv": [48, 58], "uv_size": [5.75, 8.75]},
								"east": {"uv": [116, 76], "uv_size": [12.75, 8.75]},
								"south": {"uv": [99, 147], "uv_size": [5.75, 8.75]},
								"west": {"uv": [54, 117], "uv_size": [12.75, 8.75]},
								"up": {"uv": [108, 19], "uv_size": [5.75, 12.75]},
								"down": {"uv": [133, 101.75], "uv_size": [5.75, -12.75]}
							}
						},
						{
							"origin": [-95.40465, 189.83597, 1.5822],
							"size": [7.24173, 1.70394, 27.04998],
							"pivot": [-99.02551, 168.43028, 9.5694],
							"rotation": [0, 0, 60],
							"uv": {
								"north": {"uv": [94, 183], "uv_size": [7.25, 1.75]},
								"east": {"uv": [150, 82], "uv_size": [27, 1.75]},
								"south": {"uv": [102, 183], "uv_size": [7.25, 1.75]},
								"west": {"uv": [150, 84], "uv_size": [27, 1.75]},
								"up": {"uv": [70, 41], "uv_size": [7.25, 27]},
								"down": {"uv": [72, 95], "uv_size": [7.25, -27]}
							}
						},
						{
							"origin": [-54.70805, 189.83597, 1.5822],
							"size": [7.24173, 1.70394, 27.04998],
							"pivot": [-43.84546, 168.43028, 9.5694],
							"rotation": [0, 0, -60],
							"uv": {
								"north": {"uv": [183, 172], "uv_size": [7.25, 1.75]},
								"east": {"uv": [150, 97], "uv_size": [27, 1.75]},
								"south": {"uv": [4, 184], "uv_size": [7.25, 1.75]},
								"west": {"uv": [150, 99], "uv_size": [27, 1.75]},
								"up": {"uv": [78, 14], "uv_size": [7.25, 27]},
								"down": {"uv": [78, 68], "uv_size": [7.25, -27]}
							}
						},
						{
							"origin": [-75.05635, 180.56497, 1.5822],
							"size": [7.24173, 1.70394, 27.04998],
							"uv": {
								"north": {"uv": [20, 184], "uv_size": [7.25, 1.75]},
								"east": {"uv": [150, 101], "uv_size": [27, 1.75]},
								"south": {"uv": [184, 64], "uv_size": [7.25, 1.75]},
								"west": {"uv": [150, 103], "uv_size": [27, 1.75]},
								"up": {"uv": [80, 68], "uv_size": [7.25, 27]},
								"down": {"uv": [0, 112], "uv_size": [7.25, -27]}
							}
						},
						{
							"origin": [-54.70805, 160.45482, 1.5822],
							"size": [7.24173, 1.70394, 27.04998],
							"pivot": [-43.84546, 183.56445, 9.5694],
							"rotation": [0, 0, 60],
							"uv": {
								"north": {"uv": [184, 66], "uv_size": [7.25, 1.75]},
								"east": {"uv": [150, 105], "uv_size": [27, 1.75]},
								"south": {"uv": [110, 184], "uv_size": [7.25, 1.75]},
								"west": {"uv": [150, 107], "uv_size": [27, 1.75]},
								"up": {"uv": [8, 85], "uv_size": [7.25, 27]},
								"down": {"uv": [16, 112], "uv_size": [7.25, -27]}
							}
						},
						{
							"origin": [-95.40465, 160.45482, 1.5822],
							"size": [7.24173, 1.70394, 27.04998],
							"pivot": [-99.02551, 183.56445, 9.5694],
							"rotation": [0, 0, -60],
							"uv": {
								"north": {"uv": [118, 184], "uv_size": [7.25, 1.75]},
								"east": {"uv": [150, 109], "uv_size": [27, 1.75]},
								"south": {"uv": [126, 184], "uv_size": [7.25, 1.75]},
								"west": {"uv": [150, 111], "uv_size": [27, 1.75]},
								"up": {"uv": [24, 85], "uv_size": [7.25, 27]},
								"down": {"uv": [32, 112], "uv_size": [7.25, -27]}
							}
						},
						{
							"origin": [-65.65808, 139.268, -63.38867],
							"size": [2.12992, 20.50048, 0.94848],
							"pivot": [-63.52816, 141.2648, -85.07892],
							"rotation": [0, 0, 10],
							"uv": {
								"north": {"uv": [0, 150], "uv_size": [2.25, 20.5]},
								"east": {"uv": [86, 166], "uv_size": [1, 20.5]},
								"south": {"uv": [3, 150], "uv_size": [2.25, 20.5]},
								"west": {"uv": [57, 168], "uv_size": [1, 20.5]},
								"up": {"uv": [27, 145], "uv_size": [2.25, 1]},
								"down": {"uv": [142, 148], "uv_size": [2.25, -1]}
							}
						},
						{
							"origin": [-64.85936, 146.98896, -63.38036],
							"size": [2.26304, 12.77952, 0.93184],
							"uv": {
								"north": {"uv": [32, 165], "uv_size": [2.25, 12.75]},
								"east": {"uv": [39, 112], "uv_size": [1, 12.75]},
								"south": {"uv": [96, 165], "uv_size": [2.25, 12.75]},
								"west": {"uv": [49, 176], "uv_size": [1, 12.75]},
								"up": {"uv": [148, 9], "uv_size": [2.25, 1]},
								"down": {"uv": [148, 137], "uv_size": [2.25, -1]}
							}
						},
						{
							"origin": [-66.19056, 147.2552, -69.77012],
							"size": [1.59744, 13.57824, 7.3216],
							"uv": {
								"north": {"uv": [86, 54], "uv_size": [1.5, 13.5]},
								"east": {"uv": [125, 85], "uv_size": [7.25, 13.5]},
								"south": {"uv": [58, 168], "uv_size": [1.5, 13.5]},
								"west": {"uv": [125, 99], "uv_size": [7.25, 13.5]},
								"up": {"uv": [52, 183], "uv_size": [1.5, 7.25]},
								"down": {"uv": [42, 192.25], "uv_size": [1.5, -7.25]}
							}
						},
						{
							"origin": [-66.72304, 141.2648, -69.77843],
							"size": [2.12992, 15.9744, 0.94848],
							"pivot": [-64.59312, 141.2648, -56.325],
							"rotation": [0, 0, 10],
							"uv": {
								"north": {"uv": [61, 163], "uv_size": [2.25, 16]},
								"east": {"uv": [2, 171], "uv_size": [1, 16]},
								"south": {"uv": [64, 163], "uv_size": [2.25, 16]},
								"west": {"uv": [3, 171], "uv_size": [1, 16]},
								"up": {"uv": [142, 148], "uv_size": [2.25, 1]},
								"down": {"uv": [150, 49], "uv_size": [2.25, -1]}
							}
						},
						{
							"origin": [-104.31323, 152.49206, 31.08159],
							"size": [9.95738, 4.47283, 1.47763],
							"pivot": [-109.29191, 186.39772, 31.08159],
							"rotation": [0, 0, -60],
							"uv": {
								"north": {"uv": [81, 151], "uv_size": [10, 4.5]},
								"east": {"uv": [108, 14], "uv_size": [1.5, 4.5]},
								"south": {"uv": [121, 151], "uv_size": [10, 4.5]},
								"west": {"uv": [110, 14], "uv_size": [1.5, 4.5]},
								"up": {"uv": [172, 113], "uv_size": [10, 1.5]},
								"down": {"uv": [176, 27.5], "uv_size": [10, -1.5]}
							}
						},
						{
							"origin": [-104.31323, 195.02105, 31.08159],
							"size": [9.95738, 4.47283, 1.47763],
							"pivot": [-109.29191, 165.58822, 31.08159],
							"rotation": [0, 0, 60],
							"uv": {
								"north": {"uv": [142, 151], "uv_size": [10, 4.5]},
								"east": {"uv": [119, 14], "uv_size": [1.5, 4.5]},
								"south": {"uv": [152, 151], "uv_size": [10, 4.5]},
								"west": {"uv": [64, 126], "uv_size": [1.5, 4.5]},
								"up": {"uv": [176, 170], "uv_size": [10, 1.5]},
								"down": {"uv": [177, 99.5], "uv_size": [10, -1.5]}
							}
						},
						{
							"origin": [-76.3343, 167.36963, 31.08159],
							"size": [9.95738, 4.47283, 1.47763],
							"uv": {
								"north": {"uv": [153, 0], "uv_size": [10, 4.5]},
								"east": {"uv": [129, 80], "uv_size": [1.5, 4.5]},
								"south": {"uv": [153, 5], "uv_size": [10, 4.5]},
								"west": {"uv": [131, 80], "uv_size": [1.5, 4.5]},
								"up": {"uv": [177, 100], "uv_size": [10, 1.5]},
								"down": {"uv": [177, 103.5], "uv_size": [10, -1.5]}
							}
						},
						{
							"origin": [-48.35538, 195.02105, 31.08159],
							"size": [9.95738, 4.47283, 1.47763],
							"pivot": [-33.41932, 165.58822, 31.08159],
							"rotation": [0, 0, -60],
							"uv": {
								"north": {"uv": [47, 153], "uv_size": [10, 4.5]},
								"east": {"uv": [139, 97], "uv_size": [1.5, 4.5]},
								"south": {"uv": [57, 153], "uv_size": [10, 4.5]},
								"west": {"uv": [41, 140], "uv_size": [1.5, 4.5]},
								"up": {"uv": [177, 104], "uv_size": [10, 1.5]},
								"down": {"uv": [177, 107.5], "uv_size": [10, -1.5]}
							}
						},
						{
							"origin": [-48.35538, 152.49206, 31.08159],
							"size": [9.95738, 4.47283, 1.47763],
							"pivot": [-33.41932, 186.39772, 31.08159],
							"rotation": [0, 0, 60],
							"uv": {
								"north": {"uv": [153, 136], "uv_size": [10, 4.5]},
								"east": {"uv": [89, 156], "uv_size": [1.5, 4.5]},
								"south": {"uv": [153, 141], "uv_size": [10, 4.5]},
								"west": {"uv": [18, 187], "uv_size": [1.5, 4.5]},
								"up": {"uv": [177, 108], "uv_size": [10, 1.5]},
								"down": {"uv": [177, 111.5], "uv_size": [10, -1.5]}
							}
						},
						{
							"origin": [-76.3343, 180.14348, 31.08159],
							"size": [9.95738, 4.47283, 1.47763],
							"uv": {
								"north": {"uv": [154, 70], "uv_size": [10, 4.5]},
								"east": {"uv": [30, 187], "uv_size": [1.5, 4.5]},
								"south": {"uv": [154, 86], "uv_size": [10, 4.5]},
								"west": {"uv": [32, 187], "uv_size": [1.5, 4.5]},
								"up": {"uv": [178, 23], "uv_size": [10, 1.5]},
								"down": {"uv": [134, 179.5], "uv_size": [10, -1.5]}
							}
						},
						{
							"origin": [-104.31323, 152.49206, 34.01023],
							"size": [9.95738, 4.47283, 1.47763],
							"pivot": [-109.29191, 186.39772, 34.01023],
							"rotation": [0, 0, -60],
							"uv": {
								"north": {"uv": [105, 154], "uv_size": [10, 4.5]},
								"east": {"uv": [54, 187], "uv_size": [1.5, 4.5]},
								"south": {"uv": [131, 154], "uv_size": [10, 4.5]},
								"west": {"uv": [106, 187], "uv_size": [1.5, 4.5]},
								"up": {"uv": [144, 178], "uv_size": [10, 1.5]},
								"down": {"uv": [154, 179.5], "uv_size": [10, -1.5]}
							}
						},
						{
							"origin": [-104.31323, 195.02105, 34.01023],
							"size": [9.95738, 4.47283, 1.47763],
							"pivot": [-109.29191, 165.58822, 34.01023],
							"rotation": [0, 0, 60],
							"uv": {
								"north": {"uv": [18, 155], "uv_size": [10, 4.5]},
								"east": {"uv": [36, 188], "uv_size": [1.5, 4.5]},
								"south": {"uv": [28, 155], "uv_size": [10, 4.5]},
								"west": {"uv": [38, 188], "uv_size": [1.5, 4.5]},
								"up": {"uv": [164, 178], "uv_size": [10, 1.5]},
								"down": {"uv": [174, 179.5], "uv_size": [10, -1.5]}
							}
						},
						{
							"origin": [-76.3343, 167.36963, 34.01023],
							"size": [9.95738, 4.47283, 1.47763],
							"uv": {
								"north": {"uv": [156, 19], "uv_size": [10, 4.5]},
								"east": {"uv": [40, 188], "uv_size": [1.5, 4.5]},
								"south": {"uv": [67, 156], "uv_size": [10, 4.5]},
								"west": {"uv": [47, 188], "uv_size": [1.5, 4.5]},
								"up": {"uv": [38, 179], "uv_size": [10, 1.5]},
								"down": {"uv": [61, 180.5], "uv_size": [10, -1.5]}
							}
						},
						{
							"origin": [-48.35538, 195.02105, 34.01023],
							"size": [9.95738, 4.47283, 1.47763],
							"pivot": [-33.41932, 165.58822, 34.01023],
							"rotation": [0, 0, -60],
							"uv": {
								"north": {"uv": [77, 156], "uv_size": [10, 4.5]},
								"east": {"uv": [60, 188], "uv_size": [1.5, 4.5]},
								"south": {"uv": [115, 156], "uv_size": [10, 4.5]},
								"west": {"uv": [62, 188], "uv_size": [1.5, 4.5]},
								"up": {"uv": [71, 179], "uv_size": [10, 1.5]},
								"down": {"uv": [96, 180.5], "uv_size": [10, -1.5]}
							}
						},
						{
							"origin": [-48.35538, 152.49206, 34.01023],
							"size": [9.95738, 4.47283, 1.47763],
							"pivot": [-33.41932, 186.39772, 34.01023],
							"rotation": [0, 0, 60],
							"uv": {
								"north": {"uv": [141, 156], "uv_size": [10, 4.5]},
								"east": {"uv": [64, 188], "uv_size": [1.5, 4.5]},
								"south": {"uv": [151, 156], "uv_size": [10, 4.5]},
								"west": {"uv": [66, 188], "uv_size": [1.5, 4.5]},
								"up": {"uv": [106, 179], "uv_size": [10, 1.5]},
								"down": {"uv": [179, 176.5], "uv_size": [10, -1.5]}
							}
						},
						{
							"origin": [-76.3343, 180.14348, 34.01023],
							"size": [9.95738, 4.47283, 1.47763],
							"uv": {
								"north": {"uv": [6, 158], "uv_size": [10, 4.5]},
								"east": {"uv": [68, 188], "uv_size": [1.5, 4.5]},
								"south": {"uv": [47, 158], "uv_size": [10, 4.5]},
								"west": {"uv": [70, 188], "uv_size": [1.5, 4.5]},
								"up": {"uv": [4, 180], "uv_size": [10, 1.5]},
								"down": {"uv": [20, 181.5], "uv_size": [10, -1.5]}
							}
						},
						{
							"origin": [-93.17547, 161.86384, 26.891],
							"size": [6.51756, 1.53354, 11.68259],
							"pivot": [-96.43425, 182.66251, 24.07948],
							"rotation": [0, 0, -60],
							"uv": {
								"north": {"uv": [117, 186], "uv_size": [6.5, 1.5]},
								"east": {"uv": [150, 113], "uv_size": [21.75, 1.5]},
								"south": {"uv": [124, 186], "uv_size": [6.5, 1.5]},
								"west": {"uv": [153, 146], "uv_size": [21.75, 1.5]},
								"up": {"uv": [40, 85], "uv_size": [6.5, 21.75]},
								"down": {"uv": [86, 53.75], "uv_size": [6.5, -21.75]}
							}
						},
						{
							"origin": [-56.54852, 161.86384, 26.891],
							"size": [6.51756, 1.53354, 11.68259],
							"pivot": [-46.77219, 182.66251, 24.07948],
							"rotation": [0, 0, 60],
							"uv": {
								"north": {"uv": [131, 186], "uv_size": [6.5, 1.5]},
								"east": {"uv": [154, 75], "uv_size": [21.75, 1.5]},
								"south": {"uv": [138, 186], "uv_size": [6.5, 1.5]},
								"west": {"uv": [154, 91], "uv_size": [21.75, 1.5]},
								"up": {"uv": [88, 54], "uv_size": [6.5, 21.75]},
								"down": {"uv": [88, 97.75], "uv_size": [6.5, -21.75]}
							}
						},
						{
							"origin": [-74.862, 179.96294, 26.891],
							"size": [6.51756, 1.53354, 11.68259],
							"uv": {
								"north": {"uv": [145, 186], "uv_size": [6.5, 1.5]},
								"east": {"uv": [154, 93], "uv_size": [21.75, 1.5]},
								"south": {"uv": [152, 186], "uv_size": [6.5, 1.5]},
								"west": {"uv": [156, 24], "uv_size": [21.75, 1.5]},
								"up": {"uv": [93, 32], "uv_size": [6.5, 21.75]},
								"down": {"uv": [47, 116.75], "uv_size": [6.5, -21.75]}
							}
						},
						{
							"origin": [-56.54852, 188.30688, 26.891],
							"size": [6.51756, 1.53354, 11.68259],
							"pivot": [-46.77219, 169.04175, 24.07948],
							"rotation": [0, 0, -60],
							"uv": {
								"north": {"uv": [159, 186], "uv_size": [6.5, 1.5]},
								"east": {"uv": [161, 40], "uv_size": [21.75, 1.5]},
								"south": {"uv": [166, 186], "uv_size": [6.5, 1.5]},
								"west": {"uv": [166, 19], "uv_size": [21.75, 1.5]},
								"up": {"uv": [54, 95], "uv_size": [6.5, 21.75]},
								"down": {"uv": [95, 75.75], "uv_size": [6.5, -21.75]}
							}
						},
						{
							"origin": [-93.17547, 188.30688, 26.891],
							"size": [6.51756, 1.53354, 11.68259],
							"pivot": [-96.43425, 169.04175, 24.07948],
							"rotation": [0, 0, 60],
							"uv": {
								"north": {"uv": [186, 169], "uv_size": [6.5, 1.5]},
								"east": {"uv": [166, 21], "uv_size": [21.75, 1.5]},
								"south": {"uv": [173, 186], "uv_size": [6.5, 1.5]},
								"west": {"uv": [166, 131], "uv_size": [21.75, 1.5]},
								"up": {"uv": [61, 95], "uv_size": [6.5, 21.75]},
								"down": {"uv": [68, 116.75], "uv_size": [6.5, -21.75]}
							}
						},
						{
							"origin": [-74.862, 170.20775, 26.891],
							"size": [6.51756, 1.53354, 11.68259],
							"uv": {
								"north": {"uv": [180, 186], "uv_size": [6.5, 1.5]},
								"east": {"uv": [166, 133], "uv_size": [21.75, 1.5]},
								"south": {"uv": [187, 10], "uv_size": [6.5, 1.5]},
								"west": {"uv": [167, 48], "uv_size": [21.75, 1.5]},
								"up": {"uv": [75, 95], "uv_size": [6.5, 21.75]},
								"down": {"uv": [95, 97.75], "uv_size": [6.5, -21.75]}
							}
						},
						{
							"origin": [-66.19056, 147.2552, -41.0162],
							"size": [1.59744, 13.57824, 7.3216],
							"uv": {
								"north": {"uv": [89, 169], "uv_size": [1.5, 13.5]},
								"east": {"uv": [125, 113], "uv_size": [7.25, 13.5]},
								"south": {"uv": [91, 169], "uv_size": [1.5, 13.5]},
								"west": {"uv": [35, 126], "uv_size": [7.25, 13.5]},
								"up": {"uv": [108, 185], "uv_size": [1.5, 7.25]},
								"down": {"uv": [4, 193.25], "uv_size": [1.5, -7.25]}
							}
						},
						{
							"origin": [-66.72304, 141.2648, -34.64308],
							"size": [2.12992, 18.50368, 0.95681],
							"pivot": [-64.59312, 141.2648, -56.325],
							"rotation": [0, 0, 10],
							"uv": {
								"north": {"uv": [119, 161], "uv_size": [2.25, 18.5]},
								"east": {"uv": [60, 168], "uv_size": [1, 18.5]},
								"south": {"uv": [122, 161], "uv_size": [2.25, 18.5]},
								"west": {"uv": [93, 169], "uv_size": [1, 18.5]},
								"up": {"uv": [139, 78], "uv_size": [2.25, 1]},
								"down": {"uv": [139, 80], "uv_size": [2.25, -1]}
							}
						},
						{
							"origin": [-65.39184, 149.78448, -34.62644],
							"size": [2.12992, 9.984, 0.93184],
							"uv": {
								"north": {"uv": [12, 168], "uv_size": [2.25, 10]},
								"east": {"uv": [47, 85], "uv_size": [1, 10]},
								"south": {"uv": [54, 168], "uv_size": [2.25, 10]},
								"west": {"uv": [95, 151], "uv_size": [1, 10]},
								"up": {"uv": [142, 87], "uv_size": [2.25, 1]},
								"down": {"uv": [142, 89], "uv_size": [2.25, -1]}
							}
						},
						{
							"origin": [-65.65808, 135.54064, -41.02451],
							"size": [2.12992, 24.22784, 0.94848],
							"pivot": [-63.52816, 141.2648, -62.71476],
							"rotation": [0, 0, 10],
							"uv": {
								"north": {"uv": [96, 140], "uv_size": [2.25, 24.25]},
								"east": {"uv": [35, 165], "uv_size": [1, 24.25]},
								"south": {"uv": [40, 146], "uv_size": [2.25, 24.25]},
								"west": {"uv": [85, 166], "uv_size": [1, 24.25]},
								"up": {"uv": [24, 144], "uv_size": [2.25, 1]},
								"down": {"uv": [27, 145], "uv_size": [2.25, -1]}
							}
						},
						{
							"origin": [-64.85936, 147.9208, -41.0162],
							"size": [2.26304, 11.84768, 0.93184],
							"uv": {
								"north": {"uv": [6, 168], "uv_size": [2.25, 11.75]},
								"east": {"uv": [17, 177], "uv_size": [1, 11.75]},
								"south": {"uv": [9, 168], "uv_size": [2.25, 11.75]},
								"west": {"uv": [34, 178], "uv_size": [1, 11.75]},
								"up": {"uv": [145, 9], "uv_size": [2.25, 1]},
								"down": {"uv": [24, 146], "uv_size": [2.25, -1]}
							}
						}
					]
				},
				{
					"name": "head",
					"parent": "body",
					"pivot": [0, 24, 0]
				},
				{
					"name": "leftLeg",
					"parent": "waist",
					"pivot": [1.9, 12, 0]
				},
				{
					"name": "leftPants",
					"parent": "leftLeg",
					"pivot": [1.9, 12, 0]
				}
			]
		}
	]
}