{
	"format_version": "1.12.0",
	"minecraft:geometry": [
		{
			"description": {
				"identifier": "geometry.player.ssh68",
				"texture_width": 64,
				"texture_height": 64,
				"visible_bounds_width": 3,
				"visible_bounds_height": 5.5,
				"visible_bounds_offset": [0, 2.25, 0]
			},
			"bones": [
				{
					"name": "root",
					"pivot": [0, 0, 0]
				},
				{
					"name": "waist",
					"parent": "root",
					"pivot": [0, 12, 0]
				},
				{
					"name": "body",
					"parent": "waist",
					"pivot": [0, 24, 0]
				},
				{
					"name": "head",
					"parent": "body",
					"pivot": [0, 24, 0],
					"rotation": [-5, 0, 0]
				},
				{
					"name": "NIGGA3",
					"parent": "head",
					"pivot": [0, 21.2457, -1.14268],
					"rotation": [-7.5, 0, 0],
					"cubes": [
						{
							"origin": [-4.54608, 29.58763, -5.74427],
							"size": [9.09216, 0.94248, 9.009],
							"uv": {
								"north": {"uv": [35, 35], "uv_size": [-8, 1]},
								"east": {"uv": [43, 26], "uv_size": [-8, 1]},
								"south": {"uv": [43, 25], "uv_size": [-8, 1]},
								"west": {"uv": [43, 27], "uv_size": [-8, 1]},
								"up": {"uv": [9, 24], "uv_size": [8, -8]},
								"down": {"uv": [17, 16], "uv_size": [8, 8]}
							}
						},
						{
							"origin": [-4.9896, 28.61743, -6.40955],
							"size": [9.92376, 2.2176, 9.59112],
							"uv": {
								"north": {"uv": [34, 22], "uv_size": [-9, 2]},
								"east": {"uv": [34, 20], "uv_size": [-9, 2]},
								"south": {"uv": [34, 18], "uv_size": [-9, 2]},
								"west": {"uv": [9, 26], "uv_size": [-9, 2]},
								"up": {"uv": [0, 9], "uv_size": [9, -9]},
								"down": {"uv": [0, 9], "uv_size": [9, 9]}
							}
						},
						{
							"origin": [-5.04504, 28.47883, -1.19819],
							"size": [10.03464, 0.44352, 0.44352],
							"uv": {
								"north": {"uv": [18, 35], "uv_size": [-9, 1]},
								"east": {"uv": [23, 40], "uv_size": [-1, 1]},
								"south": {"uv": [44, 3], "uv_size": [-9, 1]},
								"west": {"uv": [24, 40], "uv_size": [-1, 1]},
								"up": {"uv": [18, 36], "uv_size": [9, -1]},
								"down": {"uv": [35, 24], "uv_size": [9, 1]}
							}
						},
						{
							"origin": [-2.43936, 30.47467, 3.73597],
							"size": [0.44352, 0.47124, 0.08316],
							"uv": {
								"north": {"uv": [10, 40], "uv_size": [-1, 1]},
								"east": {"uv": [7, 40], "uv_size": [-1, 1]},
								"south": {"uv": [6, 40], "uv_size": [-1, 1]},
								"west": {"uv": [11, 40], "uv_size": [-1, 1]},
								"up": {"uv": [11, 41], "uv_size": [1, -1]},
								"down": {"uv": [12, 40], "uv_size": [1, 1]}
							}
						},
						{
							"origin": [1.99584, 30.47467, 3.73597],
							"size": [0.44352, 0.47124, 0.08316],
							"uv": {
								"north": {"uv": [16, 40], "uv_size": [-1, 1]},
								"east": {"uv": [15, 40], "uv_size": [-1, 1]},
								"south": {"uv": [14, 40], "uv_size": [-1, 1]},
								"west": {"uv": [17, 40], "uv_size": [-1, 1]},
								"up": {"uv": [20, 41], "uv_size": [1, -1]},
								"down": {"uv": [21, 40], "uv_size": [1, 1]}
							}
						},
						{
							"origin": [-4.9896, 30.83503, -5.85515],
							"size": [9.92376, 2.66112, 8.42688],
							"uv": {
								"north": {"uv": [18, 27], "uv_size": [-9, 2]},
								"east": {"uv": [35, 24], "uv_size": [-8, 2]},
								"south": {"uv": [36, 8], "uv_size": [-9, 2]},
								"west": {"uv": [35, 26], "uv_size": [-8, 2]},
								"up": {"uv": [9, 8], "uv_size": [9, -8]},
								"down": {"uv": [9, 8], "uv_size": [9, 8]}
							}
						},
						{
							"origin": [-4.99632, 30.36302, 2.16612],
							"size": [9.92376, 2.79972, 1.77408],
							"pivot": [-0.00672, 23.26561, 0.14198],
							"rotation": [6, 0, 0],
							"uv": {
								"north": {"uv": [27, 24], "uv_size": [-9, 3]},
								"east": {"uv": [22, 36], "uv_size": [-2, 3]},
								"south": {"uv": [18, 24], "uv_size": [-9, 3]},
								"west": {"uv": [24, 36], "uv_size": [-2, 3]},
								"up": {"uv": [27, 16], "uv_size": [9, -2]},
								"down": {"uv": [18, 27], "uv_size": [9, 2]}
							}
						},
						{
							"origin": [-4.97902, 29.98825, -8.29168],
							"size": [9.89604, 2.66112, 0.91476],
							"pivot": [0.01058, 22.86715, -3.74431],
							"rotation": [-13.5, 0, 0],
							"uv": {
								"north": {"uv": [36, 12], "uv_size": [-9, 2]},
								"east": {"uv": [13, 38], "uv_size": [-1, 2]},
								"south": {"uv": [36, 10], "uv_size": [-9, 2]},
								"west": {"uv": [14, 38], "uv_size": [-1, 2]},
								"up": {"uv": [35, 2], "uv_size": [9, -1]},
								"down": {"uv": [35, 2], "uv_size": [9, 1]}
							}
						},
						{
							"origin": [-4.54249, 23.08125, -4.35682],
							"size": [0.25848, 6.17318, 0.44352],
							"uv": {
								"north": {"uv": [26, 0], "uv_size": [-8, 5]},
								"east": {"uv": [9, 18], "uv_size": [-1, 5]},
								"south": {"uv": [8, 18], "uv_size": [-8, 5]},
								"west": {"uv": [37, 30], "uv_size": [-1, 5]},
								"up": {"uv": [35, 36], "uv_size": [8, -1]},
								"down": {"uv": [0, 36], "uv_size": [8, 1]}
							}
						},
						{
							"origin": [4.28401, 23.08125, -4.35682],
							"size": [0.25848, 6.17318, 0.44352],
							"uv": {
								"north": {"uv": [18, 0], "uv_size": [8, 5]},
								"east": {"uv": [36, 30], "uv_size": [1, 5]},
								"south": {"uv": [0, 18], "uv_size": [8, 5]},
								"west": {"uv": [8, 18], "uv_size": [1, 5]},
								"up": {"uv": [43, 36], "uv_size": [-8, -1]},
								"down": {"uv": [8, 36], "uv_size": [-8, 1]}
							}
						},
						{
							"origin": [-4.40174, 23.9149, -4.6901],
							"size": [8.78098, 0.24948, 0.63756],
							"pivot": [0, 24.75894, -0.4207],
							"rotation": [12.5, 0, 0],
							"uv": {
								"north": {"uv": [44, 5], "uv_size": [-8, 1]},
								"east": {"uv": [4, 40], "uv_size": [-1, 1]},
								"south": {"uv": [44, 4], "uv_size": [-8, 1]},
								"west": {"uv": [5, 40], "uv_size": [-1, 1]},
								"up": {"uv": [36, 7], "uv_size": [8, -1]},
								"down": {"uv": [36, 7], "uv_size": [8, 1]}
							}
						},
						{
							"origin": [-5.21136, 28.58971, -6.93623],
							"size": [10.36728, 0.11088, 2.05128],
							"uv": {
								"north": {"uv": [18, 34], "uv_size": [-9, 1]},
								"east": {"uv": [39, 33], "uv_size": [-2, 1]},
								"south": {"uv": [9, 34], "uv_size": [-9, 1]},
								"west": {"uv": [36, 37], "uv_size": [-2, 1]},
								"up": {"uv": [26, 2], "uv_size": [9, -2]},
								"down": {"uv": [26, 2], "uv_size": [9, 2]}
							}
						},
						{
							"origin": [-3.6036, 28.61743, -6.96395],
							"size": [7.15176, 2.46708, 0.60984],
							"uv": {
								"north": {"uv": [33, 28], "uv_size": [-6, 2]},
								"east": {"uv": [8, 37], "uv_size": [-1, 2]},
								"south": {"uv": [6, 28], "uv_size": [-6, 2]},
								"west": {"uv": [9, 37], "uv_size": [-1, 2]},
								"up": {"uv": [8, 37], "uv_size": [6, -1]},
								"down": {"uv": [36, 8], "uv_size": [6, 1]}
							}
						},
						{
							"origin": [-2.80296, 28.61743, -5.84989],
							"size": [1.49688, 2.46708, 0.5544],
							"pivot": [-5.38881, 23.7333, -0.35623],
							"rotation": [0, 21.5, 0],
							"uv": {
								"north": {"uv": [20, 37], "uv_size": [-1, 2]},
								"east": {"uv": [19, 37], "uv_size": [-1, 2]},
								"south": {"uv": [18, 37], "uv_size": [-1, 2]},
								"west": {"uv": [25, 37], "uv_size": [-1, 2]},
								"up": {"uv": [39, 31], "uv_size": [1, -1]},
								"down": {"uv": [31, 39], "uv_size": [1, 1]}
							}
						},
						{
							"origin": [-3.27359, 28.5886, -8.88319],
							"size": [1.69092, 0.11088, 0.5544],
							"pivot": [0.90424, 23.45499, -2.83513],
							"rotation": [0, 21.5, 0],
							"uv": {
								"north": {"uv": [13, 37], "uv_size": [-2, 1]},
								"east": {"uv": [24, 39], "uv_size": [-1, 1]},
								"south": {"uv": [11, 37], "uv_size": [-2, 1]},
								"west": {"uv": [25, 39], "uv_size": [-1, 1]},
								"up": {"uv": [13, 38], "uv_size": [2, -1]},
								"down": {"uv": [15, 37], "uv_size": [2, 1]}
							}
						},
						{
							"origin": [1.25064, 28.61743, -5.84989],
							"size": [1.49688, 2.46708, 0.5544],
							"pivot": [5.38881, 23.7333, -0.35623],
							"rotation": [0, -21.5, 0],
							"uv": {
								"north": {"uv": [33, 37], "uv_size": [-1, 2]},
								"east": {"uv": [38, 31], "uv_size": [-1, 2]},
								"south": {"uv": [32, 37], "uv_size": [-1, 2]},
								"west": {"uv": [34, 37], "uv_size": [-1, 2]},
								"up": {"uv": [39, 34], "uv_size": [1, -1]},
								"down": {"uv": [39, 34], "uv_size": [1, 1]}
							}
						},
						{
							"origin": [-3.6036, 28.45111, 3.12613],
							"size": [7.15176, 2.46708, 0.60984],
							"uv": {
								"north": {"uv": [6, 30], "uv_size": [-6, 2]},
								"east": {"uv": [31, 38], "uv_size": [-1, 2]},
								"south": {"uv": [24, 29], "uv_size": [-6, 2]},
								"west": {"uv": [39, 31], "uv_size": [-1, 2]},
								"up": {"uv": [36, 15], "uv_size": [6, -1]},
								"down": {"uv": [36, 15], "uv_size": [6, 1]}
							}
						},
						{
							"origin": [-2.7633, 28.45111, 2.05997],
							"size": [1.49688, 2.46708, 0.5544],
							"pivot": [-5.38881, 23.56698, -2.97997],
							"rotation": [0, -21.5, 0],
							"uv": {
								"north": {"uv": [29, 38], "uv_size": [-1, 2]},
								"east": {"uv": [28, 38], "uv_size": [-1, 2]},
								"south": {"uv": [27, 38], "uv_size": [-1, 2]},
								"west": {"uv": [30, 38], "uv_size": [-1, 2]},
								"up": {"uv": [26, 41], "uv_size": [1, -1]},
								"down": {"uv": [27, 40], "uv_size": [1, 1]}
							}
						},
						{
							"origin": [1.21098, 28.45111, 2.05997],
							"size": [1.49688, 2.46708, 0.5544],
							"pivot": [5.38881, 23.56698, -2.97997],
							"rotation": [0, 21.5, 0],
							"uv": {
								"north": {"uv": [17, 38], "uv_size": [-1, 2]},
								"east": {"uv": [16, 38], "uv_size": [-1, 2]},
								"south": {"uv": [15, 38], "uv_size": [-1, 2]},
								"west": {"uv": [26, 38], "uv_size": [-1, 2]},
								"up": {"uv": [24, 41], "uv_size": [1, -1]},
								"down": {"uv": [25, 40], "uv_size": [1, 1]}
							}
						},
						{
							"origin": [1.52723, 28.5886, -8.88319],
							"size": [1.69092, 0.11088, 0.5544],
							"pivot": [-0.90424, 23.45499, -2.83513],
							"rotation": [0, -21.5, 0],
							"uv": {
								"north": {"uv": [29, 37], "uv_size": [-2, 1]},
								"east": {"uv": [40, 32], "uv_size": [-1, 1]},
								"south": {"uv": [27, 37], "uv_size": [-2, 1]},
								"west": {"uv": [34, 39], "uv_size": [-1, 1]},
								"up": {"uv": [29, 38], "uv_size": [2, -1]},
								"down": {"uv": [37, 30], "uv_size": [2, 1]}
							}
						},
						{
							"origin": [-3.63132, 28.58971, -7.54607],
							"size": [7.17948, 0.11088, 0.58212],
							"uv": {
								"north": {"uv": [42, 10], "uv_size": [-6, 1]},
								"east": {"uv": [40, 31], "uv_size": [-1, 1]},
								"south": {"uv": [42, 9], "uv_size": [-6, 1]},
								"west": {"uv": [33, 39], "uv_size": [-1, 1]},
								"up": {"uv": [36, 12], "uv_size": [6, -1]},
								"down": {"uv": [36, 12], "uv_size": [6, 1]}
							}
						},
						{
							"origin": [-4.9896, 28.28479, 1.07485],
							"size": [9.92376, 0.85932, 2.079],
							"uv": {
								"north": {"uv": [42, 29], "uv_size": [-9, 1]},
								"east": {"uv": [5, 37], "uv_size": [-2, 1]},
								"south": {"uv": [42, 28], "uv_size": [-9, 1]},
								"west": {"uv": [7, 37], "uv_size": [-2, 1]},
								"up": {"uv": [18, 16], "uv_size": [9, -2]},
								"down": {"uv": [25, 16], "uv_size": [9, 2]}
							}
						},
						{
							"origin": [-5.21136, 28.25707, 1.29661],
							"size": [10.36728, 0.1386, 2.55024],
							"uv": {
								"north": {"uv": [44, 0], "uv_size": [-9, 1]},
								"east": {"uv": [39, 34], "uv_size": [-2, 1]},
								"south": {"uv": [9, 35], "uv_size": [-9, 1]},
								"west": {"uv": [38, 37], "uv_size": [-2, 1]},
								"up": {"uv": [27, 6], "uv_size": [9, -2]},
								"down": {"uv": [27, 6], "uv_size": [9, 2]}
							}
						},
						{
							"origin": [-4.9896, 27.95215, -1.86347],
							"size": [9.92376, 0.66528, 1.55232],
							"uv": {
								"north": {"uv": [24, 31], "uv_size": [-9, 1]},
								"east": {"uv": [27, 4], "uv_size": [-1, 1]},
								"south": {"uv": [15, 31], "uv_size": [-9, 1]},
								"west": {"uv": [21, 39], "uv_size": [-1, 1]},
								"up": {"uv": [0, 33], "uv_size": [9, -1]},
								"down": {"uv": [9, 32], "uv_size": [9, 1]}
							}
						},
						{
							"origin": [-5.21136, 27.92443, -1.86347],
							"size": [10.36728, 0.11088, 1.55232],
							"uv": {
								"north": {"uv": [43, 18], "uv_size": [-9, 1]},
								"east": {"uv": [40, 36], "uv_size": [-1, 1]},
								"south": {"uv": [27, 34], "uv_size": [-9, 1]},
								"west": {"uv": [40, 37], "uv_size": [-1, 1]},
								"up": {"uv": [34, 20], "uv_size": [9, -1]},
								"down": {"uv": [34, 20], "uv_size": [9, 1]}
							}
						},
						{
							"origin": [-4.9896, 28.27333, -6.13726],
							"size": [9.92376, 0.63756, 3.3264],
							"pivot": [0, 23.75979, -3.80355],
							"rotation": [-12.5, 0, 0],
							"uv": {
								"north": {"uv": [36, 32], "uv_size": [-9, 1]},
								"east": {"uv": [9, 28], "uv_size": [-3, 1]},
								"south": {"uv": [27, 32], "uv_size": [-9, 1]},
								"west": {"uv": [27, 29], "uv_size": [-3, 1]},
								"up": {"uv": [18, 8], "uv_size": [9, -3]},
								"down": {"uv": [18, 8], "uv_size": [9, 3]}
							}
						},
						{
							"origin": [-5.21136, 28.24561, -5.94322],
							"size": [10.36728, 0.11088, 3.13236],
							"pivot": [0, 23.75979, -3.80355],
							"rotation": [-12.5, 0, 0],
							"uv": {
								"north": {"uv": [43, 17], "uv_size": [-9, 1]},
								"east": {"uv": [39, 36], "uv_size": [-3, 1]},
								"south": {"uv": [43, 16], "uv_size": [-9, 1]},
								"west": {"uv": [3, 37], "uv_size": [-3, 1]},
								"up": {"uv": [18, 14], "uv_size": [9, -3]},
								"down": {"uv": [0, 23], "uv_size": [9, 3]}
							}
						},
						{
							"origin": [-4.9896, 28.24991, 0.63367],
							"size": [9.92376, 0.63756, 1.6632],
							"pivot": [0, 23.75979, 1.52071],
							"rotation": [12.5, 0, 0],
							"uv": {
								"north": {"uv": [18, 33], "uv_size": [-9, 1]},
								"east": {"uv": [22, 39], "uv_size": [-1, 1]},
								"south": {"uv": [9, 33], "uv_size": [-9, 1]},
								"west": {"uv": [23, 39], "uv_size": [-1, 1]},
								"up": {"uv": [18, 34], "uv_size": [9, -1]},
								"down": {"uv": [27, 33], "uv_size": [9, 1]}
							}
						},
						{
							"origin": [-5.21136, 28.22219, 0.63367],
							"size": [10.36728, 0.11088, 1.6632],
							"pivot": [0, 23.75979, 1.52071],
							"rotation": [12.5, 0, 0],
							"uv": {
								"north": {"uv": [43, 22], "uv_size": [-9, 1]},
								"east": {"uv": [39, 39], "uv_size": [-1, 1]},
								"south": {"uv": [43, 21], "uv_size": [-9, 1]},
								"west": {"uv": [40, 38], "uv_size": [-1, 1]},
								"up": {"uv": [34, 24], "uv_size": [9, -1]},
								"down": {"uv": [27, 34], "uv_size": [9, 1]}
							}
						}
					]
				},
				{
					"name": "NIGGA",
					"parent": "NIGGA3",
					"pivot": [0.08096, 27.2307, 3.23749],
					"rotation": [6, 0, 0],
					"cubes": [
						{
							"origin": [1.22044, 30.82759, 2.41917],
							"size": [1.49688, 2.60568, 0.5544],
							"pivot": [5.38881, 25.92006, -2.59676],
							"rotation": [0, 21.5, 0],
							"uv": {
								"north": {"uv": [11, 38], "uv_size": [-1, 2]},
								"east": {"uv": [10, 38], "uv_size": [-1, 2]},
								"south": {"uv": [7, 38], "uv_size": [-1, 2]},
								"west": {"uv": [12, 38], "uv_size": [-1, 2]},
								"up": {"uv": [1, 41], "uv_size": [1, -1]},
								"down": {"uv": [2, 40], "uv_size": [1, 1]}
							}
						},
						{
							"origin": [-3.6036, 30.85531, 3.48353],
							"size": [7.15176, 2.57796, 0.60984],
							"uv": {
								"north": {"uv": [18, 29], "uv_size": [-6, 2]},
								"east": {"uv": [5, 38], "uv_size": [-1, 2]},
								"south": {"uv": [12, 29], "uv_size": [-6, 2]},
								"west": {"uv": [6, 38], "uv_size": [-1, 2]},
								"up": {"uv": [36, 14], "uv_size": [6, -1]},
								"down": {"uv": [14, 36], "uv_size": [6, 1]}
							}
						},
						{
							"origin": [-2.77276, 30.82759, 2.41917],
							"size": [1.49688, 2.60568, 0.5544],
							"pivot": [-5.38881, 25.92006, -2.59676],
							"rotation": [0, -21.5, 0],
							"uv": {
								"north": {"uv": [3, 38], "uv_size": [-1, 2]},
								"east": {"uv": [2, 38], "uv_size": [-1, 2]},
								"south": {"uv": [1, 38], "uv_size": [-1, 2]},
								"west": {"uv": [4, 38], "uv_size": [-1, 2]},
								"up": {"uv": [39, 40], "uv_size": [1, -1]},
								"down": {"uv": [0, 40], "uv_size": [1, 1]}
							}
						}
					]
				},
				{
					"name": "NIGGA2",
					"parent": "NIGGA3",
					"pivot": [0.08096, 27.2532, -6.78285],
					"rotation": [-13.5, 0, 0],
					"cubes": [
						{
							"origin": [1.27098, 30.91032, -6.77169],
							"size": [1.49688, 2.60568, 0.5544],
							"pivot": [5.38881, 25.9791, -1.32966],
							"rotation": [0, -21.5, 0],
							"uv": {
								"north": {"uv": [37, 38], "uv_size": [-1, 2]},
								"east": {"uv": [36, 38], "uv_size": [-1, 2]},
								"south": {"uv": [35, 38], "uv_size": [-1, 2]},
								"west": {"uv": [38, 38], "uv_size": [-1, 2]},
								"up": {"uv": [28, 41], "uv_size": [1, -1]},
								"down": {"uv": [29, 40], "uv_size": [1, 1]}
							}
						},
						{
							"origin": [-3.6036, 30.93804, -7.8819],
							"size": [7.15176, 2.57796, 0.60984],
							"uv": {
								"north": {"uv": [36, 30], "uv_size": [-6, 2]},
								"east": {"uv": [39, 37], "uv_size": [-1, 2]},
								"south": {"uv": [30, 30], "uv_size": [-6, 2]},
								"west": {"uv": [8, 39], "uv_size": [-1, 2]},
								"up": {"uv": [24, 37], "uv_size": [6, -1]},
								"down": {"uv": [30, 36], "uv_size": [6, 1]}
							}
						},
						{
							"origin": [3.10464, 30.93804, -7.93734],
							"size": [0.44352, 0.44352, 0.05544],
							"uv": {
								"north": {"uv": [33, 40], "uv_size": [-1, 1]},
								"east": {"uv": [41, 31], "uv_size": [-1, 1]},
								"south": {"uv": [32, 40], "uv_size": [-1, 1]},
								"west": {"uv": [41, 32], "uv_size": [-1, 1]},
								"up": {"uv": [33, 41], "uv_size": [1, -1]},
								"down": {"uv": [40, 33], "uv_size": [1, 1]}
							}
						},
						{
							"origin": [-3.54816, 30.93804, -7.93734],
							"size": [0.44352, 0.44352, 0.05544],
							"uv": {
								"north": {"uv": [36, 40], "uv_size": [-1, 1]},
								"east": {"uv": [41, 34], "uv_size": [-1, 1]},
								"south": {"uv": [35, 40], "uv_size": [-1, 1]},
								"west": {"uv": [37, 40], "uv_size": [-1, 1]},
								"up": {"uv": [40, 37], "uv_size": [1, -1]},
								"down": {"uv": [37, 40], "uv_size": [1, 1]}
							}
						},
						{
							"origin": [-2.8233, 30.91032, -6.77169],
							"size": [1.49688, 2.60568, 0.5544],
							"pivot": [-5.38881, 25.9791, -1.32966],
							"rotation": [0, 21.5, 0],
							"uv": {
								"north": {"uv": [19, 39], "uv_size": [-1, 2]},
								"east": {"uv": [18, 39], "uv_size": [-1, 2]},
								"south": {"uv": [9, 39], "uv_size": [-1, 2]},
								"west": {"uv": [20, 39], "uv_size": [-1, 2]},
								"up": {"uv": [30, 41], "uv_size": [1, -1]},
								"down": {"uv": [40, 30], "uv_size": [1, 1]}
							}
						}
					]
				},
				{
					"name": "bone",
					"pivot": [0, 0, 0]
				},
				{
					"name": "root2",
					"pivot": [0, 0, 0]
				},
				{
					"name": "waist2",
					"parent": "root2",
					"pivot": [0, 12, 0]
				},
				{
					"name": "body2",
					"parent": "waist2",
					"pivot": [0, 24, 0]
				},
				{
					"name": "head2",
					"parent": "body2",
					"pivot": [0, 24, 0]
				},
				{
					"name": "hat",
					"parent": "head2",
					"pivot": [0, 24, 0]
				},
				{
					"name": "cape",
					"parent": "body2",
					"pivot": [0, 24, 3]
				},
				{
					"name": "leftArm",
					"parent": "body2",
					"pivot": [5, 22, 0]
				},
				{
					"name": "leftSleeve",
					"parent": "leftArm",
					"pivot": [5, 22, 0]
				},
				{
					"name": "leftItem",
					"parent": "leftArm",
					"pivot": [6, 15, 1]
				},
				{
					"name": "rightArm",
					"parent": "body2",
					"pivot": [-5, 22, 0]
				},
				{
					"name": "rightSleeve",
					"parent": "rightArm",
					"pivot": [-5, 22, 0]
				},
				{
					"name": "rightItem",
					"parent": "rightArm",
					"pivot": [-6, 15, 1]
				},
				{
					"name": "jacket",
					"parent": "body2",
					"pivot": [0, 24, 0]
				},
				{
					"name": "leftLeg",
					"parent": "root2",
					"pivot": [1.9, 12, 0]
				},
				{
					"name": "leftPants",
					"parent": "leftLeg",
					"pivot": [1.9, 12, 0]
				},
				{
					"name": "rightLeg",
					"parent": "root2",
					"pivot": [-1.9, 12, 0]
				},
				{
					"name": "rightPants",
					"parent": "rightLeg",
					"pivot": [-1.9, 12, 0]
				}
			]
		}
	]
}