{
	"format_version": "1.12.0",
	"minecraft:geometry": [
		{
			"description": {
				"identifier": "geometry.player.toz",
				"texture_width": 512,
				"texture_height": 512,
				"visible_bounds_width": 24,
				"visible_bounds_height": 26,
				"visible_bounds_offset": [0, 10, 0]
			},
			"bones": [
				{
					"name": "root",
					"pivot": [0, 0, 0]
				},
				{
					"name": "waist",
					"parent": "root",
					"pivot": [0, 12, 0]
				},
				{
					"name": "body",
					"parent": "waist",
					"pivot": [0, 24, 0]
				},
				{
					"name": "leftArm",
					"parent": "body",
					"pivot": [5, 22, 0]
				},
				{
					"name": "leftSleeve",
					"parent": "leftArm",
					"pivot": [5, 22, 0]
				},
				{
					"name": "leftItem",
					"parent": "leftArm",
					"pivot": [6, 15, 1]
				},
				{
					"name": "rightArm",
					"parent": "body",
					"pivot": [-6, 22, 0]
				},
				{
					"name": "rightSleeve",
					"parent": "rightArm",
					"pivot": [-5.7, 22, 0]
				},
				{
					"name": "rightArm2",
					"parent": "rightArm",
					"pivot": [-6, 22, 0]
				},
				{
					"name": "gun",
					"parent": "rightArm2",
					"pivot": [-80.2, 153, -51.6],
					"rotation": [90, 0, 0]
				},
				{
					"name": "bone9",
					"parent": "gun",
					"pivot": [-5.6, 207.02384, -195.4496]
				},
				{
					"name": "bone",
					"parent": "bone9",
					"pivot": [-84.6, 136, -73.8],
					"cubes": [
						{
							"origin": [-83.32, 143, -248],
							"size": [11.2, 11.2, 224],
							"uv": {
								"north": {"uv": [236, 241], "uv_size": [11, 11]},
								"east": {"uv": [0, 93], "uv_size": [224, 11]},
								"south": {"uv": [242, 181], "uv_size": [11, 11]},
								"west": {"uv": [98, 0], "uv_size": [224, 11]},
								"up": {"uv": [0, 104], "uv_size": [11, 224]},
								"down": {"uv": [11, 328], "uv_size": [11, -224]}
							}
						},
						{
							"origin": [-95.08, 143, -248],
							"size": [11.2, 11.2, 224],
							"uv": {
								"north": {"uv": [242, 192], "uv_size": [11, 11]},
								"east": {"uv": [98, 11], "uv_size": [224, 11]},
								"south": {"uv": [242, 203], "uv_size": [11, 11]},
								"west": {"uv": [98, 22], "uv_size": [224, 11]},
								"up": {"uv": [22, 104], "uv_size": [11, 224]},
								"down": {"uv": [33, 328], "uv_size": [11, -224]}
							}
						},
						{
							"origin": [-94.8, 131.8, -113.6],
							"size": [22.4, 11.2, 44.8],
							"uv": {
								"north": {"uv": [52, 233], "uv_size": [22, 11]},
								"east": {"uv": [184, 77], "uv_size": [45, 11]},
								"south": {"uv": [234, 133], "uv_size": [22, 11]},
								"west": {"uv": [184, 126], "uv_size": [45, 11]},
								"up": {"uv": [112, 149], "uv_size": [22, 45]},
								"down": {"uv": [134, 194], "uv_size": [22, -45]}
							}
						},
						{
							"origin": [-89.2, 134.6, -119.2],
							"size": [11.2, 8.4, 5.6],
							"uv": {
								"north": {"uv": [62, 244], "uv_size": [11, 8]},
								"east": {"uv": [247, 63], "uv_size": [6, 8]},
								"south": {"uv": [245, 33], "uv_size": [11, 8]},
								"west": {"uv": [247, 71], "uv_size": [6, 8]},
								"up": {"uv": [98, 55], "uv_size": [11, 6]},
								"down": {"uv": [109, 61], "uv_size": [11, -6]}
							}
						}
					]
				},
				{
					"name": "gilza",
					"parent": "bone",
					"pivot": [-83.6, 143, -86.8],
					"cubes": [
						{
							"origin": [-94.6, 143.5, -23.8],
							"size": [10, 10, 0],
							"uv": {
								"north": {"uv": [239, 123], "uv_size": [10, 10]},
								"east": {"uv": [0, 0], "uv_size": [0, 10]},
								"south": {"uv": [242, 214], "uv_size": [10, 10]},
								"west": {"uv": [0, 0], "uv_size": [0, 10]},
								"up": {"uv": [0, 0], "uv_size": [10, 0]},
								"down": {"uv": [0, 0], "uv_size": [10, 0]}
							}
						},
						{
							"origin": [-82.6, 143.5, -23.8],
							"size": [10, 10, 0],
							"uv": {
								"north": {"uv": [242, 224], "uv_size": [10, 10]},
								"east": {"uv": [0, 0], "uv_size": [0, 10]},
								"south": {"uv": [52, 244], "uv_size": [10, 10]},
								"west": {"uv": [0, 0], "uv_size": [0, 10]},
								"up": {"uv": [0, 0], "uv_size": [10, 0]},
								"down": {"uv": [0, 0], "uv_size": [10, 0]}
							}
						},
						{
							"origin": [-81.6, 144.5, -39.8],
							"size": [8, 8, 16],
							"uv": {
								"north": {"uv": [217, 181], "uv_size": [8, 8]},
								"east": {"uv": [162, 138], "uv_size": [16, 8]},
								"south": {"uv": [142, 245], "uv_size": [8, 8]},
								"west": {"uv": [239, 55], "uv_size": [16, 8]},
								"up": {"uv": [239, 63], "uv_size": [8, 16]},
								"down": {"uv": [239, 115], "uv_size": [8, -16]}
							}
						},
						{
							"origin": [-93.6, 144.5, -39.8],
							"size": [8, 8, 16],
							"uv": {
								"north": {"uv": [111, 246], "uv_size": [8, 8]},
								"east": {"uv": [239, 79], "uv_size": [16, 8]},
								"south": {"uv": [119, 246], "uv_size": [8, 8]},
								"west": {"uv": [239, 115], "uv_size": [16, 8]},
								"up": {"uv": [220, 241], "uv_size": [8, 16]},
								"down": {"uv": [228, 257], "uv_size": [8, -16]}
							}
						}
					]
				},
				{
					"name": "bone10",
					"parent": "bone9",
					"pivot": [-5.6, 191, -215.8],
					"rotation": [57.5, 0, 0]
				},
				{
					"name": "bone11",
					"parent": "bone10",
					"pivot": [-5.6, 168.6, -361.4]
				},
				{
					"name": "bone12",
					"parent": "bone11",
					"pivot": [-5.6, 157.4, -361.4],
					"rotation": [-90, 0, 0]
				},
				{
					"name": "bone13",
					"parent": "bone11",
					"pivot": [-17.36, 157.4, -361.4],
					"rotation": [-90, 0, 0]
				},
				{
					"name": "bone8",
					"parent": "bone11",
					"pivot": [-5.6, 168.6, -383.8]
				},
				{
					"name": "bone6",
					"parent": "bone8",
					"pivot": [-5.6, 157.4, -383.8],
					"rotation": [-90, 0, 0]
				},
				{
					"name": "bone7",
					"parent": "bone8",
					"pivot": [-17.36, 157.4, -383.8],
					"rotation": [-90, 0, 0]
				},
				{
					"name": "bone2",
					"parent": "bone9",
					"pivot": [-5.6, 34.2, -182.2],
					"cubes": [
						{
							"origin": [-95.92, 131.8, -24],
							"size": [24.64, 22.4, 22.4],
							"uv": {
								"north": {"uv": [184, 55], "uv_size": [25, 22]},
								"east": {"uv": [203, 191], "uv_size": [22, 22]},
								"south": {"uv": [184, 104], "uv_size": [25, 22]},
								"west": {"uv": [209, 55], "uv_size": [22, 22]},
								"up": {"uv": [112, 194], "uv_size": [25, 22]},
								"down": {"uv": [178, 216], "uv_size": [25, -22]}
							}
						},
						{
							"origin": [-94.8, 143.322, -44.3184],
							"size": [22.4, 22.4, 33.6],
							"pivot": [-83.6, -2.278, -66.7184],
							"rotation": [-15, 0, 0],
							"uv": {
								"north": {"uv": [209, 104], "uv_size": [22, 22]},
								"east": {"uv": [98, 33], "uv_size": [34, 22]},
								"south": {"uv": [212, 137], "uv_size": [22, 22]},
								"west": {"uv": [132, 33], "uv_size": [34, 22]},
								"up": {"uv": [156, 149], "uv_size": [22, 34]},
								"down": {"uv": [162, 138], "uv_size": [22, -34]}
							}
						},
						{
							"origin": [-94.8, 171.45664, -66.78792],
							"size": [22.4, 22.4, 33.6],
							"pivot": [-83.6, 25.85664, -89.18792],
							"rotation": [-37.5, 0, 0],
							"uv": {
								"north": {"uv": [203, 213], "uv_size": [22, 22]},
								"east": {"uv": [166, 33], "uv_size": [34, 22]},
								"south": {"uv": [112, 216], "uv_size": [22, 22]},
								"west": {"uv": [178, 138], "uv_size": [34, 22]},
								"up": {"uv": [178, 160], "uv_size": [22, 34]},
								"down": {"uv": [156, 217], "uv_size": [22, -34]}
							}
						},
						{
							"origin": [-92, 114.2384, 42.8976],
							"size": [16.8, 30.8, 98],
							"uv": {
								"north": {"uv": [137, 194], "uv_size": [17, 31]},
								"east": {"uv": [0, 0], "uv_size": [98, 31]},
								"south": {"uv": [78, 196], "uv_size": [17, 31]},
								"west": {"uv": [0, 31], "uv_size": [98, 31]},
								"up": {"uv": [44, 104], "uv_size": [17, 98]},
								"down": {"uv": [61, 202], "uv_size": [17, -98]}
							}
						},
						{
							"origin": [-92, 94.23944, 133.10736],
							"size": [16.8, 30.8, 8.4],
							"uv": {
								"north": {"uv": [95, 196], "uv_size": [17, 31]},
								"east": {"uv": [231, 55], "uv_size": [8, 31]},
								"south": {"uv": [200, 160], "uv_size": [17, 31]},
								"west": {"uv": [44, 233], "uv_size": [8, 31]},
								"up": {"uv": [234, 144], "uv_size": [17, 8]},
								"down": {"uv": [111, 246], "uv_size": [17, -8]}
							}
						},
						{
							"origin": [-92, 145.58448, 25.47832],
							"size": [16.8, 30.8, 92.4],
							"pivot": [-83.6, 50.38448, -108.92168],
							"rotation": [-12.5, 0, 0],
							"uv": {
								"north": {"uv": [44, 202], "uv_size": [17, 31]},
								"east": {"uv": [0, 62], "uv_size": [92, 31]},
								"south": {"uv": [61, 202], "uv_size": [17, 31]},
								"west": {"uv": [92, 62], "uv_size": [92, 31]},
								"up": {"uv": [78, 104], "uv_size": [17, 92]},
								"down": {"uv": [95, 196], "uv_size": [17, -92]}
							}
						},
						{
							"origin": [-92, -1.98856, 180.46152],
							"size": [16.8, 19.6, 19.6],
							"pivot": [-83.6, -108.38856, -32.33848],
							"rotation": [45, 0, 0],
							"uv": {
								"north": {"uv": [134, 225], "uv_size": [17, 20]},
								"east": {"uv": [178, 216], "uv_size": [20, 20]},
								"south": {"uv": [225, 181], "uv_size": [17, 20]},
								"west": {"uv": [154, 217], "uv_size": [20, 20]},
								"up": {"uv": [225, 201], "uv_size": [17, 20]},
								"down": {"uv": [225, 241], "uv_size": [17, -20]}
							}
						},
						{
							"origin": [-95.92, 131.8, -68.8],
							"size": [24.64, 11.2, 44.8],
							"uv": {
								"north": {"uv": [224, 88], "uv_size": [25, 11]},
								"east": {"uv": [200, 33], "uv_size": [45, 11]},
								"south": {"uv": [78, 227], "uv_size": [25, 11]},
								"west": {"uv": [200, 44], "uv_size": [45, 11]},
								"up": {"uv": [112, 104], "uv_size": [25, 45]},
								"down": {"uv": [137, 149], "uv_size": [25, -45]}
							}
						},
						{
							"origin": [-87.52, 120.6, -12.8],
							"size": [7.84, 11.2, 33.6],
							"uv": {
								"north": {"uv": [245, 41], "uv_size": [8, 11]},
								"east": {"uv": [217, 159], "uv_size": [34, 11]},
								"south": {"uv": [128, 245], "uv_size": [8, 11]},
								"west": {"uv": [217, 170], "uv_size": [34, 11]},
								"up": {"uv": [103, 227], "uv_size": [8, 34]},
								"down": {"uv": [231, 133], "uv_size": [8, -34]}
							}
						}
					]
				},
				{
					"name": "bone3",
					"parent": "bone2",
					"pivot": [5.88, 196.6, -159.8],
					"cubes": [
						{
							"origin": [-71, 143, -18.4],
							"size": [0, 22.4, 11.2],
							"uv": {
								"north": {"uv": [0, 0], "uv_size": [0, 22]},
								"east": {"uv": [198, 235], "uv_size": [11, 22]},
								"south": {"uv": [0, 0], "uv_size": [0, 22]},
								"west": {"uv": [209, 235], "uv_size": [11, 22]},
								"up": {"uv": [0, 0], "uv_size": [0, 11]},
								"down": {"uv": [0, 11], "uv_size": [0, -11]}
							}
						},
						{
							"origin": [-73.8, 145.8, -15.6],
							"size": [2.8, 5.6, 5.6],
							"uv": {
								"north": {"uv": [168, 55], "uv_size": [3, 6]},
								"east": {"uv": [120, 55], "uv_size": [6, 6]},
								"south": {"uv": [171, 55], "uv_size": [3, 6]},
								"west": {"uv": [126, 55], "uv_size": [6, 6]},
								"up": {"uv": [174, 55], "uv_size": [3, 6]},
								"down": {"uv": [177, 61], "uv_size": [3, -6]}
							}
						}
					]
				},
				{
					"name": "bone15",
					"parent": "bone2",
					"pivot": [5.88, 196.6, -159.8],
					"rotation": [60, 0, 0],
					"cubes": [
						{
							"origin": [-71, 39.69427, -133.46922],
							"size": [0, 22.4, 11.2],
							"uv": {
								"north": {"uv": [0, 0], "uv_size": [0, 22]},
								"east": {"uv": [174, 236], "uv_size": [11, 22]},
								"south": {"uv": [0, 0], "uv_size": [0, 22]},
								"west": {"uv": [185, 236], "uv_size": [11, 22]},
								"up": {"uv": [0, 0], "uv_size": [0, 11]},
								"down": {"uv": [0, 11], "uv_size": [0, -11]}
							}
						},
						{
							"origin": [-73.8, 42.49427, -130.66922],
							"size": [2.8, 5.6, 5.6],
							"uv": {
								"north": {"uv": [180, 55], "uv_size": [3, 6]},
								"east": {"uv": [132, 55], "uv_size": [6, 6]},
								"south": {"uv": [134, 216], "uv_size": [3, 6]},
								"west": {"uv": [138, 55], "uv_size": [6, 6]},
								"up": {"uv": [198, 216], "uv_size": [3, 6]},
								"down": {"uv": [174, 223], "uv_size": [3, -6]}
							}
						}
					]
				},
				{
					"name": "bone4",
					"parent": "bone2",
					"pivot": [-17.08, 196.6, -159.8],
					"cubes": [
						{
							"origin": [-96.2, 143, -18.4],
							"size": [0, 22.4, 11.2],
							"uv": {
								"north": {"uv": [0, 0], "uv_size": [0, 22]},
								"east": {"uv": [151, 237], "uv_size": [11, 22]},
								"south": {"uv": [0, 0], "uv_size": [0, 22]},
								"west": {"uv": [162, 237], "uv_size": [11, 22]},
								"up": {"uv": [0, 0], "uv_size": [0, 11]},
								"down": {"uv": [0, 11], "uv_size": [0, -11]}
							}
						},
						{
							"origin": [-96.2, 145.8, -15.6],
							"size": [2.8, 5.6, 5.6],
							"uv": {
								"north": {"uv": [198, 222], "uv_size": [3, 6]},
								"east": {"uv": [144, 55], "uv_size": [6, 6]},
								"south": {"uv": [174, 223], "uv_size": [3, 6]},
								"west": {"uv": [150, 55], "uv_size": [6, 6]},
								"up": {"uv": [151, 225], "uv_size": [3, 6]},
								"down": {"uv": [198, 234], "uv_size": [3, -6]}
							}
						}
					]
				},
				{
					"name": "bone14",
					"parent": "bone2",
					"pivot": [-17.08, 196.6, -159.8],
					"rotation": [60, 0, 0],
					"cubes": [
						{
							"origin": [-96.2, 39.69427, -133.46922],
							"size": [0, 22.4, 11.2],
							"uv": {
								"north": {"uv": [0, 0], "uv_size": [0, 22]},
								"east": {"uv": [74, 238], "uv_size": [11, 22]},
								"south": {"uv": [0, 0], "uv_size": [0, 22]},
								"west": {"uv": [85, 238], "uv_size": [11, 22]},
								"up": {"uv": [0, 0], "uv_size": [0, 11]},
								"down": {"uv": [0, 11], "uv_size": [0, -11]}
							}
						},
						{
							"origin": [-96.2, 42.49427, -130.66922],
							"size": [2.8, 5.6, 5.6],
							"uv": {
								"north": {"uv": [174, 229], "uv_size": [3, 6]},
								"east": {"uv": [156, 55], "uv_size": [6, 6]},
								"south": {"uv": [151, 231], "uv_size": [3, 6]},
								"west": {"uv": [162, 55], "uv_size": [6, 6]},
								"up": {"uv": [234, 152], "uv_size": [3, 6]},
								"down": {"uv": [220, 241], "uv_size": [3, -6]}
							}
						}
					]
				},
				{
					"name": "bone5",
					"parent": "bone2",
					"pivot": [-5.6, 201.122, -146.5184],
					"cubes": [
						{
							"origin": [-86.4, 165.722, -44.3184],
							"size": [5.6, 1.12, 14],
							"pivot": [-83.6, -2.278, -66.7184],
							"rotation": [-15, 0, 0],
							"uv": {
								"north": {"uv": [126, 61], "uv_size": [6, 1]},
								"east": {"uv": [98, 61], "uv_size": [14, 1]},
								"south": {"uv": [132, 61], "uv_size": [6, 1]},
								"west": {"uv": [112, 61], "uv_size": [14, 1]},
								"up": {"uv": [96, 238], "uv_size": [6, 14]},
								"down": {"uv": [136, 259], "uv_size": [6, -14]}
							}
						},
						{
							"origin": [-83.6, 166.842, -35.9184],
							"size": [0, 2.8, 5.6],
							"pivot": [-83.6, -2.278, -66.7184],
							"rotation": [-15, 0, 0],
							"uv": {
								"north": {"uv": [0, 0], "uv_size": [0, 3]},
								"east": {"uv": [162, 146], "uv_size": [6, 3]},
								"south": {"uv": [0, 0], "uv_size": [0, 3]},
								"west": {"uv": [168, 146], "uv_size": [6, 3]},
								"up": {"uv": [0, 0], "uv_size": [0, 6]},
								"down": {"uv": [0, 6], "uv_size": [0, -6]}
							}
						}
					]
				},
				{
					"name": "head",
					"parent": "body",
					"pivot": [0, 24, 0]
				},
				{
					"name": "leftLeg",
					"parent": "waist",
					"pivot": [1.9, 12, 0]
				},
				{
					"name": "leftPants",
					"parent": "leftLeg",
					"pivot": [1.9, 12, 0]
				}
			]
		}
	]
}