{
  "format_version": "1.8.0",
  "minecraft:attachable": {
    "description": {
      "identifier": "id:v6b3",
      "materials": {
        "default": "skeleton",
        "enchanted": "armor_enchanted"
      },
      "textures": {
        "default": "v6b3",
        "enchanted": "textures/misc/enchanted_item_glint"
      },
      "geometry": {
        "default": "geometry.vest6b3"
      },
      "scripts": {
        "parent_setup": "variable.chestplate_layer_visible = 0.0;"
      },
      "render_controllers": [ "controller.render.armor" ]
    }
  }
}
