{
  "format_version": "1.8.0",
  "minecraft:attachable": {
    "description": {
      "identifier": "addon:afganka",
      "materials": {
        "default": "skeleton",
        "enchanted": "armor_enchanted"
      },
      "textures": {
        "default": "textures/models/afganka",
        "enchanted": "textures/misc/enchanted_item_glint"
      },
      "geometry": {
        "default": "geometry.player.afganka"
      },
      "scripts": {
        "parent_setup": "variable.chestplate_layer_visible = 0.0;"
      },
      "render_controllers": [ "controller.render.armor" ]
    }
  }
}
