{
  "format_version": "1.10.0",
  "minecraft:attachable": {
    "description": {
      "identifier": "id:poyas_a.player",
      "item": { "addon:poyas_a": "query.owner_identifier == 'minecraft:player'" },
      "materials": {
        "default": "skeleton",
        "enchanted": "armor_enchanted"
      },
      "textures": {
        "default": "textures/models/poyas_a",
        "enchanted": "textures/misc/enchanted_item_glint"
      },
      "geometry": {
        "default": "geometry.player.poyas_a"
      },
      "scripts": {
        "parent_setup": "variable.chestplate_layer_visible = 0.0;"
      },
      "render_controllers": [ "controller.render.armor" ]
    }
  }
}
