{
    "format_version": "1.8.0",
    "animations": {
        "animation.rpg7vreload": {
            "loop":"hold_on_last_frame",
            "animation_length":3.1251,
            "timeline": {
                  "0.0": [ "/camerashake add @s 0.01 4.3583 rotational", "/execute @s[hasitem={item=addon:rpg7v_nspur2,location=slot.weapon.mainhand}] ~~~ replaceitem entity @s slot.weapon.mainhand 0 addon:rpg7v_nspu_reload", "/execute @s[hasitem={item=addon:rpg7v_pgo7vr2,location=slot.weapon.mainhand}] ~~~ replaceitem entity @s slot.weapon.mainhand 0 addon:rpg7v_pgo7v_reload", "/execute @s[hasitem={item=addon:rpg7vr2,location=slot.weapon.mainhand}] ~~~ replaceitem entity @s slot.weapon.mainhand 0 addon:rpg7v_reload"],
                  "1": [ "/clear @s addon:pg7vl 0 1"],
                  "3.125": ["/replaceitem entity @s[hasitem={item=addon:rpg7v_nspu_reload,location=slot.weapon.mainhand}] slot.weapon.mainhand 0 addon:rpg7v_nspu", "/replaceitem entity @s[hasitem={item=addon:rpg7v_pgo7v_reload,location=slot.weapon.mainhand}] slot.weapon.mainhand 0 addon:rpg7v_pgo7v", "/replaceitem entity @s[hasitem={item=addon:rpg7v_reload,location=slot.weapon.mainhand}] slot.weapon.mainhand 0 addon:rpg7v","/clear @s addon:rpg7v_reload", "/clear @s addon:rpg7v_pgo7v_reload", "/clear @s addon:rpg7v_nspu_reload" ]
            }
        }
    }
}