{
  "format_version":"1.8.0",
  "render_controllers": {
    "controller.render.bmp2d_gusla_move": {
       "geometry": "Geometry.gusla",
       "materials": [ { "*": "Material.flash" } ],
       "textures": [ "Texture.gusla" ],
       "is_hurt_color": {},
       "on_fire_color": {},
       "uv_anim": {
         "offset": [
           0.0,
           "math.mod(math.floor(query.life_time * 10),2) / 2"
         ],
         "scale": [
           1.0,
           "1 / 2"
         ]
       }
      },
	"controller.render.bmp2d": {
      "textures": [
	"query.get_name == 'red' ? Texture.red : ( query.get_name == 'blue' ? Texture.blue : ( (texture.default)))"
	  ],
      "geometry": "Geometry.default",
      "materials": [
        { "*": "Material.default" }
      ],
      "is_hurt_color": {},
      "on_fire_color": {}
    },
    "controller.render.bmp2d_gusla": {
        "textures": [
    "texture.gusla_2"
      ],
        "geometry": "Geometry.gusla",
        "materials": [
          { "*": "Material.default" }
        ],
        "is_hurt_color": {},
        "on_fire_color": {}
      }
  }
}
