{
    "format_version": "1.8.0",
    "animations": {
        "animation.aks74ufire": {
            "loop":"hold_on_last_frame",
            "animation_length": 0.05,
            "timeline": {
                  "0.0": [ "/camerashake add @s 0.01 0.05 rotational", "@s 5.45x39_aks74u_bullet", "/playanimation @s animation.akms_fire", "/function aks74u", "/playanimation @s animation.akms_fire", "/execute @s[hasitem={item=addon:aks74u_gp25,location=slot.weapon.mainhand}] ~~~ playsound addon.aks74u @a[r=200]", "/playanimation @s animation.akms_fire", "/execute @s[hasitem={item=addon:aks74u,location=slot.weapon.mainhand}] ~~~ playsound addon.aks74u @a[r=200]", "/execute @s[hasitem={item=addon:aks74u_pbs,location=slot.weapon.mainhand}] ~~~ playsound addon.aks74u_pbs1 @a[r=50]", "/function aks74u_hold" ]
            }
        }
    }
}