{
    "format_version": "1.8.0",
    "animations": {
        "animation.aks74ureload": {
            "loop":"hold_on_last_frame",
            "animation_length": 3.7,
            "timeline": {
                  "0.0": [ "/camerashake add @s 0.01 4.3583 rotational", "/execute @s[hasitem={item=addon:aks74u_gp25r2,location=slot.weapon.mainhand}] ~~~ replaceitem entity @s slot.weapon.mainhand 0 addon:aks74u_gp25_reload", "/execute @s[hasitem={item=addon:aks74u_pbsr2,location=slot.weapon.mainhand}] ~~~ replaceitem entity @s slot.weapon.mainhand 0 addon:aks74u_pbs_reload", "/execute @s[hasitem={item=addon:aks74ur2,location=slot.weapon.mainhand}] ~~~ replaceitem entity @s slot.weapon.mainhand 0 addon:aks74u_reload"],
                  "1": [ "/clear @s addon:ak74_mag 0 1", "/give @s addon:ak74_mag_empty"],
                  "3.66667": [  "/replaceitem entity @s[hasitem={item=addon:aks74u_gp25_reload,location=slot.weapon.mainhand}] slot.weapon.mainhand 0 addon:aks74u_gp25", "/replaceitem entity @s[hasitem={item=addon:aks74u_reload,location=slot.weapon.mainhand}] slot.weapon.mainhand 0 addon:aks74u", "/replaceitem entity @s[hasitem={item=addon:aks74u_pbs_reload,location=slot.weapon.mainhand}] slot.weapon.mainhand 0 addon:aks74u_pbs", "/clear @s addon:aks74u_reload", "/clear @s addon:aks74u_pbs_reload", "/clear @s addon:aks74u_gp25_reload" ]
            }
        }
    }
}