{
  "addon.krishka": {
    "category": "neutral",
    "sounds": [
      "sounds/reload/krishka"
	   ]
  },
  "addon.krishka2": {
    "category": "neutral",
    "sounds": [
      "sounds/reload/krishka2"
	   ]
  },
  "addon.zhgut": {
    "category": "neutral",
    "sounds": [
      "sounds/reload/zhgut"
	   ]
  },
  "addon.zhgut2": {
    "category": "neutral",
    "sounds": [
      "sounds/reload/zhgut2"
	   ]
  },
  "addon.30mm": {
    "category": "neutral",
    "sounds": [
      "sounds/vehicle/30mm"
	   ]
  },
  "addon.bmp_drive": {
    "category": "neutral",
    "sounds": [
      "sounds/vehicle/bmp_drive"
	   ]
  },
  "addon.rpg7": {
    "category": "neutral",
    "sounds": [
      "sounds/guns/rpg7"
	   ]
  },
  "addon.rpg7_1": {
    "category": "neutral",
    "sounds": [
      "sounds/guns/reload/rpg7_1"
	   ]
  },
  "addon.rpg7_2": {
    "category": "neutral",
    "sounds": [
      "sounds/guns/reload/rpg7_2"
	   ]
  },
  "addon.tozgilza": {
    "category": "neutral",
    "sounds": [
      "sounds/guns/reload/tozgilza"
	    ]
  },
  "addon.toz": {
    "category": "neutral",
    "sounds": [
      "sounds/guns/toz"
	   ]
  },
  "addon.tozopen": {
    "category": "neutral",
    "sounds": [
      "sounds/guns/reload/tozopen"
	    ]
  },
  "addon.tozclose": {
    "category": "neutral",
    "sounds": [
      "sounds/guns/reload/tozclose"
	    ]
  },
  "addon.pkm": {
    "category": "neutral",
    "sounds": [
      "sounds/guns/pkm"
	   ]
  },
  "addon.aps": {
    "category": "neutral",
    "sounds": [
      "sounds/guns/aps"
	   ]
  },
  "addon.pm": {
    "category": "neutral",
    "sounds": [
      "sounds/guns/pm"
	   ]
  },
  "addon.aks74u": {
    "category": "neutral",
    "sounds": [
      "sounds/guns/aks74u"
	   ]
  },
  "addon.ak74": {
    "category": "neutral",
    "sounds": [
      "sounds/guns/ak74"
	   ]
  },
  "addon.akm": {
    "category": "neutral",
    "sounds": [
      "sounds/guns/akm"
	   ]
  },
  "addon.svd": {
    "category": "neutral",
    "sounds": [
      "sounds/guns/svd"
	   ]
  },
  "addon.aks74u_pbs1": {
    "category": "neutral",
    "sounds": [
      "sounds/guns/aks74u_pbs"
	   ]
  },
  "addon.akm_pbs1": {
    "category": "neutral",
    "sounds": [
      "sounds/guns/akm_pbs"
	   ]
  },
  "addon.gp": {
    "category": "neutral",
    "sounds": [
      "sounds/guns/gp25"
	   ]
  },
  "addon.pkmvihod": {
    "category": "neutral",
    "sounds": [
      "sounds/guns/reload/pkmvihod"
      ]
  },
  "addon.pkmvhod": {
    "category": "neutral",
    "sounds": [
      "sounds/guns/reload/pkmvhod"
      ]
  },
  "addon.pkmclose": {
    "category": "neutral",
    "sounds": [
      "sounds/guns/reload/pkmclose"
      ]
  },
  "addon.pkmopen": {
    "category": "neutral",
    "sounds": [
      "sounds/guns/reload/pkmopen"
      ]
  },
  "addon.pkmlenta": {
    "category": "neutral",
    "sounds": [
      "sounds/guns/reload/pkmlenta"
      ]
  },
  "addon.pkmzatvor": {
    "category": "neutral",
    "sounds": [
      "sounds/guns/reload/pkmzatvor"
      ]
  },
  "addon.pmvihod": {
    "category": "neutral",
    "sounds": [
      "sounds/guns/reload/pmvihod"
      ]
  },
  "addon.pmvhod": {
    "category": "neutral",
    "sounds": [
      "sounds/guns/reload/pmvhod"
      ]
  },
  "addon.pmzatvor": {
    "category": "neutral",
    "sounds": [
      "sounds/guns/reload/pmzatvor"
      ]
  },
  "addon.akvihod": {
    "category": "neutral",
    "sounds": [
      "sounds/guns/reload/akvihod"
      ]
  },
  "addon.akvhod": {
    "category": "neutral",
    "sounds": [
      "sounds/guns/reload/akvhod"
      ]
  },
  "addon.akzatvor": {
    "category": "neutral",
    "sounds": [
      "sounds/guns/reload/akzatvor"
      ]
  },
  "addon.svdvihod": {
    "category": "neutral",
    "sounds": [
      "sounds/guns/reload/svdvihod"
      ]
  },
  "addon.svdvhod": {
    "category": "neutral",
    "sounds": [
      "sounds/guns/reload/svdvhod"
      ]
  },
  "addon.svdzatvor": {
    "category": "neutral",
    "sounds": [
      "sounds/guns/reload/svdzatvor"
      ]
  },
  "addon.mag": {
    "category": "neutral",
    "sounds": [
      "sounds/guns/reload/mag"
      ]
  },
  "addon.patron": {
    "category": "neutral",
    "sounds": [
      "sounds/reload/patron"
	   ]
  }
}