{
  "format_version": "1.8.0",
  "minecraft:attachable": {
    "description": {
      "identifier": "id:ssh68",
      "materials": {
        "default": "slime_outer",
        "enchanted": "armor_enchanted"
      },
      "textures": {
        "default": "textures/models/ssh68",
        "enchanted": "textures/misc/enchanted_item_glint"
      },
      "geometry": {
        "default": "geometry.player.ssh68"
      },
      "scripts": {
        "parent_setup": "variable.helmet_layer_visible = 0.0;"
      },
      "render_controllers": [ "controller.render.armor" ]
    }
  }
}
